# Blender 4.2.23 LTS
# www.blender.org
mtllib star_eater.mtl
o star_eater_01_core_g_body_g_body
v -0.090347 2.269368 -7.911449
v -0.000038 2.269368 -7.911449
v -0.090222 2.663198 -8.423855
v -0.000038 2.663198 -8.423855
v -0.090222 2.663198 -8.423855
v -0.324873 2.840594 -8.314899
v -0.090347 2.269368 -7.911449
v -0.324898 2.412524 -7.760579
v -0.275742 1.890631 -7.360284
v -0.089931 1.813064 -7.513243
v -0.859393 0.258607 -6.907362
v -1.890137 0.270209 -7.368834
v -1.166275 0.094448 -7.153327
v -2.256473 0.325056 -7.596911
v -2.409992 0.094923 -8.059474
v -1.790634 0.094763 -7.527958
v -2.768390 0.094927 -8.625722
v -2.952564 0.324966 -8.530231
v -2.569000 0.324855 -7.924821
v -3.017757 0.094933 -9.268777
v -3.218182 0.325094 -9.216063
v -3.313915 0.325156 -9.962806
v -3.107716 0.094938 -9.969362
v -3.056392 0.094939 -10.676781
v -3.259340 0.325113 -10.716778
v -3.022076 0.324984 -11.418071
v -2.833542 0.094939 -11.334410
v -2.496423 0.094938 -11.920113
v -2.662718 0.324863 -12.043032
v -2.190048 0.094952 -12.275309
v -2.323677 0.324853 -12.433420
v -0.325107 3.317038 -10.237928
v -0.325104 3.309654 -9.709438
v -0.090236 3.118753 -10.064525
v -0.090228 2.945259 -9.047533
v -0.090234 3.090747 -9.675967
v -0.325002 3.141136 -8.980233
v -0.090239 1.298294 -7.228198
v -0.264470 0.846876 -6.912920
v -0.092755 0.792509 -7.032797
v -1.890137 0.270209 -7.368834
v -0.859393 0.258607 -6.907362
v -1.581305 0.596668 -7.260072
v -0.763101 0.438911 -6.909984
v -1.093861 1.095759 -7.181955
v -0.443320 0.754230 -6.913915
v -0.600943 1.583906 -7.254279
v -0.264470 0.846876 -6.912920
v -0.275742 1.890631 -7.360284
v -0.600943 1.583906 -7.254279
v -0.634669 1.629189 -7.214174
v -1.093861 1.095759 -7.181955
v -1.133913 1.136528 -7.137745
v -2.768390 0.000001 -8.625723
v -2.768390 0.094927 -8.625722
v -3.017758 0.000001 -9.268778
v -3.017757 0.094933 -9.268777
v -0.090228 2.945259 -9.047533
v -0.000038 2.945259 -9.047533
v -2.833542 0.000001 -11.334410
v -2.833542 0.094939 -11.334410
v -2.496423 0.000001 -11.920113
v -2.496423 0.094938 -11.920113
v -3.056392 0.000001 -10.676781
v -3.056392 0.094939 -10.676781
v -0.000038 0.792509 -7.032797
v -0.092755 0.792509 -7.032797
v -0.000038 0.714569 -7.100806
v -0.113216 0.714569 -7.100806
v -0.264470 0.846876 -6.912920
v -0.644661 0.328451 -7.100806
v -0.511613 0.511576 -7.100806
v -0.763101 0.438911 -6.909984
v -0.623114 0.615124 -6.914854
v -0.328491 0.644622 -7.100806
v -0.443320 0.754230 -6.913915
v -0.714609 0.113177 -7.100806
v -0.797812 0.098297 -7.023735
v -0.714609 0.000001 -7.100806
v -0.797812 0.000001 -7.023735
v -0.326639 1.922405 -7.311594
v -1.890137 0.270209 -7.368834
v -1.581305 0.596668 -7.260072
v -1.921898 0.325790 -7.312810
v -1.626582 0.637082 -7.213892
v -0.275742 1.890631 -7.360284
v -0.326639 1.922405 -7.311594
v -1.921898 0.325790 -7.312810
v -0.000038 1.813064 -7.513243
v -0.089931 1.813064 -7.513243
v -0.000038 1.298294 -7.228198
v -0.090239 1.298294 -7.228198
v -1.790634 0.094763 -7.527958
v -2.409992 0.094923 -8.059474
v -1.790634 0.000001 -7.527958
v -2.409992 0.000001 -8.059473
v -0.000038 3.090747 -9.675967
v -0.090234 3.090747 -9.675967
v -2.190048 0.094952 -12.275309
v -2.190048 0.000001 -12.275310
v -1.166275 0.094448 -7.153327
v -1.166275 0.000001 -7.153327
v -3.107716 0.094938 -9.969362
v -3.107716 0.000001 -9.969362
v -0.859393 0.258607 -6.907362
v -0.797812 0.098297 -7.023735
v -0.000038 3.340822 -10.249440
v -0.325107 3.317038 -10.237928
v -0.090236 3.118753 -10.064525
v -2.323677 0.324853 -12.433420
v -2.342351 0.000001 -12.444303
v -2.190048 0.094952 -12.275309
v -2.190048 0.000001 -12.275310
v -0.000038 3.118753 -10.064525
v -0.000038 3.118753 -10.064525
v -0.090236 3.118753 -10.064525
v -0.000038 0.792509 -7.032797
v -0.092755 0.792509 -7.032797
v -0.000038 0.714569 -7.100806
v -0.714609 0.000001 -7.100806
v -0.000038 0.000001 -7.100806
v -0.797812 0.000001 -7.023735
v -0.797812 0.098297 -7.023735
v -0.714609 0.113177 -7.100806
v -0.113216 0.714569 -7.100806
v -0.644661 0.328451 -7.100806
v -0.328491 0.644622 -7.100806
v -0.511613 0.511576 -7.100806
v -0.918376 3.232357 -10.053497
v -0.325107 3.317038 -10.237928
v -1.198141 2.962515 -10.924001
v -1.742284 2.818579 -10.055221
v -2.052437 2.459853 -10.933500
v -2.448044 2.237788 -10.057505
v -1.469046 2.457555 -11.731838
v -0.547015 2.863997 -11.736570
v -0.759778 2.237711 -12.386249
v -2.720474 1.672619 -10.915389
v -2.954468 1.477218 -10.059677
v -2.283492 1.744393 -11.712622
v -1.664862 1.678833 -12.382006
v -0.920604 1.490268 -12.847010
v -0.000038 2.943640 -11.600739
v -0.000038 2.446187 -12.329922
v -0.000038 1.676270 -12.926038
v -0.763448 2.258153 -7.726412
v -0.634669 1.629189 -7.214174
v -0.326639 1.922405 -7.311594
v -0.325104 3.309654 -9.709438
v -0.325002 3.141136 -8.980233
v -1.200632 2.968734 -9.184061
v -0.541231 2.833669 -8.395288
v -1.475444 2.468427 -8.380082
v -2.055798 2.463928 -9.180130
v -1.679440 1.694003 -7.732973
v -2.296715 1.754623 -8.405193
v -2.727805 1.677173 -9.203403
v -3.200714 0.775306 -10.593680
v -3.202580 0.775792 -9.529107
v -3.313915 0.325156 -9.962806
v -3.218182 0.325094 -9.216063
v -3.259340 0.325113 -10.716778
v -0.479890 0.778101 -13.213783
v -1.501591 0.776740 -12.891330
v -1.040448 0.000000 -13.191043
v -1.978979 0.000001 -12.755315
v -2.323677 0.324853 -12.433420
v -2.864899 0.849100 -11.522319
v -2.272423 0.845616 -12.313923
v -2.662718 0.324863 -12.043032
v -3.022076 0.324984 -11.418071
v -2.876500 0.852682 -8.602769
v -2.952564 0.324966 -8.530231
v -2.569000 0.324855 -7.924821
v -2.307295 0.858959 -7.794130
v -2.256473 0.325056 -7.596911
v -1.921898 0.325790 -7.312810
v -1.626582 0.637082 -7.213892
v -1.133913 1.136528 -7.137745
v -0.324873 2.840594 -8.314899
v -0.324898 2.412524 -7.760579
v -0.000038 0.813967 -13.258855
v -0.000038 0.000000 -13.389809
v -0.000038 3.340822 -10.249440
v -0.000038 3.238684 -10.835783
v -2.342351 0.000001 -12.444303
v -0.623114 0.615124 -6.914854
v 0.090271 2.269368 -7.911449
v 0.090146 2.663198 -8.423855
v -0.000038 2.269368 -7.911449
v -0.000038 2.663198 -8.423855
v 0.090146 2.663198 -8.423855
v 0.090271 2.269368 -7.911449
v 0.324797 2.840594 -8.314899
v 0.324821 2.412524 -7.760579
v 0.089854 1.813064 -7.513243
v 0.275665 1.890631 -7.360284
v 0.859317 0.258607 -6.907362
v 1.166199 0.094448 -7.153327
v 1.890060 0.270209 -7.368834
v 2.256397 0.325056 -7.596911
v 1.790558 0.094763 -7.527958
v 2.409915 0.094923 -8.059474
v 2.768314 0.094927 -8.625722
v 2.952487 0.324966 -8.530231
v 2.568924 0.324855 -7.924821
v 3.017680 0.094933 -9.268777
v 3.218106 0.325094 -9.216063
v 3.107640 0.094938 -9.969362
v 3.313838 0.325156 -9.962806
v 3.056316 0.094939 -10.676781
v 3.259264 0.325113 -10.716778
v 2.833466 0.094939 -11.334410
v 3.022000 0.324984 -11.418071
v 2.496347 0.094938 -11.920113
v 2.662642 0.324863 -12.043032
v 2.323601 0.324853 -12.433420
v 2.189972 0.094952 -12.275309
v 0.325031 3.317038 -10.237928
v 0.090160 3.118753 -10.064525
v 0.325027 3.309654 -9.709438
v 0.090152 2.945259 -9.047533
v 0.324925 3.141136 -8.980233
v 0.090158 3.090747 -9.675967
v 0.090163 1.298294 -7.228198
v 0.092679 0.792509 -7.032797
v 0.264394 0.846876 -6.912920
v 1.890060 0.270209 -7.368834
v 1.581229 0.596668 -7.260072
v 0.859317 0.258607 -6.907362
v 0.763025 0.438911 -6.909984
v 1.093785 1.095759 -7.181955
v 0.600867 1.583906 -7.254279
v 0.443243 0.754230 -6.913915
v 0.264394 0.846876 -6.912920
v 0.275665 1.890631 -7.360284
v 0.600867 1.583906 -7.254279
v 1.093785 1.095759 -7.181955
v 0.634593 1.629189 -7.214174
v 1.133836 1.136528 -7.137745
v 2.768314 0.000001 -8.625723
v 3.017682 0.000001 -9.268778
v 2.768314 0.094927 -8.625722
v 3.017680 0.094933 -9.268777
v 0.090152 2.945259 -9.047533
v -0.000038 2.945259 -9.047533
v 2.833466 0.000001 -11.334410
v 2.496347 0.000001 -11.920113
v 2.833466 0.094939 -11.334410
v 2.496347 0.094938 -11.920113
v 3.056316 0.000001 -10.676781
v 3.056316 0.094939 -10.676781
v 0.113139 0.714569 -7.100806
v 0.092679 0.792509 -7.032797
v -0.000038 0.714569 -7.100806
v -0.000038 0.792509 -7.032797
v 0.264394 0.846876 -6.912920
v 0.644585 0.328451 -7.100806
v 0.763025 0.438911 -6.909984
v 0.511537 0.511576 -7.100806
v 0.623038 0.615124 -6.914854
v 0.443243 0.754230 -6.913915
v 0.328415 0.644622 -7.100806
v 0.797736 0.000001 -7.023735
v 0.797736 0.098297 -7.023735
v 0.714532 0.000001 -7.100806
v 0.714532 0.113177 -7.100806
v 0.326562 1.922405 -7.311594
v 1.626506 0.637082 -7.213892
v 1.581229 0.596668 -7.260072
v 1.921822 0.325790 -7.312810
v 1.890060 0.270209 -7.368834
v 0.275665 1.890631 -7.360284
v 0.326562 1.922405 -7.311594
v 1.921822 0.325790 -7.312810
v -0.000038 1.813064 -7.513243
v 0.089854 1.813064 -7.513243
v -0.000038 1.298294 -7.228198
v 0.090163 1.298294 -7.228198
v 1.790558 0.094763 -7.527958
v 1.790558 0.000001 -7.527958
v 2.409915 0.094923 -8.059474
v 2.409915 0.000001 -8.059473
v -0.000038 3.090747 -9.675967
v 0.090158 3.090747 -9.675967
v 2.189972 0.094952 -12.275309
v 2.189972 0.000001 -12.275310
v 1.166199 0.094448 -7.153327
v 1.166199 0.000001 -7.153327
v 3.107640 0.094938 -9.969362
v 3.107640 0.000001 -9.969362
v 0.859317 0.258607 -6.907362
v 0.797736 0.098297 -7.023735
v -0.000038 3.340822 -10.249440
v 0.090160 3.118753 -10.064525
v 0.325031 3.317038 -10.237928
v 2.189972 0.000001 -12.275310
v 2.342274 0.000001 -12.444303
v 2.189972 0.094952 -12.275309
v 2.323601 0.324853 -12.433420
v -0.000038 3.118753 -10.064525
v -0.000038 3.118753 -10.064525
v 0.090160 3.118753 -10.064525
v -0.000038 0.792509 -7.032797
v 0.092679 0.792509 -7.032797
v -0.000038 0.714569 -7.100806
v -0.000038 0.000001 -7.100806
v 0.714532 0.000001 -7.100806
v 0.797736 0.000001 -7.023735
v 0.797736 0.098297 -7.023735
v 0.714532 0.113177 -7.100806
v 0.113139 0.714569 -7.100806
v 0.644585 0.328451 -7.100806
v 0.328415 0.644622 -7.100806
v 0.511537 0.511576 -7.100806
v 0.918300 3.232357 -10.053497
v 1.198065 2.962515 -10.924001
v 0.325031 3.317038 -10.237928
v 1.742207 2.818579 -10.055221
v 2.447968 2.237788 -10.057505
v 2.052361 2.459853 -10.933500
v 1.468970 2.457555 -11.731838
v 0.546939 2.863997 -11.736570
v 0.759702 2.237711 -12.386249
v 2.954391 1.477218 -10.059677
v 2.720398 1.672619 -10.915389
v 2.283415 1.744393 -11.712622
v 1.664786 1.678833 -12.382006
v 0.920528 1.490268 -12.847010
v -0.000038 2.446187 -12.329922
v -0.000038 2.943640 -11.600739
v -0.000038 1.676270 -12.926038
v 0.763371 2.258153 -7.726412
v 0.326562 1.922405 -7.311594
v 0.634593 1.629189 -7.214174
v 0.325027 3.309654 -9.709438
v 0.324925 3.141136 -8.980233
v 0.541155 2.833669 -8.395288
v 1.200555 2.968734 -9.184061
v 1.475368 2.468427 -8.380082
v 2.055722 2.463928 -9.180130
v 1.679364 1.694003 -7.732973
v 2.296638 1.754623 -8.405193
v 2.727728 1.677173 -9.203403
v 3.202504 0.775792 -9.529107
v 3.200638 0.775306 -10.593680
v 3.218106 0.325094 -9.216063
v 3.313838 0.325156 -9.962806
v 3.259264 0.325113 -10.716778
v 1.501515 0.776740 -12.891330
v 0.479814 0.778101 -13.213783
v 1.978903 0.000001 -12.755315
v 1.040372 0.000000 -13.191043
v 2.323601 0.324853 -12.433420
v 2.864822 0.849100 -11.522319
v 2.662642 0.324863 -12.043032
v 2.272346 0.845616 -12.313923
v 3.022000 0.324984 -11.418071
v 2.876424 0.852682 -8.602769
v 2.952487 0.324966 -8.530231
v 2.568924 0.324855 -7.924821
v 2.307219 0.858959 -7.794130
v 2.256397 0.325056 -7.596911
v 1.921822 0.325790 -7.312810
v 1.626506 0.637082 -7.213892
v 1.133836 1.136528 -7.137745
v 0.324797 2.840594 -8.314899
v 0.324821 2.412524 -7.760579
v -0.000038 0.813967 -13.258855
v -0.000038 0.000000 -13.389809
v -0.000038 3.340822 -10.249440
v -0.000038 3.238684 -10.835783
v 2.342274 0.000001 -12.444303
v 0.623038 0.615124 -6.914854
v -0.090347 -2.269366 -7.911449
v -0.090222 -2.663197 -8.423855
v -0.000038 -2.269366 -7.911449
v -0.000038 -2.663197 -8.423855
v -0.090222 -2.663197 -8.423855
v -0.090347 -2.269366 -7.911449
v -0.324873 -2.840593 -8.314900
v -0.324898 -2.412523 -7.760579
v -0.089931 -1.813063 -7.513243
v -0.275742 -1.890630 -7.360284
v -0.859393 -0.258606 -6.907363
v -1.166275 -0.094446 -7.153327
v -1.890137 -0.270208 -7.368833
v -2.256473 -0.325056 -7.596911
v -1.790634 -0.094761 -7.527958
v -2.409992 -0.094922 -8.059474
v -2.768390 -0.094926 -8.625723
v -2.952564 -0.324965 -8.530231
v -2.569000 -0.324854 -7.924820
v -3.017757 -0.094932 -9.268777
v -3.218182 -0.325092 -9.216063
v -3.107716 -0.094936 -9.969362
v -3.313915 -0.325155 -9.962806
v -3.056392 -0.094938 -10.676781
v -3.259340 -0.325112 -10.716778
v -2.833542 -0.094938 -11.334410
v -3.022076 -0.324983 -11.418071
v -2.496423 -0.094938 -11.920113
v -2.662718 -0.324862 -12.043032
v -2.323677 -0.324851 -12.433420
v -2.190048 -0.094951 -12.275310
v -0.325107 -3.317037 -10.237929
v -0.090236 -3.118752 -10.064525
v -0.325104 -3.309652 -9.709439
v -0.090228 -2.945257 -9.047533
v -0.325002 -3.141134 -8.980234
v -0.090234 -3.090746 -9.675967
v -0.090239 -1.298292 -7.228198
v -0.092755 -0.792508 -7.032797
v -0.264470 -0.846874 -6.912920
v -1.890137 -0.270208 -7.368833
v -1.581305 -0.596666 -7.260072
v -0.859393 -0.258606 -6.907363
v -0.763101 -0.438910 -6.909983
v -1.093861 -1.095758 -7.181956
v -0.600943 -1.583905 -7.254280
v -0.443320 -0.754229 -6.913915
v -0.264470 -0.846874 -6.912920
v -0.275742 -1.890630 -7.360284
v -0.600943 -1.583905 -7.254280
v -1.093861 -1.095758 -7.181956
v -0.634669 -1.629188 -7.214174
v -1.133913 -1.136526 -7.137746
v -2.768390 0.000001 -8.625723
v -3.017758 0.000001 -9.268778
v -2.768390 -0.094926 -8.625723
v -3.017757 -0.094932 -9.268777
v -0.090228 -2.945257 -9.047533
v -0.000038 -2.945257 -9.047533
v -2.833542 0.000001 -11.334410
v -2.496423 0.000001 -11.920113
v -2.833542 -0.094938 -11.334410
v -2.496423 -0.094938 -11.920113
v -3.056392 0.000001 -10.676781
v -3.056392 -0.094938 -10.676781
v -0.113216 -0.714567 -7.100807
v -0.092755 -0.792508 -7.032797
v -0.000038 -0.714567 -7.100807
v -0.000038 -0.792508 -7.032797
v -0.264470 -0.846874 -6.912920
v -0.644661 -0.328451 -7.100806
v -0.763101 -0.438910 -6.909983
v -0.511613 -0.511574 -7.100806
v -0.623114 -0.615122 -6.914853
v -0.443320 -0.754229 -6.913915
v -0.328491 -0.644621 -7.100806
v -0.797812 0.000001 -7.023735
v -0.797812 -0.098295 -7.023736
v -0.714609 0.000001 -7.100806
v -0.714609 -0.113176 -7.100807
v -0.326639 -1.922403 -7.311595
v -1.626582 -0.637080 -7.213892
v -1.581305 -0.596666 -7.260072
v -1.921898 -0.325788 -7.312811
v -1.890137 -0.270208 -7.368833
v -0.275742 -1.890630 -7.360284
v -0.326639 -1.922403 -7.311595
v -1.921898 -0.325788 -7.312811
v -0.000038 -1.813063 -7.513243
v -0.089931 -1.813063 -7.513243
v -0.000038 -1.298292 -7.228198
v -0.090239 -1.298292 -7.228198
v -1.790634 -0.094761 -7.527958
v -1.790634 0.000001 -7.527958
v -2.409992 -0.094922 -8.059474
v -2.409992 0.000001 -8.059473
v -0.000038 -3.090746 -9.675967
v -0.090234 -3.090746 -9.675967
v -2.190048 -0.094951 -12.275310
v -2.190048 0.000001 -12.275310
v -1.166275 -0.094446 -7.153327
v -1.166275 0.000001 -7.153327
v -3.107716 -0.094936 -9.969362
v -3.107716 0.000001 -9.969362
v -0.859393 -0.258606 -6.907363
v -0.797812 -0.098295 -7.023736
v -0.000038 -3.340820 -10.249440
v -0.090236 -3.118752 -10.064525
v -0.325107 -3.317037 -10.237929
v -2.190048 0.000001 -12.275310
v -2.342351 0.000001 -12.444303
v -2.190048 -0.094951 -12.275310
v -2.323677 -0.324851 -12.433420
v -0.000038 -3.118752 -10.064525
v -0.000038 -3.118752 -10.064525
v -0.090236 -3.118752 -10.064525
v -0.000038 -0.792508 -7.032797
v -0.092755 -0.792508 -7.032797
v -0.000038 -0.714567 -7.100807
v -0.000038 0.000001 -7.100806
v -0.714609 0.000001 -7.100806
v -0.797812 0.000001 -7.023735
v -0.797812 -0.098295 -7.023736
v -0.714609 -0.113176 -7.100807
v -0.113216 -0.714567 -7.100807
v -0.644661 -0.328451 -7.100806
v -0.328491 -0.644621 -7.100806
v -0.511613 -0.511574 -7.100806
v -0.918376 -3.232355 -10.053497
v -1.198141 -2.962514 -10.924002
v -0.325107 -3.317037 -10.237929
v -1.742284 -2.818578 -10.055220
v -2.448044 -2.237787 -10.057506
v -2.052437 -2.459851 -10.933500
v -1.469046 -2.457553 -11.731838
v -0.547015 -2.863996 -11.736569
v -0.759778 -2.237710 -12.386249
v -2.954468 -1.477217 -10.059677
v -2.720474 -1.672617 -10.915388
v -2.283492 -1.744391 -11.712623
v -1.664862 -1.678831 -12.382007
v -0.920604 -1.490267 -12.847011
v -0.000038 -2.446186 -12.329921
v -0.000038 -2.943637 -11.600739
v -0.000038 -1.676270 -12.926038
v -0.763448 -2.258151 -7.726412
v -0.326639 -1.922403 -7.311595
v -0.634669 -1.629188 -7.214174
v -0.325104 -3.309652 -9.709439
v -0.325002 -3.141134 -8.980234
v -0.541231 -2.833668 -8.395288
v -1.200632 -2.968733 -9.184061
v -1.475444 -2.468426 -8.380082
v -2.055798 -2.463926 -9.180130
v -1.679440 -1.694002 -7.732973
v -2.296715 -1.754622 -8.405193
v -2.727805 -1.677172 -9.203403
v -3.202580 -0.775791 -9.529108
v -3.200714 -0.775305 -10.593680
v -3.218182 -0.325092 -9.216063
v -3.313915 -0.325155 -9.962806
v -3.259340 -0.325112 -10.716778
v -1.501591 -0.776739 -12.891330
v -0.479890 -0.778099 -13.213783
v -1.978979 0.000001 -12.755315
v -1.040448 0.000000 -13.191043
v -2.323677 -0.324851 -12.433420
v -2.864899 -0.849098 -11.522319
v -2.662718 -0.324862 -12.043032
v -2.272423 -0.845615 -12.313924
v -3.022076 -0.324983 -11.418071
v -2.876500 -0.852680 -8.602768
v -2.952564 -0.324965 -8.530231
v -2.569000 -0.324854 -7.924820
v -2.307295 -0.858957 -7.794130
v -2.256473 -0.325056 -7.596911
v -1.921898 -0.325788 -7.312811
v -1.626582 -0.637080 -7.213892
v -1.133913 -1.136526 -7.137746
v -0.324873 -2.840593 -8.314900
v -0.324898 -2.412523 -7.760579
v -0.000038 -0.813965 -13.258857
v -0.000038 0.000000 -13.389809
v -0.000038 -3.340820 -10.249440
v -0.000038 -3.238682 -10.835783
v -2.342351 0.000001 -12.444303
v -0.623114 -0.615122 -6.914853
v 0.090271 -2.269366 -7.911449
v 0.090146 -2.663197 -8.423855
v 0.090146 -2.663197 -8.423855
v 0.324797 -2.840593 -8.314900
v 0.090271 -2.269366 -7.911449
v 0.324821 -2.412523 -7.760579
v 0.275665 -1.890630 -7.360284
v 0.089854 -1.813063 -7.513243
v 0.859317 -0.258606 -6.907363
v 1.890060 -0.270208 -7.368833
v 1.166199 -0.094446 -7.153327
v 2.256397 -0.325056 -7.596911
v 2.409915 -0.094922 -8.059474
v 1.790558 -0.094761 -7.527958
v 2.768314 -0.094926 -8.625723
v 2.952487 -0.324965 -8.530231
v 2.568924 -0.324854 -7.924820
v 3.017680 -0.094932 -9.268777
v 3.218106 -0.325092 -9.216063
v 3.313838 -0.325155 -9.962806
v 3.107640 -0.094936 -9.969362
v 3.056316 -0.094938 -10.676781
v 3.259264 -0.325112 -10.716778
v 3.022000 -0.324983 -11.418071
v 2.833466 -0.094938 -11.334410
v 2.496347 -0.094938 -11.920113
v 2.662642 -0.324862 -12.043032
v 2.189972 -0.094951 -12.275310
v 2.323601 -0.324851 -12.433420
v 0.325031 -3.317037 -10.237929
v 0.325027 -3.309652 -9.709439
v 0.090160 -3.118752 -10.064525
v 0.090152 -2.945257 -9.047533
v 0.090158 -3.090746 -9.675967
v 0.324925 -3.141134 -8.980234
v 0.090163 -1.298292 -7.228198
v 0.264394 -0.846874 -6.912920
v 0.092679 -0.792508 -7.032797
v 1.890060 -0.270208 -7.368833
v 0.859317 -0.258606 -6.907363
v 1.581229 -0.596666 -7.260072
v 0.763025 -0.438910 -6.909983
v 1.093785 -1.095758 -7.181956
v 0.443243 -0.754229 -6.913915
v 0.600867 -1.583905 -7.254280
v 0.264394 -0.846874 -6.912920
v 0.275665 -1.890630 -7.360284
v 0.600867 -1.583905 -7.254280
v 0.634593 -1.629188 -7.214174
v 1.093785 -1.095758 -7.181956
v 1.133836 -1.136526 -7.137746
v 2.768314 -0.094926 -8.625723
v 3.017680 -0.094932 -9.268777
v 0.090152 -2.945257 -9.047533
v 2.833466 -0.094938 -11.334410
v 2.496347 -0.094938 -11.920113
v 3.056316 -0.094938 -10.676781
v -0.000038 -0.792508 -7.032797
v 0.092679 -0.792508 -7.032797
v -0.000038 -0.714567 -7.100807
v 0.113139 -0.714567 -7.100807
v 0.264394 -0.846874 -6.912920
v 0.644585 -0.328451 -7.100806
v 0.511537 -0.511574 -7.100806
v 0.763025 -0.438910 -6.909983
v 0.623038 -0.615122 -6.914853
v 0.328415 -0.644621 -7.100806
v 0.443243 -0.754229 -6.913915
v 0.714532 -0.113176 -7.100807
v 0.797736 -0.098295 -7.023736
v 0.714532 0.000001 -7.100806
v 0.797736 0.000001 -7.023735
v 0.326562 -1.922403 -7.311595
v 1.890060 -0.270208 -7.368833
v 1.581229 -0.596666 -7.260072
v 1.921822 -0.325788 -7.312811
v 1.626506 -0.637080 -7.213892
v 0.275665 -1.890630 -7.360284
v 0.326562 -1.922403 -7.311595
v 1.921822 -0.325788 -7.312811
v 0.089854 -1.813063 -7.513243
v 0.090163 -1.298292 -7.228198
v 1.790558 -0.094761 -7.527958
v 2.409915 -0.094922 -8.059474
v 0.090158 -3.090746 -9.675967
v 2.189972 -0.094951 -12.275310
v 1.166199 -0.094446 -7.153327
v 3.107640 -0.094936 -9.969362
v 0.859317 -0.258606 -6.907363
v 0.797736 -0.098295 -7.023736
v -0.000038 -3.340820 -10.249440
v 0.325031 -3.317037 -10.237929
v 0.090160 -3.118752 -10.064525
v 2.323601 -0.324851 -12.433420
v 2.189972 -0.094951 -12.275310
v -0.000038 -3.118752 -10.064525
v 0.090160 -3.118752 -10.064525
v 0.092679 -0.792508 -7.032797
v -0.000038 -0.714567 -7.100807
v 0.797736 -0.098295 -7.023736
v 0.714532 -0.113176 -7.100807
v 0.113139 -0.714567 -7.100807
v 0.644585 -0.328451 -7.100806
v 0.328415 -0.644621 -7.100806
v 0.511537 -0.511574 -7.100806
v 0.918300 -3.232355 -10.053497
v 0.325031 -3.317037 -10.237929
v 1.198065 -2.962514 -10.924002
v 1.742207 -2.818578 -10.055220
v 2.052361 -2.459851 -10.933500
v 2.447968 -2.237787 -10.057506
v 1.468970 -2.457553 -11.731838
v 0.546939 -2.863996 -11.736569
v 0.759702 -2.237710 -12.386249
v 2.720398 -1.672617 -10.915388
v 2.954391 -1.477217 -10.059677
v 2.283415 -1.744391 -11.712623
v 1.664786 -1.678831 -12.382007
v 0.920528 -1.490267 -12.847011
v 0.763371 -2.258151 -7.726412
v 0.634593 -1.629188 -7.214174
v 0.326562 -1.922403 -7.311595
v 0.325027 -3.309652 -9.709439
v 0.324925 -3.141134 -8.980234
v 1.200555 -2.968733 -9.184061
v 0.541155 -2.833668 -8.395288
v 1.475368 -2.468426 -8.380082
v 2.055722 -2.463926 -9.180130
v 1.679364 -1.694002 -7.732973
v 2.296638 -1.754622 -8.405193
v 2.727728 -1.677172 -9.203403
v 3.200638 -0.775305 -10.593680
v 3.202504 -0.775791 -9.529108
v 3.313838 -0.325155 -9.962806
v 3.218106 -0.325092 -9.216063
v 3.259264 -0.325112 -10.716778
v 0.479814 -0.778099 -13.213783
v 1.501515 -0.776739 -12.891330
v 1.040372 0.000000 -13.191043
v 1.978903 0.000001 -12.755315
v 2.323601 -0.324851 -12.433420
v 2.864822 -0.849098 -11.522319
v 2.272346 -0.845615 -12.313924
v 2.662642 -0.324862 -12.043032
v 3.022000 -0.324983 -11.418071
v 2.876424 -0.852680 -8.602768
v 2.952487 -0.324965 -8.530231
v 2.568924 -0.324854 -7.924820
v 2.307219 -0.858957 -7.794130
v 2.256397 -0.325056 -7.596911
v 1.921822 -0.325788 -7.312811
v 1.626506 -0.637080 -7.213892
v 1.133836 -1.136526 -7.137746
v 0.324797 -2.840593 -8.314900
v 0.324821 -2.412523 -7.760579
v 2.342274 0.000001 -12.444303
v 0.623038 -0.615122 -6.914853
v -17.530485 -0.857273 -18.066353
v -6.147841 -0.857273 -18.064766
v -6.772032 -0.857271 -18.596527
v -5.221615 -3.256681 -18.063576
v -4.579268 -4.090144 -18.063869
v -5.544839 -3.482467 -18.575623
v -4.871295 -4.351510 -18.575661
v -6.294837 -2.633129 -18.597332
v -6.530291 -2.721797 -19.154274
v -6.640990 -1.630802 -18.597275
v -6.896198 -1.698423 -19.154274
v -19.169329 -0.857275 -19.154274
v -19.169329 -0.857276 -6.389233
v -5.781932 -3.631096 -18.597248
v -5.979028 -3.780945 -19.154274
v -5.781932 -3.631096 -18.597248
v -5.544839 -3.482467 -18.575623
v -5.079816 -4.537323 -18.597275
v -4.871295 -4.351510 -18.575661
v -3.837036 -4.812822 -18.064568
v -4.078374 -5.115447 -18.575657
v -10.606923 -3.921239 -6.389233
v -10.405293 -3.822141 -6.389233
v -11.204137 -2.984727 -6.389233
v -11.133974 -2.606249 -6.389233
v -19.169329 -0.857276 -6.389233
v -15.823211 -2.608004 -6.389233
v -17.530485 -0.857274 -6.389233
v -16.655296 -4.395789 -6.389233
v -15.817487 -3.565551 -6.389233
v -17.485100 -4.272610 -6.389233
v -17.849504 -13.349059 -6.389233
v -17.468382 -13.742412 -6.389233
v -16.371969 -11.870766 -6.389233
v -15.677159 -12.463031 -6.389233
v -15.637830 -2.682077 -6.572387
v -15.625966 -3.641326 -6.572387
v -14.949094 -1.991055 -6.572387
v -14.949094 -1.991055 -6.572387
v -12.719758 -1.982298 -6.572387
v -15.025334 -1.807334 -6.389233
v -12.599683 -1.803718 -6.389233
v -14.949094 -1.991055 -6.572387
v -15.025334 -1.807334 -6.389233
v -15.637830 -2.682077 -6.572387
v -15.823211 -2.608004 -6.389233
v -15.625966 -3.641326 -6.572387
v -15.637830 -2.682077 -6.572387
v -15.817487 -3.565551 -6.389233
v -15.823211 -2.608004 -6.389233
v -16.593515 -4.599098 -6.572387
v -15.625966 -3.641326 -6.572387
v -16.655296 -4.395789 -6.389233
v -15.817487 -3.565551 -6.389233
v -16.593515 -4.599098 -6.572387
v -16.655296 -4.395789 -6.389233
v -17.423063 -4.468566 -6.572387
v -17.485100 -4.272610 -6.389233
v -18.344196 -5.389640 -6.572387
v -17.423063 -4.468566 -6.572387
v -18.527987 -5.313790 -6.389233
v -17.485100 -4.272610 -6.389233
v -18.515600 -7.488055 -6.389233
v -18.335102 -7.308064 -6.572387
v -18.527987 -5.313790 -6.389233
v -18.344196 -5.389640 -6.572387
v -17.946611 -7.316295 -6.572387
v -18.335102 -7.308064 -6.572387
v -17.871958 -7.499906 -6.389233
v -18.515600 -7.488055 -6.389233
v -17.946611 -7.316295 -6.572387
v -17.871958 -7.499906 -6.389233
v -12.682027 -2.055896 -6.572387
v -12.452491 -2.076909 -6.389233
v -9.134000 -7.380962 -6.572387
v -8.983203 -7.248734 -6.389233
v -9.750850 -6.618961 -6.572387
v -9.606400 -6.475981 -6.389233
v -13.024523 -6.131025 -6.572387
v -10.106229 -6.137578 -6.572387
v -13.100472 -5.947183 -6.389233
v -10.014994 -5.954822 -6.389233
v -15.226836 -8.332063 -6.572387
v -13.024523 -6.131025 -6.572387
v -15.410552 -8.255914 -6.389233
v -13.100472 -5.947183 -6.389233
v -15.249938 -10.104999 -6.572387
v -15.226836 -8.332063 -6.572387
v -15.433758 -9.920414 -6.389233
v -15.410552 -8.255914 -6.389233
v -15.249938 -10.104999 -6.572387
v -15.433758 -9.920414 -6.389233
v -17.796062 -10.126018 -6.572387
v -17.869102 -9.942071 -6.389233
v -18.523029 -10.560626 -6.389233
v -18.339460 -10.639749 -6.572387
v -17.869102 -9.942071 -6.389233
v -17.796062 -10.126018 -6.572387
v -18.518408 -14.444076 -6.389233
v -18.341438 -14.263352 -6.572387
v -18.523029 -10.560626 -6.389233
v -18.339460 -10.639749 -6.572387
v -17.468382 -13.742412 -6.389233
v -17.729836 -13.747010 -6.572387
v -18.176023 -14.456261 -6.389233
v -18.244736 -14.271038 -6.572387
v -18.111301 -13.355599 -6.572387
v -17.729836 -13.747010 -6.572387
v -17.849504 -13.349059 -6.389233
v -17.468382 -13.742412 -6.389233
v -16.371969 -11.870766 -6.389233
v -16.377611 -11.618636 -6.572387
v -17.849504 -13.349059 -6.389233
v -18.111301 -13.355599 -6.572387
v -16.377611 -11.618636 -6.572387
v -16.371969 -11.870766 -6.389233
v -15.682415 -12.212229 -6.572387
v -15.677159 -12.463031 -6.389233
v -11.550333 -8.379438 -6.389233
v -10.620859 -9.279535 -6.389233
v -11.551876 -8.125261 -6.572387
v -10.364215 -9.277171 -6.572387
v -10.094108 -4.715245 -6.389233
v -10.606923 -3.921239 -6.389233
v -10.443409 -4.531125 -6.572387
v -10.785961 -4.018200 -6.572387
v -11.239957 -3.272560 -6.572387
v -11.204137 -2.984727 -6.389233
v -12.173263 -4.199269 -6.572387
v -11.239957 -3.272560 -6.572387
v -12.360457 -4.123353 -6.389233
v -11.204137 -2.984727 -6.389233
v -12.173263 -4.199269 -6.572387
v -12.360457 -4.123353 -6.389233
v -12.159866 -4.536922 -6.572387
v -12.336100 -4.717146 -6.389233
v -10.094108 -4.715245 -6.389233
v -10.443409 -4.531125 -6.572387
v -12.336100 -4.717146 -6.389233
v -12.159866 -4.536922 -6.572387
v -8.290383 -8.290975 -6.572387
v -8.148993 -8.148519 -6.389233
v -18.176023 -14.456261 -6.389233
v -19.169331 -19.112829 -6.389232
v -16.734304 -15.444016 -6.389233
v -18.344196 -5.389640 -6.572387
v -17.946611 -7.316295 -6.572387
v -16.593515 -4.599098 -6.572387
v -12.300393 0.000003 -6.389233
v -17.530485 0.000003 -6.389233
v -19.169329 -0.857275 -19.154274
v -6.896198 -1.698423 -19.154274
v -6.530291 -2.721797 -19.154274
v -18.515600 -7.488055 -6.389233
v -18.523029 -10.560626 -6.389233
v -7.031250 -0.857273 -19.154274
v -19.169331 -19.112829 -19.154282
v -5.979028 -3.780945 -19.154274
v -2.962637 -5.384387 -18.064064
v -3.159724 -5.720875 -18.575649
v -2.260521 -6.452214 -18.597340
v -1.160837 -6.702126 -18.597095
v -2.316265 -6.683268 -19.154274
v -1.207316 -6.958217 -19.154274
v -1.115450 -6.429700 -18.575413
v 0.000008 -6.588245 -18.574631
v -1.160837 -6.702126 -18.597095
v 0.000008 -6.862786 -18.596527
v 0.000008 -6.862786 -18.596527
v 0.000008 -7.121892 -19.154274
v -3.159724 -5.720875 -18.575649
v -3.295269 -5.965205 -18.597267
v -4.078374 -5.115447 -18.575657
v -4.253094 -5.333903 -18.597275
v -2.167403 -6.187634 -18.575745
v -2.260521 -6.452214 -18.597340
v -2.039355 -5.821720 -18.064625
v -2.167403 -6.187634 -18.575745
v -5.079816 -4.537323 -18.597275
v -4.253094 -5.333903 -18.597275
v -5.277139 -4.713892 -19.154274
v -4.416751 -5.539123 -19.154274
v -2.592827 -11.140284 -6.389233
v -4.005840 -10.272927 -6.389233
v -2.986096 -11.202678 -6.389233
v -3.920916 -10.607310 -6.389233
v -1.808424 -12.608534 -6.389233
v 0.000008 -12.299590 -6.389233
v -1.370609 -11.760737 -6.389233
v -7.502348 -17.869917 -6.389233
v -9.939665 -17.865393 -6.389233
v -7.488886 -18.512308 -6.389232
v -10.561435 -18.522221 -6.389232
v -5.103889 -9.507619 -6.389233
v -4.716542 -10.086934 -6.389233
v -2.084371 -12.459041 -6.389233
v -1.370609 -11.760737 -6.389233
v -2.084371 -12.459038 -6.389233
v -5.947687 -10.010839 -6.389233
v -4.718720 -12.335368 -6.389233
v -2.682891 -15.637019 -6.572387
v -1.991866 -14.948283 -6.572387
v -3.651242 -15.623347 -6.572387
v -1.808424 -12.608534 -6.389233
v -1.983646 -12.718785 -6.572387
v -1.808146 -15.024526 -6.389233
v -1.991866 -14.948283 -6.572387
v -2.608815 -15.822402 -6.389233
v -1.808146 -15.024526 -6.389233
v -2.682891 -15.637019 -6.572387
v -1.991866 -14.948283 -6.572387
v -2.608815 -15.822402 -6.389233
v -2.682891 -15.637019 -6.572387
v -3.577905 -15.815556 -6.389233
v -3.651242 -15.623347 -6.572387
v -4.598060 -16.582928 -6.572387
v -4.399338 -16.643177 -6.389233
v -3.651242 -15.623347 -6.572387
v -3.577905 -15.815556 -6.389233
v -5.390456 -18.343386 -6.572387
v -5.314602 -18.527180 -6.389232
v -4.469378 -17.422251 -6.572387
v -4.273422 -17.484291 -6.389233
v -5.390456 -18.343386 -6.572387
v -7.308877 -18.334291 -6.572387
v -5.314602 -18.527180 -6.389232
v -7.488886 -18.512308 -6.389232
v -7.488886 -18.512308 -6.389232
v -7.308877 -18.334291 -6.572387
v -7.502348 -17.869917 -6.389233
v -7.317109 -17.945805 -6.572387
v -6.441208 -9.638758 -6.389233
v -7.248516 -8.983767 -6.389233
v -6.600406 -9.770684 -6.572387
v -7.380726 -9.134672 -6.572387
v -10.099030 -15.255645 -6.572387
v -9.921226 -15.432942 -6.389233
v -8.340417 -15.234942 -6.572387
v -8.262401 -15.416455 -6.389233
v -10.099030 -15.255645 -6.572387
v -10.121741 -17.790834 -6.572387
v -9.921226 -15.432942 -6.389233
v -9.939665 -17.865393 -6.389233
v -10.561435 -18.522221 -6.389232
v -9.939665 -17.865393 -6.389233
v -10.640563 -18.338652 -6.572387
v -10.121741 -17.790834 -6.572387
v -14.444256 -18.520493 -6.389232
v -10.561435 -18.522221 -6.389232
v -14.264141 -18.340803 -6.572387
v -10.640563 -18.338652 -6.572387
v -14.271850 -18.243954 -6.572387
v -13.743771 -17.725014 -6.572387
v -14.457111 -18.175348 -6.389232
v -13.738854 -17.460028 -6.389233
v -13.356400 -18.107800 -6.572387
v -13.349871 -17.848700 -6.389233
v -13.743771 -17.725014 -6.572387
v -13.738854 -17.460028 -6.389233
v -11.871578 -16.371166 -6.389233
v -13.349871 -17.848700 -6.389233
v -11.619855 -16.377310 -6.572387
v -13.356400 -18.107800 -6.572387
v -11.619855 -16.377310 -6.572387
v -12.216947 -15.685613 -6.572387
v -11.871578 -16.371166 -6.389233
v -12.465818 -15.680721 -6.389233
v -8.380250 -11.549523 -6.389233
v -8.120996 -11.552474 -6.572387
v -9.280346 -10.620045 -6.389233
v -9.278049 -10.359324 -6.572387
v -16.734304 -15.444016 -6.389233
v -15.445612 -16.733696 -6.389233
v -16.478739 -15.444104 -6.572387
v -15.444909 -16.477930 -6.572387
v -4.716542 -10.086934 -6.389233
v -4.531935 -10.442599 -6.572387
v -3.920916 -10.607310 -6.389233
v -4.018900 -10.785558 -6.572387
v -2.986096 -11.202678 -6.389233
v -3.275247 -11.238528 -6.572387
v -4.200081 -12.172451 -6.572387
v -4.125404 -12.358617 -6.389233
v -3.275247 -11.238528 -6.572387
v -2.986096 -11.202678 -6.389233
v -4.200081 -12.172451 -6.572387
v -4.537732 -12.159057 -6.572387
v -4.125404 -12.358617 -6.389233
v -4.718720 -12.335368 -6.389233
v -4.537732 -12.159057 -6.572387
v -4.531935 -10.442599 -6.572387
v -4.718720 -12.335368 -6.389233
v -4.716542 -10.086934 -6.389233
v -5.314602 -18.527180 -6.389232
v 0.000009 -19.112827 -6.389232
v -14.444256 -18.520493 -6.389232
v -14.457111 -18.175348 -6.389232
v -15.445612 -16.733696 -6.389233
v -1.808146 -15.024526 -6.389233
v -10.121741 -17.790834 -6.572387
v -11.619855 -16.377310 -6.572387
v -10.640563 -18.338652 -6.572387
v -14.264141 -18.340803 -6.572387
v -13.356400 -18.107800 -6.572387
v -14.271850 -18.243954 -6.572387
v -13.743771 -17.725014 -6.572387
v -9.278049 -10.359324 -6.572387
v -15.444909 -16.477930 -6.572387
v -9.280346 -10.620045 -6.389233
v -15.445612 -16.733696 -6.389233
v -4.273422 -17.484291 -6.389233
v -2.608815 -15.822402 -6.389233
v -11.551876 -8.125261 -6.572387
v -15.682415 -12.212229 -6.572387
v -11.550333 -8.379438 -6.389233
v -15.677159 -12.463031 -6.389233
v 0.000009 -19.112827 -19.154278
v 0.000008 -6.862786 -18.596527
v 0.000010 -17.520363 -16.635750
v 0.000008 0.000004 -14.398346
v 0.000008 -6.305406 -9.011379
v 0.000008 -5.215562 -10.920964
v 0.000008 -0.584899 -15.347658
v 0.000008 0.000004 -18.062431
v 0.000009 -17.519218 -14.929946
v 0.000009 -7.423678 -14.901857
v 0.000008 -7.799024 -12.105288
v -0.185319 -7.331118 -16.426914
v -0.185963 -7.385051 -15.093377
v -0.180652 -17.340691 -16.453995
v -0.180638 -17.340706 -15.109059
v 0.000010 -17.520363 -16.635750
v 0.000008 -7.290774 -16.627411
v -0.180652 -17.340691 -16.453995
v -0.185319 -7.331118 -16.426914
v 0.000009 -17.519218 -14.929946
v -0.180638 -17.340706 -15.109059
v 0.000009 -7.423678 -14.901857
v -0.185963 -7.385051 -15.093377
v -0.185257 -5.160480 -14.135775
v -0.185847 -7.692210 -11.943172
v 0.000008 -5.503543 -14.082482
v 0.000008 -7.799024 -12.105288
v 0.000009 -17.521128 -9.461422
v 0.000009 -13.182420 -9.481380
v -0.183170 -17.340187 -9.277386
v -0.185642 -13.132987 -9.291506
v 0.000008 -12.681701 -7.820489
v -0.178517 -12.726414 -8.006118
v 0.000008 -6.389819 -10.911724
v -0.186015 -6.434144 -11.102996
v -0.178889 -5.283614 -11.105221
v 0.000008 -5.215562 -10.920964
v 0.000009 -0.570939 -14.892842
v 0.000008 -5.215562 -10.920964
v -0.179069 -0.756926 -14.977215
v -0.178889 -5.283614 -11.105221
v -0.179069 -0.756926 -14.977215
v -0.180626 -0.763524 -15.166654
v 0.000009 -0.570939 -14.892842
v 0.000008 -0.584899 -15.347658
v 0.000008 -0.584899 -15.347658
v -0.180626 -0.763524 -15.166654
v 0.000008 -4.241649 -15.365694
v -0.185958 -4.279626 -15.175045
v -0.183170 -17.340187 -9.277386
v -0.185642 -13.132987 -9.291506
v -0.182209 -17.340931 -8.022524
v -0.178517 -12.726414 -8.006118
v -0.185958 -4.279626 -15.175045
v -0.185257 -5.160480 -14.135775
v -0.186015 -6.434144 -11.102996
v -0.185847 -7.692210 -11.943172
v -17.530485 -0.857273 -18.066353
v -17.530485 -0.857274 -6.389233
v -17.530485 0.000004 -18.065128
v -17.530485 0.000003 -6.389233
v 0.000009 -17.521128 -9.461422
v 0.000009 -19.112827 -6.389232
v -10.137101 0.000005 -17.573837
v -9.521150 0.000005 -16.189556
v -1.484060 0.000004 -16.157543
v -17.530485 0.000004 -18.065128
v -16.104338 0.000005 -17.587349
v -6.306214 0.000003 -9.011379
v -6.553942 0.000004 -9.507467
v -7.642267 0.000004 -8.998427
v 0.000008 0.000004 -14.398346
v 0.000008 0.000004 -18.062431
v -14.520531 0.000004 -9.493117
v -17.530485 0.000003 -6.389233
v -12.300393 0.000003 -6.389233
v -17.032402 0.000005 -9.498129
v -3.973376 0.000005 -14.129727
v -16.115959 0.000005 -16.195274
v -17.032286 0.000004 -16.163738
v -16.852701 -0.181022 -14.325560
v -15.929814 -0.181022 -16.013069
v -16.852695 -0.181022 -15.981135
v -10.137101 0.000005 -17.573837
v -10.258376 -0.181022 -17.387978
v -9.521150 0.000005 -16.189556
v -9.653058 -0.181022 -16.002350
v -1.484060 0.000004 -16.157543
v -9.521150 0.000005 -16.189556
v -2.009089 -0.181021 -15.968165
v -9.653058 -0.181022 -16.002350
v -1.484060 0.000004 -16.157543
v -2.009089 -0.181021 -15.968165
v -3.973376 0.000005 -14.129727
v -4.038416 -0.181021 -14.314152
v -17.033251 0.000003 -14.144003
v -3.973376 0.000005 -14.129727
v -16.852701 -0.181022 -14.325560
v -4.038416 -0.181021 -14.314152
v -17.032286 0.000004 -16.163738
v -17.033251 0.000003 -14.144003
v -16.852695 -0.181022 -15.981135
v -16.852701 -0.181022 -14.325560
v -17.032286 0.000004 -16.163738
v -16.852695 -0.181022 -15.981135
v -16.115959 0.000005 -16.195274
v -15.929814 -0.181022 -16.013069
v -15.929814 -0.181022 -16.013069
v -15.920262 -0.181022 -17.405342
v -16.115959 0.000005 -16.195274
v -16.104338 0.000005 -17.587349
v -16.104338 0.000005 -17.587349
v -15.920262 -0.181022 -17.405342
v -10.137101 0.000005 -17.573837
v -10.258376 -0.181022 -17.387978
v -8.871726 -0.181022 -10.496230
v -7.443354 -0.181022 -10.480705
v -8.755498 0.000003 -10.685228
v -7.348785 0.000004 -10.663122
v -6.553942 0.000004 -9.507467
v -7.348785 0.000004 -10.663122
v -6.895030 -0.181022 -9.684069
v -7.443354 -0.181022 -10.480705
v -10.965009 -0.181021 -9.676689
v -11.083855 0.000004 -9.492843
v -6.895030 -0.181022 -9.684069
v -6.553942 0.000004 -9.507467
v -11.083855 0.000004 -9.492843
v -10.965009 -0.181021 -9.676689
v -11.889670 0.000003 -11.169875
v -11.772783 -0.181023 -11.352743
v -13.894988 -0.181022 -11.356222
v -13.774541 0.000004 -11.173339
v -11.772783 -0.181023 -11.352743
v -11.889670 0.000003 -11.169875
v -17.032402 0.000005 -9.498129
v -14.520531 0.000004 -9.493117
v -16.852701 -0.181021 -9.679534
v -14.641912 -0.181021 -9.676803
v -16.852701 -0.181022 -11.789476
v -17.033251 0.000003 -11.971031
v -16.852701 -0.181021 -9.679534
v -17.032402 0.000005 -9.498129
v -9.540561 -0.181021 -11.794100
v -9.426267 0.000003 -11.979128
v -16.852701 -0.181022 -11.789476
v -17.033251 0.000003 -11.971031
v -9.426267 0.000003 -11.979128
v -9.540561 -0.181021 -11.794100
v -8.755498 0.000003 -10.685228
v -8.871726 -0.181022 -10.496230
v -7.348785 0.000004 -10.663122
v 0.000010 -17.520363 -16.635750
v -0.180652 -17.340691 -16.453995
v 0.000009 -17.519218 -14.929946
v -0.180638 -17.340706 -15.109059
v 0.000009 -17.518520 -7.841043
v -0.182209 -17.340931 -8.022524
v -6.368980 -1.568744 -18.575657
v -6.640990 -1.630802 -18.597275
v -6.497484 -0.857272 -18.574619
v -6.772032 -0.857271 -18.596527
v -6.772032 -0.857271 -18.596527
v -7.031250 -0.857273 -19.154274
v -5.992884 -1.481179 -18.064568
v -6.368980 -1.568744 -18.575657
v -6.147841 -0.857273 -18.064766
v -6.497484 -0.857272 -18.574619
v -15.410552 -8.255914 -6.389233
v -13.100472 -5.947183 -6.389233
v -17.871958 -7.499906 -6.389233
v -12.719758 -1.982298 -6.572387
v -12.682027 -2.055896 -6.572387
v -12.719758 -1.982298 -6.572387
v -12.682027 -2.055896 -6.572387
v -12.599683 -1.803718 -6.389233
v -12.452491 -2.076909 -6.389233
v -18.335102 -7.308064 -6.572387
v -18.341438 -14.263352 -6.572387
v -18.244736 -14.271038 -6.572387
v -18.111301 -13.355599 -6.572387
v -17.729836 -13.747010 -6.572387
v -16.734304 -15.444016 -6.389233
v -16.478739 -15.444104 -6.572387
v -10.620859 -9.279535 -6.389233
v -10.364215 -9.277171 -6.572387
v -6.497484 -0.857272 -18.574619
v -12.465818 -15.680721 -6.389233
v -8.380250 -11.549523 -6.389233
v -9.280346 -10.620045 -6.389233
v -5.947995 -13.099664 -6.389233
v -4.125404 -12.358617 -6.389233
v -2.084371 -12.459038 -6.389233
v -2.986096 -11.202678 -6.389233
v -6.131836 -13.023708 -6.572387
v -6.136609 -10.101769 -6.572387
v -8.120996 -11.552474 -6.572387
v -4.273422 -17.484291 -6.389233
v -4.399338 -16.643177 -6.389233
v -4.469378 -17.422251 -6.572387
v -4.598060 -16.582928 -6.572387
v -8.340417 -15.234942 -6.572387
v -8.262401 -15.416455 -6.389233
v -6.131836 -13.023708 -6.572387
v -5.947995 -13.099664 -6.389233
v -14.271850 -18.243954 -6.572387
v -14.457111 -18.175348 -6.389232
v -14.264141 -18.340803 -6.572387
v -14.444256 -18.520493 -6.389232
v -4.537732 -12.159057 -6.572387
v -4.200081 -12.172451 -6.572387
v -4.018900 -10.785558 -6.572387
v 0.000008 -6.588245 -18.574631
v 0.000008 -6.200899 -18.063934
v -12.465818 -15.680721 -6.389233
v -12.216947 -15.685613 -6.572387
v -8.380250 -11.549523 -6.389233
v -8.120996 -11.552474 -6.572387
v 0.000009 -7.641457 -8.998425
v 0.000008 -6.389819 -10.911724
v 0.000008 -5.503543 -14.082482
v 0.000008 -5.503543 -14.082482
v -0.185257 -5.160480 -14.135775
v 0.000009 -0.570939 -14.892842
v -0.179069 -0.756926 -14.977215
v -0.180626 -0.763524 -15.166654
v -19.169331 -19.112829 -19.154282
v 0.000009 -19.112827 -19.154278
v -19.169331 -19.112829 -6.389232
v 0.000009 -19.112827 -6.389232
v -9.426267 0.000003 -11.979128
v -8.755498 0.000003 -10.685228
v -9.653058 -0.181022 -16.002350
v -10.258376 -0.181022 -17.387978
v -15.920262 -0.181022 -17.405342
v -10.965009 -0.181021 -9.676689
v -6.895030 -0.181022 -9.684069
v -8.871726 -0.181022 -10.496230
v -14.520531 0.000004 -9.493117
v -13.774541 0.000004 -11.173339
v -14.641912 -0.181021 -9.676803
v -13.894988 -0.181022 -11.356222
v -16.852701 -0.181022 -11.789476
v -16.852701 -0.181021 -9.679534
v -13.894988 -0.181022 -11.356222
v 0.000009 -17.518520 -7.841043
v -8.983203 -7.248734 -6.389233
v -8.148993 -8.148519 -6.389233
v -8.331351 -6.801335 -6.389233
v -8.883765 -6.160256 -6.389233
v -8.880078 -5.896448 -6.389233
v -9.707583 -4.825336 -6.389233
v -10.094108 -4.715245 -6.389233
v -12.360457 -4.123353 -6.389233
v -12.452491 -2.076909 -6.389233
v -10.014994 -5.954822 -6.389233
v -12.336100 -4.717146 -6.389233
v -11.239957 -3.272560 -6.572387
v -12.173263 -4.199269 -6.572387
v -10.785961 -4.018200 -6.572387
v -18.339460 -10.639749 -6.572387
v -5.675859 -2.377296 -18.064552
v -5.992884 -1.481179 -18.064568
v -2.039355 -5.821720 -18.064625
v -1.047782 -6.050178 -18.064415
v -0.466870 -7.424315 -8.986254
v 0.000009 -7.641457 -8.998425
v 0.000008 -6.305406 -9.011379
v -6.441208 -9.638758 -6.389233
v -3.275247 -11.238528 -6.572387
v -5.947687 -10.010839 -6.389233
v -6.136609 -10.101769 -6.572387
v 0.000008 -12.681701 -7.820489
v 0.000008 -12.299590 -6.389233
v -19.169331 -19.112829 -6.389232
v -19.169329 -0.857276 -6.389233
v -19.169331 -19.112829 -19.154282
v -19.169329 -0.857275 -19.154274
v -17.033251 0.000003 -14.144003
v -0.182209 -17.340931 -8.022524
v 0.000009 -17.518520 -7.841043
v -0.183170 -17.340187 -9.277386
v 0.000009 -17.521128 -9.461422
v -6.131836 -13.023708 -6.572387
v -5.947995 -13.099664 -6.389233
v -6.136609 -10.101769 -6.572387
v -5.947687 -10.010839 -6.389233
v -2.057332 -12.681010 -6.572387
v -7.317109 -17.945805 -6.572387
v -4.598060 -16.582928 -6.572387
v -2.084371 -12.459041 -6.389233
v -7.502348 -17.869917 -6.389233
v -2.057332 -12.681010 -6.572387
v -7.317109 -17.945805 -6.572387
v -11.761528 -1.369832 -6.389233
v -7.248516 -8.983767 -6.389233
v -6.802145 -8.330544 -6.389233
v 0.000008 -6.305406 -9.011379
v 0.000008 0.000004 -14.398346
v -6.306214 0.000003 -9.011379
v -18.244736 -14.271038 -6.572387
v -18.341438 -14.263352 -6.572387
v -18.176023 -14.456261 -6.389233
v -18.518408 -14.444076 -6.389233
v -1.983646 -12.718785 -6.572387
v -1.808424 -12.608534 -6.389233
v -2.057332 -12.681010 -6.572387
v -2.084371 -12.459041 -6.389233
v -2.084371 -12.459041 -6.389233
v 0.000009 -8.746724 -8.386913
v 0.000009 -8.852126 -8.417086
v 0.000009 -11.126735 -7.149004
v 0.000008 -11.397847 -7.004158
v -4.189322 -4.954970 -9.035653
v -6.802145 -8.330544 -6.389233
v -3.747870 -5.348281 -9.030318
v -6.161067 -8.882952 -6.389233
v -6.161067 -8.882952 -6.389233
v -5.897259 -8.879268 -6.389233
v -3.747870 -5.348281 -9.030318
v -3.510988 -5.350797 -8.987985
v -3.510988 -5.350797 -8.987985
v -4.059877 -4.841707 -8.994454
v -3.747870 -5.348281 -9.030318
v -4.189322 -4.954970 -9.035653
v -0.109547 -11.144113 -7.104531
v -0.108866 -11.276095 -7.031203
v 0.000009 -11.126735 -7.149004
v 0.000008 -11.397847 -7.004158
v -0.169495 -11.050936 -7.059823
v -1.370609 -11.760737 -6.389233
v -0.169132 -11.251458 -6.948525
v 0.000008 -12.299590 -6.389233
v -0.138914 -10.744439 -7.320980
v -0.138775 -9.219508 -8.170327
v -0.197841 -10.708266 -7.244408
v -0.195401 -9.098559 -8.141097
v -0.169495 -11.050936 -7.059823
v -0.109547 -11.144113 -7.104531
v 0.000009 -11.016973 -7.117821
v 0.000009 -11.126735 -7.149004
v 0.000008 -11.426555 -6.888683
v 0.000008 -11.397847 -7.004158
v -0.169132 -11.251458 -6.948525
v -0.108866 -11.276095 -7.031203
v -0.138775 -9.219508 -8.170327
v -0.138914 -10.744439 -7.320980
v 0.000009 -9.282907 -8.176711
v 0.000009 -10.940764 -7.250487
v 0.000009 -10.940764 -7.250487
v 0.000009 -10.963765 -7.147158
v -0.197841 -10.708266 -7.244408
v 0.000009 -10.963765 -7.147158
v 0.000009 -11.016973 -7.117821
v 0.000009 -9.282907 -8.176711
v 0.000009 -9.175601 -8.146596
v -0.138775 -9.219508 -8.170327
v -0.195401 -9.098559 -8.141097
v -0.169495 -11.050936 -7.059823
v -0.169132 -11.251458 -6.948525
v -0.109547 -11.144113 -7.104531
v -0.108866 -11.276095 -7.031203
v -0.196908 -8.855657 -8.276943
v -0.195401 -9.098559 -8.141097
v 0.000009 -8.953668 -8.270919
v 0.000009 -9.175601 -8.146596
v -0.197320 -8.677953 -8.376431
v -0.196908 -8.855657 -8.276943
v -0.141799 -8.795745 -8.407177
v -0.141631 -8.861712 -8.370259
v 0.000009 -8.852126 -8.417086
v 0.000009 -8.746724 -8.386913
v -0.141799 -8.795745 -8.407177
v -0.197320 -8.677953 -8.376431
v -0.141799 -8.795745 -8.407177
v -0.141631 -8.861712 -8.370259
v 0.000009 -8.852126 -8.417086
v 0.000009 -8.931148 -8.372890
v 0.000009 -8.931148 -8.372890
v -0.141631 -8.861712 -8.370259
v 0.000009 -8.953668 -8.270919
v -0.196908 -8.855657 -8.276943
v 0.000009 -10.963765 -7.147158
v 0.000009 -11.016973 -7.117821
v 0.000009 -10.940764 -7.250487
v 0.000009 -9.282907 -8.176711
v 0.000009 -8.931148 -8.372890
v 0.000009 -9.175601 -8.146596
v 0.000009 -8.953668 -8.270919
v -7.642267 0.000004 -8.998427
v -7.191618 -0.894002 -8.985928
v -6.306214 0.000003 -9.011379
v -6.009892 -2.679248 -8.985885
v -5.351606 -3.510178 -8.987985
v -6.647301 -1.783232 -8.985879
v -4.581530 -4.580720 -9.035207
v -4.955780 -4.188510 -9.035653
v -7.590092 -7.589282 -6.389233
v -8.331351 -6.801335 -6.389233
v -5.351606 -3.510178 -8.987985
v -8.880078 -5.896448 -6.389233
v -5.349092 -3.747060 -9.030318
v -8.883765 -6.160256 -6.389233
v -5.351606 -3.510178 -8.987985
v -5.349092 -3.747060 -9.030318
v -4.842516 -4.059066 -8.994454
v -4.955780 -4.188510 -9.035653
v -10.941572 0.000005 -7.250487
v -10.745248 -0.138102 -7.320980
v -9.283710 0.000003 -8.176711
v -9.220317 -0.137965 -8.170327
v -11.396795 0.000005 -7.004088
v -11.276904 -0.108054 -7.031203
v -11.127542 0.000003 -7.149004
v -11.144921 -0.108736 -7.104531
v -9.283710 0.000003 -8.176711
v -9.220317 -0.137965 -8.170327
v -9.176406 0.000003 -8.146597
v -9.099366 -0.194590 -8.141097
v -11.051744 -0.168684 -7.059823
v -11.144921 -0.108736 -7.104531
v -11.252267 -0.168321 -6.948525
v -11.276904 -0.108054 -7.031203
v -11.127542 0.000003 -7.149004
v -11.144921 -0.108736 -7.104531
v -11.017777 0.000002 -7.117821
v -11.051744 -0.168684 -7.059823
v -11.428100 0.000003 -6.888381
v -11.252267 -0.168321 -6.948525
v -11.396795 0.000005 -7.004088
v -11.276904 -0.108054 -7.031203
v -10.964569 0.000003 -7.147158
v -10.709075 -0.197029 -7.244408
v -10.941572 0.000005 -7.250487
v -10.745248 -0.138102 -7.320980
v -8.856465 -0.196098 -8.276943
v -8.954472 0.000003 -8.270919
v -9.099366 -0.194590 -8.141097
v -9.176406 0.000003 -8.146597
v -8.862524 -0.140820 -8.370259
v -8.856465 -0.196098 -8.276943
v -8.796554 -0.140988 -8.407177
v -8.678762 -0.196509 -8.376427
v -8.855468 0.000004 -8.415847
v -8.796554 -0.140988 -8.407177
v -8.748460 0.000003 -8.387374
v -8.678762 -0.196509 -8.376427
v -8.931859 0.000004 -8.373226
v -8.862524 -0.140820 -8.370259
v -8.855468 0.000004 -8.415847
v -8.796554 -0.140988 -8.407177
v -8.931859 0.000004 -8.373226
v -8.954472 0.000003 -8.270919
v -8.862524 -0.140820 -8.370259
v -8.856465 -0.196098 -8.276943
v -11.127542 0.000003 -7.149004
v -11.017777 0.000002 -7.117821
v -10.941572 0.000005 -7.250487
v -10.964569 0.000003 -7.147158
v -8.954472 0.000003 -8.270919
v -8.931859 0.000004 -8.373226
v -9.176406 0.000003 -8.146597
v -9.283710 0.000003 -8.176711
v -11.428100 0.000003 -6.888381
v -11.396795 0.000005 -7.004088
v -8.855468 0.000004 -8.415847
v -11.083855 0.000004 -9.492843
v -8.748460 0.000003 -8.387374
v -8.678762 -0.196509 -8.376427
v -7.642267 0.000004 -8.998427
v -10.014994 -5.954822 -6.389233
v -10.106229 -6.137578 -6.572387
v -4.461411 -4.460599 -8.994430
v -4.581530 -4.580720 -9.035207
v -5.277139 -4.713892 -19.154274
v -4.416751 -5.539123 -19.154274
v -3.426859 -6.181382 -19.154274
v 0.000009 -19.112827 -19.154278
v -1.207316 -6.958217 -19.154274
v 0.000008 -7.121892 -19.154274
v -2.316265 -6.683268 -19.154274
v -17.869102 -9.942071 -6.389233
v -15.025334 -1.807334 -6.389233
v -17.423063 -4.468566 -6.572387
v -18.518408 -14.444076 -6.389233
v -12.599683 -1.803718 -6.389233
v -11.551876 -8.125261 -6.572387
v -10.106229 -6.137578 -6.572387
v -13.024523 -6.131025 -6.572387
v -15.226836 -8.332063 -6.572387
v -10.364215 -9.277171 -6.572387
v -9.134000 -7.380962 -6.572387
v -9.750850 -6.618961 -6.572387
v -16.478739 -15.444104 -6.572387
v -15.444909 -16.477930 -6.572387
v -9.278049 -10.359324 -6.572387
v -8.290383 -8.290975 -6.572387
v -7.380726 -9.134672 -6.572387
v -6.600406 -9.770684 -6.572387
v -8.340417 -15.234942 -6.572387
v -10.099030 -15.255645 -6.572387
v -12.216947 -15.685613 -6.572387
v -16.377611 -11.618636 -6.572387
v -15.249938 -10.104999 -6.572387
v -17.796062 -10.126018 -6.572387
v -15.682415 -12.212229 -6.572387
v -13.349871 -17.848700 -6.389233
v -11.871578 -16.371166 -6.389233
v -13.738854 -17.460028 -6.389233
v -10.620859 -9.279535 -6.389233
v -11.550333 -8.379438 -6.389233
v -5.390456 -18.343386 -6.572387
v -4.469378 -17.422251 -6.572387
v -7.308877 -18.334291 -6.572387
v -12.159866 -4.536922 -6.572387
v -10.443409 -4.531125 -6.572387
v -4.531935 -10.442599 -6.572387
v -4.399338 -16.643177 -6.389233
v -3.577905 -15.815556 -6.389233
v -18.527987 -5.313790 -6.389233
v -1.983646 -12.718785 -6.572387
v -8.262401 -15.416455 -6.389233
v -9.921226 -15.432942 -6.389233
v -15.433758 -9.920414 -6.389233
v -11.017777 0.000002 -7.117821
v -11.051744 -0.168684 -7.059823
v -10.964569 0.000003 -7.147158
v -10.709075 -0.197029 -7.244408
v -17.033251 0.000003 -11.971031
v -11.772783 -0.181023 -11.352743
v -9.540561 -0.181021 -11.794100
v -14.641912 -0.181021 -9.676803
v -4.038416 -0.181021 -14.314152
v -2.009089 -0.181021 -15.968165
v -7.443354 -0.181022 -10.480705
v -8.748460 0.000003 -8.387374
v -13.774541 0.000004 -11.173339
v -11.889670 0.000003 -11.169875
v -6.161067 -8.882952 -6.389233
v -7.590092 -7.589282 -6.389233
v -9.606400 -6.475981 -6.389233
v -5.897259 -8.879268 -6.389233
v -5.349092 -3.747060 -9.030318
v -8.883765 -6.160256 -6.389233
v -12.300393 0.000003 -6.389233
v -11.761528 -1.369832 -6.389233
v -11.252267 -0.168321 -6.948525
v -3.080341 -5.691758 -8.985879
v -3.510988 -5.350797 -8.987985
v -2.202160 -6.359452 -8.985875
v -1.304329 -6.948399 -8.985885
v -4.461411 -4.460599 -8.994430
v -4.059877 -4.841707 -8.994454
v -4.842516 -4.059066 -8.994454
v 0.000008 -4.241649 -15.365694
v 0.000008 -7.290774 -16.627411
v -0.178889 -5.283614 -11.105221
v -3.510988 -5.350797 -8.987985
v -5.897259 -8.879268 -6.389233
v -3.080341 -5.691758 -8.985879
v -5.103889 -9.507619 -6.389233
v -4.005840 -10.272927 -6.389233
v -2.202160 -6.359452 -8.985875
v -2.592827 -11.140284 -6.389233
v -1.304329 -6.948399 -8.985885
v -0.466870 -7.424315 -8.986254
v -0.197320 -8.677953 -8.376431
v 0.000009 -8.746724 -8.386913
v 0.000009 -7.641457 -8.998425
v -2.084371 -12.459038 -6.389233
v -5.351606 -3.510178 -8.987985
v -6.009892 -2.679248 -8.985885
v -8.880078 -5.896448 -6.389233
v -9.707583 -4.825336 -6.389233
v -6.647301 -1.783232 -8.985879
v -10.405293 -3.822141 -6.389233
v -7.191618 -0.894002 -8.985928
v -11.133974 -2.606249 -6.389233
v -11.428100 0.000003 -6.888381
v 0.000009 -13.182420 -9.481380
v 0.000008 -11.426555 -6.888683
v 0.000008 -7.121892 -19.154274
v 0.000008 -6.200899 -18.063934
v -6.147841 -0.857273 -18.064766
v 0.000008 0.000004 -18.062431
v -17.530485 0.000004 -18.065128
v -17.530485 -0.857273 -18.066353
v -7.031250 -0.857273 -19.154274
v -17.530485 -0.857274 -6.389233
v -6.294837 -2.633129 -18.597332
v -6.035924 -2.526340 -18.575741
v -6.035924 -2.526340 -18.575741
v -5.675859 -2.377296 -18.064552
v -3.426859 -6.181382 -19.154274
v -3.295269 -5.965205 -18.597267
v -1.047782 -6.050178 -18.064415
v -1.115450 -6.429700 -18.575413
v -5.221615 -3.256681 -18.063576
v -2.962637 -5.384387 -18.064064
v -3.837036 -4.812822 -18.064568
v -4.579268 -4.090144 -18.063869
v 0.000008 -6.588245 -18.574631
v 0.000008 -6.200899 -18.063934
v 0.000008 -11.426555 -6.888683
v -6.164009 -5.422845 -7.881249
v -5.861721 -5.534784 -7.964174
v -6.204803 -5.431359 -7.989214
v -5.889170 -5.548240 -8.075795
v -6.520547 -5.446931 -7.844830
v -6.466402 -5.437758 -7.742971
v -6.903942 -6.114546 -7.257216
v -6.871380 -5.816339 -7.401427
v -6.977401 -6.153597 -7.337627
v -6.943403 -5.842223 -7.488207
v -6.781805 -5.592263 -7.667614
v -6.716615 -5.576946 -7.573247
v -5.425419 -6.351789 -7.798082
v -5.521174 -6.626595 -7.636535
v -5.433607 -6.401314 -7.902370
v -5.533590 -6.688252 -7.733694
v -5.628221 -5.777365 -8.089611
v -5.611807 -5.754221 -7.977404
v -5.467080 -6.079114 -8.028268
v -5.457478 -6.043212 -7.918654
v -5.749742 -6.890315 -7.551397
v -5.728187 -6.820113 -7.461946
v -6.044690 -6.972564 -7.387005
v -6.010662 -6.898885 -7.304506
v -6.367430 -6.920780 -7.268941
v -6.319759 -6.849288 -7.191433
v -6.877920 -6.472543 -7.241918
v -6.808664 -6.420003 -7.165551
v -6.662160 -6.743909 -7.217623
v -6.602028 -6.679897 -7.142281
v -6.126392 -5.496812 -7.745968
v -6.382744 -5.509456 -7.628744
v -6.726063 -5.830395 -7.339202
v -6.753666 -6.083200 -7.216946
v -6.594860 -5.627450 -7.484862
v -5.500255 -6.284322 -7.675463
v -5.527431 -6.022725 -7.777678
v -5.658263 -5.777737 -7.827483
v -5.870126 -5.591709 -7.816268
v -6.258427 -6.706074 -7.161180
v -5.996391 -6.748119 -7.257036
v -5.756925 -6.681342 -7.390505
v -5.581430 -6.517287 -7.538512
v -6.672894 -6.342150 -7.139235
v -6.497721 -6.562474 -7.119512
v -6.346918 -5.698705 -7.454452
v -6.092633 -5.648439 -7.587179
v -6.504423 -6.150723 -7.188729
v -6.513391 -5.882496 -7.301772
v -5.672374 -6.017446 -7.609426
v -5.838497 -5.780285 -7.640438
v -6.093347 -6.511666 -7.210491
v -5.833397 -6.479562 -7.337768
v -5.681783 -6.282723 -7.489663
v -6.353176 -6.396158 -7.147628
v -6.299578 -6.031392 -7.276870
v -6.071752 -6.063567 -7.348009
v -6.144297 -5.847162 -7.424862
v -5.894921 -5.968156 -7.480779
v -5.896078 -6.227167 -7.367345
v -6.146169 -6.266250 -7.241323
v -17.530487 0.857276 -18.066353
v -6.772033 0.857277 -18.596527
v -6.147842 0.857276 -18.064766
v -4.871295 4.351512 -18.575665
v -4.579269 4.090147 -18.063869
v -5.544840 3.482471 -18.575623
v -5.221615 3.256684 -18.063576
v -6.896198 1.698426 -19.154274
v -6.530291 2.721800 -19.154274
v -6.640990 1.630805 -18.597275
v -6.294836 2.633131 -18.597332
v -19.169334 0.857275 -19.154274
v -19.169334 0.857275 -6.389233
v -5.781933 3.631099 -18.597248
v -5.979028 3.780948 -19.154274
v -5.781933 3.631099 -18.597248
v -5.079817 4.537326 -18.597275
v -5.544840 3.482471 -18.575623
v -4.871295 4.351512 -18.575665
v -4.078374 5.115451 -18.575657
v -3.837036 4.812823 -18.064568
v -11.133975 2.606251 -6.389233
v -10.405294 3.822143 -6.389233
v -11.204137 2.984729 -6.389233
v -10.606925 3.921241 -6.389233
v -19.169334 0.857275 -6.389233
v -17.530487 0.857276 -6.389233
v -15.823212 2.608007 -6.389233
v -15.817487 3.565554 -6.389233
v -17.485102 4.272613 -6.389233
v -16.655298 4.395792 -6.389233
v -17.849506 13.349059 -6.389232
v -16.371973 11.870769 -6.389231
v -17.468384 13.742412 -6.389232
v -15.677160 12.463031 -6.389231
v -15.637831 2.682081 -6.572387
v -14.949094 1.991059 -6.572387
v -15.625967 3.641328 -6.572386
v -12.599682 1.803723 -6.389233
v -12.719758 1.982300 -6.572387
v -15.025335 1.807336 -6.389233
v -14.949094 1.991059 -6.572387
v -14.949094 1.991059 -6.572387
v -15.637831 2.682081 -6.572387
v -15.025335 1.807336 -6.389233
v -15.823212 2.608007 -6.389233
v -15.625967 3.641328 -6.572386
v -15.817487 3.565554 -6.389233
v -15.637831 2.682081 -6.572387
v -15.823212 2.608007 -6.389233
v -15.817487 3.565554 -6.389233
v -15.625967 3.641328 -6.572386
v -16.655298 4.395792 -6.389233
v -16.593517 4.599100 -6.572387
v -17.485102 4.272613 -6.389233
v -16.655298 4.395792 -6.389233
v -17.423065 4.468570 -6.572387
v -16.593517 4.599100 -6.572387
v -17.485102 4.272613 -6.389233
v -17.423065 4.468570 -6.572387
v -18.527987 5.313792 -6.389233
v -18.344196 5.389645 -6.572387
v -18.515606 7.488058 -6.389234
v -18.527987 5.313792 -6.389233
v -18.335106 7.308068 -6.572387
v -18.344196 5.389645 -6.572387
v -17.946611 7.316297 -6.572386
v -17.871960 7.499907 -6.389233
v -18.335106 7.308068 -6.572387
v -18.515606 7.488058 -6.389234
v -12.452492 2.076912 -6.389233
v -17.871960 7.499907 -6.389233
v -12.682026 2.055899 -6.572387
v -17.946611 7.316297 -6.572386
v -9.606402 6.475985 -6.389233
v -8.983204 7.248737 -6.389233
v -9.750851 6.618965 -6.572387
v -9.134000 7.380967 -6.572387
v -10.014995 5.954825 -6.389233
v -10.106229 6.137581 -6.572387
v -13.100473 5.947186 -6.389233
v -13.024523 6.131026 -6.572387
v -15.226838 8.332066 -6.572387
v -15.410554 8.255917 -6.389232
v -13.024523 6.131026 -6.572387
v -13.100473 5.947186 -6.389233
v -15.410554 8.255917 -6.389232
v -15.226838 8.332066 -6.572387
v -15.433758 9.920417 -6.389231
v -15.249938 10.105000 -6.572386
v -17.869104 9.942075 -6.389233
v -15.433758 9.920417 -6.389231
v -17.796066 10.126023 -6.572387
v -15.249938 10.105000 -6.572386
v -18.523031 10.560626 -6.389231
v -17.869104 9.942075 -6.389233
v -18.339460 10.639750 -6.572386
v -17.796066 10.126023 -6.572387
v -18.518410 14.444076 -6.389232
v -18.523031 10.560626 -6.389231
v -18.341440 14.263356 -6.572387
v -18.339460 10.639750 -6.572386
v -17.468384 13.742412 -6.389232
v -18.176023 14.456262 -6.389232
v -17.729837 13.747011 -6.572387
v -18.244738 14.271043 -6.572387
v -18.111303 13.355603 -6.572387
v -17.849506 13.349059 -6.389232
v -17.729837 13.747011 -6.572387
v -17.468384 13.742412 -6.389232
v -16.371973 11.870769 -6.389231
v -17.849506 13.349059 -6.389232
v -16.377615 11.618638 -6.572386
v -18.111303 13.355603 -6.572387
v -15.677160 12.463031 -6.389231
v -16.371973 11.870769 -6.389231
v -15.682416 12.212234 -6.572386
v -16.377615 11.618638 -6.572386
v -10.364218 9.277173 -6.572386
v -10.620860 9.279535 -6.389231
v -11.551875 8.125263 -6.572386
v -11.550333 8.379441 -6.389232
v -10.785963 4.018202 -6.572387
v -10.606925 3.921241 -6.389233
v -10.443412 4.531126 -6.572387
v -10.094109 4.715247 -6.389233
v -11.204137 2.984729 -6.389233
v -11.239959 3.272564 -6.572386
v -11.204137 2.984729 -6.389233
v -11.239959 3.272564 -6.572386
v -12.360458 4.123354 -6.389233
v -12.173263 4.199273 -6.572387
v -12.336102 4.717149 -6.389233
v -12.360458 4.123354 -6.389233
v -12.159869 4.536925 -6.572387
v -12.173263 4.199273 -6.572387
v -10.094109 4.715247 -6.389233
v -12.336102 4.717149 -6.389233
v -10.443412 4.531126 -6.572387
v -12.159869 4.536925 -6.572387
v -8.290386 8.290977 -6.572386
v -8.148993 8.148521 -6.389232
v -18.176023 14.456262 -6.389232
v -16.734306 15.444016 -6.389232
v -19.169331 19.112827 -6.389232
v -18.344196 5.389645 -6.572387
v -16.593517 4.599100 -6.572387
v -17.946611 7.316297 -6.572386
v -17.530487 -0.000002 -6.389233
v -12.300396 -0.000001 -6.389233
v -19.169334 0.857275 -19.154274
v -6.530291 2.721800 -19.154274
v -6.896198 1.698426 -19.154274
v -18.523031 10.560626 -6.389231
v -18.515606 7.488058 -6.389234
v -7.031250 0.857276 -19.154274
v -19.169331 19.112827 -19.154282
v -5.979028 3.780948 -19.154274
v -3.159726 5.720880 -18.575649
v -2.962637 5.384391 -18.064064
v -1.207316 6.958220 -19.154274
v -1.160837 6.702127 -18.597095
v -2.316266 6.683273 -19.154274
v -2.260522 6.452217 -18.597336
v 0.000009 6.862788 -18.596527
v 0.000009 6.588246 -18.574631
v -1.160837 6.702127 -18.597095
v -1.115451 6.429705 -18.575413
v 0.000008 7.121894 -19.154274
v 0.000009 6.862788 -18.596527
v -4.253094 5.333906 -18.597275
v -3.295270 5.965209 -18.597271
v -4.078374 5.115451 -18.575657
v -3.159726 5.720880 -18.575649
v -2.167403 6.187638 -18.575745
v -2.260522 6.452217 -18.597336
v -2.039354 5.821721 -18.064625
v -2.167403 6.187638 -18.575745
v -4.416751 5.539126 -19.154278
v -4.253094 5.333906 -18.597275
v -5.277140 4.713895 -19.154274
v -5.079817 4.537326 -18.597275
v -3.920918 10.607312 -6.389231
v -4.005842 10.272927 -6.389231
v -2.986096 11.202682 -6.389233
v -2.592828 11.140286 -6.389231
v -1.808425 12.608537 -6.389231
v -1.370611 11.760739 -6.389231
v 0.000008 12.299592 -6.389231
v -10.561435 18.522221 -6.389232
v -9.939667 17.865395 -6.389232
v -7.488885 18.512306 -6.389232
v -7.502353 17.869919 -6.389232
v -5.103889 9.507622 -6.389232
v -4.716543 10.086937 -6.389232
v -2.084372 12.459044 -6.389231
v -2.084373 12.459041 -6.389231
v -1.370611 11.760739 -6.389231
v -4.718721 12.335370 -6.389231
v -5.947687 10.010840 -6.389231
v -2.682891 15.637021 -6.572387
v -3.651242 15.623348 -6.572387
v -1.991869 14.948285 -6.572387
v -1.991869 14.948285 -6.572387
v -1.983646 12.718789 -6.572386
v -1.808146 15.024528 -6.389232
v -1.808425 12.608537 -6.389231
v -2.608817 15.822403 -6.389232
v -2.682891 15.637021 -6.572387
v -1.808146 15.024528 -6.389232
v -1.991869 14.948285 -6.572387
v -3.651242 15.623348 -6.572387
v -2.682891 15.637021 -6.572387
v -3.577905 15.815555 -6.389232
v -2.608817 15.822403 -6.389232
v -4.598060 16.582930 -6.572387
v -3.651242 15.623348 -6.572387
v -4.399339 16.643181 -6.389232
v -3.577905 15.815555 -6.389232
v -5.390456 18.343388 -6.572387
v -4.469379 17.422255 -6.572387
v -5.314602 18.527184 -6.389232
v -4.273421 17.484291 -6.389232
v -5.390456 18.343388 -6.572387
v -5.314602 18.527184 -6.389232
v -7.308879 18.334293 -6.572387
v -7.488885 18.512306 -6.389232
v -7.317109 17.945808 -6.572387
v -7.308879 18.334293 -6.572387
v -7.502353 17.869919 -6.389232
v -7.488885 18.512306 -6.389232
v -7.380726 9.134674 -6.572386
v -7.248517 8.983770 -6.389232
v -6.600406 9.770684 -6.572386
v -6.441209 9.638761 -6.389231
v -10.099032 15.255648 -6.572387
v -8.340417 15.234945 -6.572387
v -9.921225 15.432944 -6.389232
v -8.262401 15.416456 -6.389232
v -10.099032 15.255648 -6.572387
v -9.921225 15.432944 -6.389232
v -10.121741 17.790836 -6.572387
v -9.939667 17.865395 -6.389232
v -10.121741 17.790836 -6.572387
v -9.939667 17.865395 -6.389232
v -10.640562 18.338655 -6.572387
v -10.561435 18.522221 -6.389232
v -14.444257 18.520494 -6.389232
v -14.264141 18.340805 -6.572387
v -10.561435 18.522221 -6.389232
v -10.640562 18.338655 -6.572387
v -13.738855 17.460030 -6.389232
v -13.743770 17.725016 -6.572387
v -14.457113 18.175352 -6.389232
v -14.271854 18.243958 -6.572387
v -13.356400 18.107801 -6.572387
v -13.743770 17.725016 -6.572387
v -13.349872 17.848701 -6.389232
v -13.738855 17.460030 -6.389232
v -13.356400 18.107801 -6.572387
v -13.349872 17.848701 -6.389232
v -11.619856 16.377316 -6.572387
v -11.871578 16.371164 -6.389232
v -11.619856 16.377316 -6.572387
v -11.871578 16.371164 -6.389232
v -12.216949 15.685617 -6.572387
v -12.465818 15.680722 -6.389232
v -8.380252 11.549524 -6.389231
v -9.280347 10.620049 -6.389231
v -8.120996 11.552476 -6.572386
v -9.278051 10.359324 -6.572386
v -16.734306 15.444016 -6.389232
v -16.478741 15.444104 -6.572387
v -15.445613 16.733696 -6.389232
v -15.444910 16.477932 -6.572387
v -4.716543 10.086937 -6.389232
v -3.920918 10.607312 -6.389231
v -4.531936 10.442601 -6.572386
v -4.018900 10.785562 -6.572386
v -3.275247 11.238529 -6.572386
v -2.986096 11.202682 -6.389233
v -2.986096 11.202682 -6.389233
v -4.125404 12.358619 -6.389231
v -3.275247 11.238529 -6.572386
v -4.200080 12.172452 -6.572386
v -4.200080 12.172452 -6.572386
v -4.125404 12.358619 -6.389231
v -4.537732 12.159058 -6.572386
v -4.718721 12.335370 -6.389231
v -4.537732 12.159058 -6.572386
v -4.718721 12.335370 -6.389231
v -4.531936 10.442601 -6.572386
v -4.716543 10.086937 -6.389232
v -5.314602 18.527184 -6.389232
v 0.000008 19.112827 -6.389232
v -14.444257 18.520494 -6.389232
v -14.457113 18.175352 -6.389232
v -15.445613 16.733696 -6.389232
v -1.808146 15.024528 -6.389232
v -10.121741 17.790836 -6.572387
v -10.640562 18.338655 -6.572387
v -11.619856 16.377316 -6.572387
v -14.264141 18.340805 -6.572387
v -14.271854 18.243958 -6.572387
v -13.356400 18.107801 -6.572387
v -13.743770 17.725016 -6.572387
v -9.278051 10.359324 -6.572386
v -9.280347 10.620049 -6.389231
v -15.444910 16.477932 -6.572387
v -15.445613 16.733696 -6.389232
v -4.273421 17.484291 -6.389232
v -2.608817 15.822403 -6.389232
v -15.677160 12.463031 -6.389231
v -15.682416 12.212234 -6.572386
v -11.550333 8.379441 -6.389232
v -11.551875 8.125263 -6.572386
v 0.000008 19.112827 -19.154278
v 0.000009 17.520363 -16.635750
v 0.000009 6.862788 -18.596527
v 0.000008 -0.000001 -14.398345
v 0.000008 5.215565 -10.920963
v 0.000008 6.305408 -9.011378
v 0.000008 -0.000001 -18.062428
v 0.000008 0.584903 -15.347660
v 0.000008 17.519220 -14.929946
v 0.000008 7.799027 -12.105288
v 0.000008 7.423683 -14.901857
v -0.185320 7.331122 -16.426914
v -0.180654 17.340691 -16.453995
v -0.185963 7.385053 -15.093376
v -0.180639 17.340706 -15.109061
v -0.185320 7.331122 -16.426914
v 0.000008 7.290778 -16.627411
v -0.180654 17.340691 -16.453995
v 0.000009 17.520363 -16.635750
v -0.185963 7.385053 -15.093376
v -0.180639 17.340706 -15.109061
v 0.000008 7.423683 -14.901857
v 0.000008 17.519220 -14.929946
v -0.185258 5.160482 -14.135777
v 0.000008 5.503547 -14.082481
v -0.185848 7.692213 -11.943171
v 0.000008 7.799027 -12.105288
v 0.000008 17.521128 -9.461421
v -0.183170 17.340187 -9.277385
v 0.000008 13.182422 -9.481380
v -0.185643 13.132989 -9.291507
v -0.186017 6.434146 -11.102996
v -0.178517 12.726418 -8.006117
v 0.000008 6.389822 -10.911724
v 0.000009 12.681703 -7.820488
v 0.000008 5.215565 -10.920963
v -0.178890 5.283617 -11.105221
v 0.000008 0.570941 -14.892841
v -0.179071 0.756931 -14.977216
v 0.000008 5.215565 -10.920963
v -0.178890 5.283617 -11.105221
v -0.179071 0.756931 -14.977216
v 0.000008 0.570941 -14.892841
v -0.180627 0.763529 -15.166652
v 0.000008 0.584903 -15.347660
v -0.185958 4.279629 -15.175045
v -0.180627 0.763529 -15.166652
v 0.000008 4.241653 -15.365696
v 0.000008 0.584903 -15.347660
v -0.183170 17.340187 -9.277385
v -0.182209 17.340935 -8.022525
v -0.185643 13.132989 -9.291507
v -0.178517 12.726418 -8.006117
v -0.185958 4.279629 -15.175045
v -0.185258 5.160482 -14.135777
v -0.186017 6.434146 -11.102996
v -0.185848 7.692213 -11.943171
v -17.530487 0.857276 -18.066353
v -17.530487 -0.000001 -18.065125
v -17.530487 0.857276 -6.389233
v -17.530487 -0.000002 -6.389233
v 0.000008 19.112827 -6.389232
v 0.000008 17.521128 -9.461421
v -10.137102 -0.000000 -17.573837
v -1.484060 -0.000001 -16.157539
v -9.521150 -0.000001 -16.189552
v -17.530487 -0.000001 -18.065125
v -16.104340 -0.000001 -17.587345
v -6.306215 -0.000002 -9.011379
v -7.642267 -0.000001 -8.998427
v -6.553942 -0.000002 -9.507466
v 0.000008 -0.000001 -18.062428
v 0.000008 -0.000001 -14.398345
v -14.520532 -0.000001 -9.493117
v -12.300396 -0.000001 -6.389233
v -17.530487 -0.000002 -6.389233
v -17.032404 -0.000001 -9.498128
v -3.973376 -0.000000 -14.129726
v -16.115959 0.000000 -16.195271
v -17.032288 -0.000001 -16.163734
v -16.852703 0.181026 -14.325561
v -16.852697 0.181026 -15.981135
v -15.929815 0.181025 -16.013069
v -10.137102 -0.000000 -17.573837
v -9.521150 -0.000001 -16.189552
v -10.258377 0.181026 -17.387978
v -9.653060 0.181025 -16.002354
v -9.653060 0.181025 -16.002354
v -9.521150 -0.000001 -16.189552
v -2.009090 0.181026 -15.968165
v -1.484060 -0.000001 -16.157539
v -4.038416 0.181026 -14.314153
v -2.009090 0.181026 -15.968165
v -3.973376 -0.000000 -14.129726
v -1.484060 -0.000001 -16.157539
v -4.038416 0.181026 -14.314153
v -3.973376 -0.000000 -14.129726
v -16.852703 0.181026 -14.325561
v -17.033255 -0.000001 -14.144002
v -16.852703 0.181026 -14.325561
v -17.033255 -0.000001 -14.144002
v -16.852697 0.181026 -15.981135
v -17.032288 -0.000001 -16.163734
v -15.929815 0.181025 -16.013069
v -16.852697 0.181026 -15.981135
v -16.115959 0.000000 -16.195271
v -17.032288 -0.000001 -16.163734
v -16.104340 -0.000001 -17.587345
v -15.920263 0.181025 -17.405342
v -16.115959 0.000000 -16.195271
v -15.929815 0.181025 -16.013069
v -10.258377 0.181026 -17.387978
v -15.920263 0.181025 -17.405342
v -10.137102 -0.000000 -17.573837
v -16.104340 -0.000001 -17.587345
v -7.348785 -0.000001 -10.663121
v -7.443354 0.181024 -10.480706
v -8.755499 -0.000002 -10.685228
v -8.871727 0.181024 -10.496230
v -7.443354 0.181024 -10.480706
v -7.348785 -0.000001 -10.663121
v -6.895030 0.181024 -9.684069
v -6.553942 -0.000002 -9.507466
v -10.965010 0.181024 -9.676690
v -6.895030 0.181024 -9.684069
v -11.083856 -0.000002 -9.492843
v -6.553942 -0.000002 -9.507466
v -11.772785 0.181024 -11.352742
v -10.965010 0.181024 -9.676690
v -11.889671 -0.000001 -11.169875
v -11.083856 -0.000002 -9.492843
v -11.889671 -0.000001 -11.169875
v -13.774542 -0.000002 -11.173339
v -11.772785 0.181024 -11.352742
v -13.894988 0.181024 -11.356221
v -14.641912 0.181024 -9.676803
v -14.520532 -0.000001 -9.493117
v -16.852701 0.181024 -9.679534
v -17.032404 -0.000001 -9.498128
v -16.852703 0.181023 -11.789476
v -16.852701 0.181024 -9.679534
v -17.033255 -0.000001 -11.971032
v -17.032404 -0.000001 -9.498128
v -9.540562 0.181024 -11.794100
v -16.852703 0.181023 -11.789476
v -9.426269 -0.000002 -11.979128
v -17.033255 -0.000001 -11.971032
v -8.871727 0.181024 -10.496230
v -9.540562 0.181024 -11.794100
v -8.755499 -0.000002 -10.685228
v -9.426269 -0.000002 -11.979128
v -7.348785 -0.000001 -10.663121
v -0.180639 17.340706 -15.109061
v -0.180654 17.340691 -16.453995
v 0.000008 17.519220 -14.929946
v 0.000009 17.520363 -16.635750
v 0.000008 17.518522 -7.841043
v -0.182209 17.340935 -8.022525
v -6.368979 1.568745 -18.575653
v -6.497484 0.857276 -18.574619
v -6.640990 1.630805 -18.597275
v -6.772033 0.857277 -18.596527
v -6.772033 0.857277 -18.596527
v -7.031250 0.857276 -19.154274
v -6.497484 0.857276 -18.574619
v -6.368979 1.568745 -18.575653
v -6.147842 0.857276 -18.064766
v -5.992884 1.481182 -18.064571
v -15.410554 8.255917 -6.389232
v -17.871960 7.499907 -6.389233
v -13.100473 5.947186 -6.389233
v -12.719758 1.982300 -6.572387
v -12.682026 2.055899 -6.572387
v -12.719758 1.982300 -6.572387
v -12.599682 1.803723 -6.389233
v -12.682026 2.055899 -6.572387
v -12.452492 2.076912 -6.389233
v -18.335106 7.308068 -6.572387
v -18.341440 14.263356 -6.572387
v -18.111303 13.355603 -6.572387
v -18.244738 14.271043 -6.572387
v -17.729837 13.747011 -6.572387
v -16.734306 15.444016 -6.389232
v -10.620860 9.279535 -6.389231
v -16.478741 15.444104 -6.572387
v -10.364218 9.277173 -6.572386
v -6.497484 0.857276 -18.574619
v -12.465818 15.680722 -6.389232
v -9.280347 10.620049 -6.389231
v -8.380252 11.549524 -6.389231
v -4.125404 12.358619 -6.389231
v -5.947997 13.099663 -6.389232
v -2.084373 12.459041 -6.389231
v -2.084372 12.459044 -6.389231
v -2.986096 11.202682 -6.389233
v -6.131836 13.023712 -6.572387
v -8.120996 11.552476 -6.572386
v -6.136610 10.101773 -6.572386
v -4.598060 16.582930 -6.572387
v -4.399339 16.643181 -6.389232
v -4.469379 17.422255 -6.572387
v -4.273421 17.484291 -6.389232
v -5.947997 13.099663 -6.389232
v -8.262401 15.416456 -6.389232
v -6.131836 13.023712 -6.572387
v -8.340417 15.234945 -6.572387
v -14.271854 18.243958 -6.572387
v -14.264141 18.340805 -6.572387
v -14.457113 18.175352 -6.389232
v -14.444257 18.520494 -6.389232
v -4.537732 12.159058 -6.572386
v -4.018900 10.785562 -6.572386
v -4.200080 12.172452 -6.572386
v 0.000009 6.588246 -18.574631
v 0.000009 6.200900 -18.063934
v -12.465818 15.680722 -6.389232
v -8.380252 11.549524 -6.389231
v -12.216949 15.685617 -6.572387
v -8.120996 11.552476 -6.572386
v 0.000008 6.389822 -10.911724
v 0.000008 7.641460 -8.998424
v 0.000008 5.503547 -14.082481
v 0.000008 5.503547 -14.082481
v -0.185258 5.160482 -14.135777
v 0.000008 0.570941 -14.892841
v -0.179071 0.756931 -14.977216
v -0.180627 0.763529 -15.166652
v -19.169331 19.112827 -19.154282
v -19.169331 19.112827 -6.389232
v 0.000008 19.112827 -19.154278
v 0.000008 19.112827 -6.389232
v -9.426269 -0.000002 -11.979128
v -8.755499 -0.000002 -10.685228
v -15.920263 0.181025 -17.405342
v -10.258377 0.181026 -17.387978
v -9.653060 0.181025 -16.002354
v -10.965010 0.181024 -9.676690
v -8.871727 0.181024 -10.496230
v -6.895030 0.181024 -9.684069
v -14.520532 -0.000001 -9.493117
v -14.641912 0.181024 -9.676803
v -13.774542 -0.000002 -11.173339
v -13.894988 0.181024 -11.356221
v -16.852703 0.181023 -11.789476
v -13.894988 0.181024 -11.356221
v -16.852701 0.181024 -9.679534
v 0.000008 17.518522 -7.841043
v -8.983204 7.248737 -6.389233
v -8.331354 6.801337 -6.389233
v -8.148993 8.148521 -6.389232
v -8.883766 6.160259 -6.389233
v -9.707585 4.825338 -6.389233
v -8.880079 5.896450 -6.389233
v -10.094109 4.715247 -6.389233
v -12.360458 4.123354 -6.389233
v -12.452492 2.076912 -6.389233
v -12.336102 4.717149 -6.389233
v -10.014995 5.954825 -6.389233
v -11.239959 3.272564 -6.572386
v -10.785963 4.018202 -6.572387
v -12.173263 4.199273 -6.572387
v -18.339460 10.639750 -6.572386
v -5.675860 2.377300 -18.064552
v -2.039354 5.821721 -18.064625
v -5.992884 1.481182 -18.064571
v -1.047783 6.050180 -18.064415
v -0.466871 7.424318 -8.986255
v 0.000008 6.305408 -9.011378
v 0.000008 7.641460 -8.998424
v -6.441209 9.638761 -6.389231
v -3.275247 11.238529 -6.572386
v -5.947687 10.010840 -6.389231
v -6.136610 10.101773 -6.572386
v 0.000009 12.681703 -7.820488
v 0.000008 12.299592 -6.389231
v -19.169331 19.112827 -6.389232
v -19.169331 19.112827 -19.154282
v -19.169334 0.857275 -6.389233
v -19.169334 0.857275 -19.154274
v -17.033255 -0.000001 -14.144002
v -0.182209 17.340935 -8.022525
v -0.183170 17.340187 -9.277385
v 0.000008 17.518522 -7.841043
v 0.000008 17.521128 -9.461421
v -6.131836 13.023712 -6.572387
v -6.136610 10.101773 -6.572386
v -5.947997 13.099663 -6.389232
v -5.947687 10.010840 -6.389231
v -2.057333 12.681012 -6.572386
v -7.317109 17.945808 -6.572387
v -4.598060 16.582930 -6.572387
v -7.317109 17.945808 -6.572387
v -7.502353 17.869919 -6.389232
v -2.057333 12.681012 -6.572386
v -2.084372 12.459044 -6.389231
v -11.761528 1.369835 -6.389233
v -6.802145 8.330546 -6.389232
v -7.248517 8.983770 -6.389232
v 0.000008 6.305408 -9.011378
v -6.306215 -0.000002 -9.011379
v 0.000008 -0.000001 -14.398345
v -18.518410 14.444076 -6.389232
v -18.341440 14.263356 -6.572387
v -18.176023 14.456262 -6.389232
v -18.244738 14.271043 -6.572387
v -2.084372 12.459044 -6.389231
v -1.808425 12.608537 -6.389231
v -2.057333 12.681012 -6.572386
v -1.983646 12.718789 -6.572386
v -2.084372 12.459044 -6.389231
v 0.000008 8.852129 -8.417088
v 0.000009 8.746728 -8.386913
v 0.000008 11.397849 -7.004158
v 0.000008 11.126737 -7.149004
v -4.189322 4.954973 -9.035653
v -3.747870 5.348284 -9.030319
v -6.802145 8.330546 -6.389232
v -6.161068 8.882956 -6.389232
v -6.161068 8.882956 -6.389232
v -3.747870 5.348284 -9.030319
v -5.897259 8.879271 -6.389232
v -3.510989 5.350800 -8.987985
v -4.189322 4.954973 -9.035653
v -4.059877 4.841709 -8.994454
v -3.747870 5.348284 -9.030319
v -3.510989 5.350800 -8.987985
v 0.000008 11.397849 -7.004158
v -0.108866 11.276096 -7.031202
v 0.000008 11.126737 -7.149004
v -0.109547 11.144114 -7.104530
v -0.169496 11.050939 -7.059822
v -0.169133 11.251460 -6.948524
v -1.370611 11.760739 -6.389231
v 0.000008 12.299592 -6.389231
v -0.195401 9.098561 -8.141097
v -0.138776 9.219510 -8.170327
v -0.197841 10.708268 -7.244408
v -0.138915 10.744440 -7.320978
v -0.169496 11.050939 -7.059822
v 0.000008 11.016974 -7.117821
v -0.109547 11.144114 -7.104530
v 0.000008 11.126737 -7.149004
v -0.108866 11.276096 -7.031202
v 0.000008 11.397849 -7.004158
v -0.169133 11.251460 -6.948524
v 0.000008 11.426557 -6.888681
v -0.138776 9.219510 -8.170327
v 0.000008 9.282908 -8.176711
v -0.138915 10.744440 -7.320978
v 0.000008 10.940766 -7.250486
v 0.000008 10.963767 -7.147158
v 0.000008 10.940766 -7.250486
v 0.000008 11.016974 -7.117821
v 0.000008 10.963767 -7.147158
v -0.197841 10.708268 -7.244408
v 0.000008 9.282908 -8.176711
v -0.138776 9.219510 -8.170327
v 0.000009 9.175601 -8.146595
v -0.195401 9.098561 -8.141097
v -0.169496 11.050939 -7.059822
v -0.109547 11.144114 -7.104530
v -0.169133 11.251460 -6.948524
v -0.108866 11.276096 -7.031202
v 0.000009 9.175601 -8.146595
v -0.195401 9.098561 -8.141097
v 0.000008 8.953670 -8.270919
v -0.196909 8.855659 -8.276941
v -0.197321 8.677955 -8.376430
v -0.141800 8.795747 -8.407175
v -0.196909 8.855659 -8.276941
v -0.141632 8.861716 -8.370259
v 0.000008 8.852129 -8.417088
v -0.141800 8.795747 -8.407175
v 0.000009 8.746728 -8.386913
v -0.197321 8.677955 -8.376430
v -0.141800 8.795747 -8.407175
v 0.000008 8.852129 -8.417088
v -0.141632 8.861716 -8.370259
v 0.000008 8.931150 -8.372890
v 0.000008 8.931150 -8.372890
v 0.000008 8.953670 -8.270919
v -0.141632 8.861716 -8.370259
v -0.196909 8.855659 -8.276941
v 0.000008 10.963767 -7.147158
v 0.000008 10.940766 -7.250486
v 0.000008 11.016974 -7.117821
v 0.000008 9.282908 -8.176711
v 0.000009 9.175601 -8.146595
v 0.000008 8.931150 -8.372890
v 0.000008 8.953670 -8.270919
v -7.642267 -0.000001 -8.998427
v -6.306215 -0.000002 -9.011379
v -7.191618 0.894004 -8.985928
v -5.351607 3.510179 -8.987985
v -6.009893 2.679250 -8.985885
v -6.647301 1.783235 -8.985878
v -8.331354 6.801337 -6.389233
v -4.955781 4.188514 -9.035652
v -7.590092 7.589284 -6.389233
v -4.581530 4.580723 -9.035206
v -5.351607 3.510179 -8.987985
v -5.349092 3.747063 -9.030318
v -8.880079 5.896450 -6.389233
v -8.883766 6.160259 -6.389233
v -4.955781 4.188514 -9.035652
v -5.349092 3.747063 -9.030318
v -4.842516 4.059070 -8.994455
v -5.351607 3.510179 -8.987985
v -9.220319 0.137967 -8.170327
v -10.745249 0.138105 -7.320980
v -9.283712 -0.000002 -8.176711
v -10.941572 -0.000001 -7.250487
v -11.144923 0.108737 -7.104531
v -11.276905 0.108057 -7.031203
v -11.127542 -0.000001 -7.149004
v -11.396794 -0.000002 -7.004088
v -9.283712 -0.000002 -8.176711
v -9.176407 -0.000001 -8.146596
v -9.220319 0.137967 -8.170327
v -9.099367 0.194593 -8.141097
v -11.276905 0.108057 -7.031203
v -11.144923 0.108737 -7.104531
v -11.252268 0.168323 -6.948525
v -11.051744 0.168686 -7.059823
v -11.051744 0.168686 -7.059823
v -11.144923 0.108737 -7.104531
v -11.017780 -0.000002 -7.117821
v -11.127542 -0.000001 -7.149004
v -11.428102 -0.000002 -6.888381
v -11.396794 -0.000002 -7.004088
v -11.252268 0.168323 -6.948525
v -11.276905 0.108057 -7.031203
v -10.964571 -0.000002 -7.147158
v -10.941572 -0.000001 -7.250487
v -10.709076 0.197031 -7.244408
v -10.745249 0.138105 -7.320980
v -9.176407 -0.000001 -8.146596
v -8.954473 -0.000002 -8.270919
v -9.099367 0.194593 -8.141097
v -8.856467 0.196100 -8.276943
v -8.862523 0.140823 -8.370260
v -8.796555 0.140991 -8.407177
v -8.856467 0.196100 -8.276943
v -8.678763 0.196512 -8.376428
v -8.678763 0.196512 -8.376428
v -8.796555 0.140991 -8.407177
v -8.748461 -0.000002 -8.387374
v -8.855469 -0.000002 -8.415847
v -8.931859 -0.000002 -8.373226
v -8.855469 -0.000002 -8.415847
v -8.862523 0.140823 -8.370260
v -8.796555 0.140991 -8.407177
v -8.931859 -0.000002 -8.373226
v -8.862523 0.140823 -8.370260
v -8.954473 -0.000002 -8.270919
v -8.856467 0.196100 -8.276943
v -10.964571 -0.000002 -7.147158
v -11.017780 -0.000002 -7.117821
v -10.941572 -0.000001 -7.250487
v -11.127542 -0.000001 -7.149004
v -8.954473 -0.000002 -8.270919
v -9.176407 -0.000001 -8.146596
v -8.931859 -0.000002 -8.373226
v -9.283712 -0.000002 -8.176711
v -11.428102 -0.000002 -6.888381
v -11.396794 -0.000002 -7.004088
v -11.083856 -0.000002 -9.492843
v -8.855469 -0.000002 -8.415847
v -8.748461 -0.000002 -8.387374
v -7.642267 -0.000001 -8.998427
v -8.678763 0.196512 -8.376428
v -10.014995 5.954825 -6.389233
v -10.106229 6.137581 -6.572387
v -4.581530 4.580723 -9.035206
v -4.461411 4.460603 -8.994430
v -4.416751 5.539126 -19.154278
v -5.277140 4.713895 -19.154274
v -3.426860 6.181385 -19.154274
v 0.000008 19.112827 -19.154278
v 0.000008 7.121894 -19.154274
v -1.207316 6.958220 -19.154274
v -2.316266 6.683273 -19.154274
v -17.869104 9.942075 -6.389233
v -15.025335 1.807336 -6.389233
v -17.423065 4.468570 -6.572387
v -18.518410 14.444076 -6.389232
v -12.599682 1.803723 -6.389233
v -11.551875 8.125263 -6.572386
v -13.024523 6.131026 -6.572387
v -10.106229 6.137581 -6.572387
v -15.226838 8.332066 -6.572387
v -10.364218 9.277173 -6.572386
v -9.134000 7.380967 -6.572387
v -9.750851 6.618965 -6.572387
v -16.478741 15.444104 -6.572387
v -15.444910 16.477932 -6.572387
v -9.278051 10.359324 -6.572386
v -8.290386 8.290977 -6.572386
v -7.380726 9.134674 -6.572386
v -6.600406 9.770684 -6.572386
v -8.340417 15.234945 -6.572387
v -10.099032 15.255648 -6.572387
v -12.216949 15.685617 -6.572387
v -16.377615 11.618638 -6.572386
v -17.796066 10.126023 -6.572387
v -15.249938 10.105000 -6.572386
v -15.682416 12.212234 -6.572386
v -11.871578 16.371164 -6.389232
v -13.738855 17.460030 -6.389232
v -13.349872 17.848701 -6.389232
v -10.620860 9.279535 -6.389231
v -11.550333 8.379441 -6.389232
v -4.469379 17.422255 -6.572387
v -5.390456 18.343388 -6.572387
v -7.308879 18.334293 -6.572387
v -10.443412 4.531126 -6.572387
v -12.159869 4.536925 -6.572387
v -4.531936 10.442601 -6.572386
v -3.577905 15.815555 -6.389232
v -4.399339 16.643181 -6.389232
v -18.527987 5.313792 -6.389233
v -1.983646 12.718789 -6.572386
v -8.262401 15.416456 -6.389232
v -9.921225 15.432944 -6.389232
v -15.433758 9.920417 -6.389231
v -10.709076 0.197031 -7.244408
v -11.051744 0.168686 -7.059823
v -10.964571 -0.000002 -7.147158
v -11.017780 -0.000002 -7.117821
v -17.033255 -0.000001 -11.971032
v -9.540562 0.181024 -11.794100
v -11.772785 0.181024 -11.352742
v -14.641912 0.181024 -9.676803
v -4.038416 0.181026 -14.314153
v -2.009090 0.181026 -15.968165
v -7.443354 0.181024 -10.480706
v -8.748461 -0.000002 -8.387374
v -11.889671 -0.000001 -11.169875
v -13.774542 -0.000002 -11.173339
v -6.161068 8.882956 -6.389232
v -7.590092 7.589284 -6.389233
v -9.606402 6.475985 -6.389233
v -5.897259 8.879271 -6.389232
v -5.349092 3.747063 -9.030318
v -8.883766 6.160259 -6.389233
v -12.300396 -0.000001 -6.389233
v -11.252268 0.168323 -6.948525
v -11.761528 1.369835 -6.389233
v -3.080342 5.691761 -8.985878
v -3.510989 5.350800 -8.987985
v -2.202161 6.359456 -8.985874
v -1.304330 6.948403 -8.985886
v -4.461411 4.460603 -8.994430
v -4.059877 4.841709 -8.994454
v -4.842516 4.059070 -8.994455
v 0.000008 4.241653 -15.365696
v 0.000008 7.290778 -16.627411
v -0.178890 5.283617 -11.105221
v -5.103889 9.507622 -6.389232
v -5.897259 8.879271 -6.389232
v -3.080342 5.691761 -8.985878
v -3.510989 5.350800 -8.987985
v -4.005842 10.272927 -6.389231
v -2.202161 6.359456 -8.985874
v -1.304330 6.948403 -8.985886
v -2.592828 11.140286 -6.389231
v -0.466871 7.424318 -8.986255
v -0.197321 8.677955 -8.376430
v 0.000009 8.746728 -8.386913
v 0.000008 7.641460 -8.998424
v -9.707585 4.825338 -6.389233
v -6.009893 2.679250 -8.985885
v -8.880079 5.896450 -6.389233
v -5.351607 3.510179 -8.987985
v -10.405294 3.822143 -6.389233
v -6.647301 1.783235 -8.985878
v -7.191618 0.894004 -8.985928
v -11.133975 2.606251 -6.389233
v -11.428102 -0.000002 -6.888381
v 0.000008 13.182422 -9.481380
v 0.000008 11.426557 -6.888681
v 0.000008 7.121894 -19.154274
v 0.000009 6.200900 -18.063934
v 0.000008 -0.000001 -18.062428
v -6.147842 0.857276 -18.064766
v -17.530487 -0.000001 -18.065125
v -17.530487 0.857276 -18.066353
v -7.031250 0.857276 -19.154274
v -17.530487 0.857276 -6.389233
v -6.035926 2.526343 -18.575741
v -6.294836 2.633131 -18.597332
v -5.675860 2.377300 -18.064552
v -6.035926 2.526343 -18.575741
v -3.426860 6.181385 -19.154274
v -3.295270 5.965209 -18.597271
v -1.047783 6.050180 -18.064415
v -1.115451 6.429705 -18.575413
v -2.962637 5.384391 -18.064064
v -5.221615 3.256684 -18.063576
v -3.837036 4.812823 -18.064568
v -4.579269 4.090147 -18.063869
v 0.000009 6.200900 -18.063934
v 0.000009 6.588246 -18.574631
v 0.000008 11.426557 -6.888681
v -6.164009 5.422848 -7.881249
v -6.204804 5.431363 -7.989215
v -5.861721 5.534787 -7.964174
v -5.889170 5.548243 -8.075794
v -6.520547 5.446933 -7.844830
v -6.466402 5.437760 -7.742970
v -6.903942 6.114550 -7.257216
v -6.977404 6.153601 -7.337628
v -6.871381 5.816340 -7.401427
v -6.943405 5.842227 -7.488208
v -6.781805 5.592264 -7.667613
v -6.716615 5.576948 -7.573247
v -5.425419 6.351792 -7.798082
v -5.433607 6.401318 -7.902371
v -5.521175 6.626598 -7.636535
v -5.533592 6.688256 -7.733694
v -5.628222 5.777368 -8.089611
v -5.467080 6.079118 -8.028267
v -5.611808 5.754224 -7.977404
v -5.457479 6.043215 -7.918655
v -5.749743 6.890319 -7.551396
v -6.044690 6.972568 -7.387005
v -5.728189 6.820117 -7.461947
v -6.010664 6.898887 -7.304505
v -6.367431 6.920780 -7.268941
v -6.319759 6.849290 -7.191433
v -6.877921 6.472543 -7.241918
v -6.808665 6.420006 -7.165551
v -6.662162 6.743912 -7.217623
v -6.602027 6.679902 -7.142282
v -6.126392 5.496815 -7.745967
v -6.382744 5.509459 -7.628743
v -6.726062 5.830398 -7.339203
v -6.753666 6.083203 -7.216947
v -6.594860 5.627453 -7.484863
v -5.500255 6.284324 -7.675462
v -5.527432 6.022729 -7.777679
v -5.658263 5.777739 -7.827482
v -5.870127 5.591711 -7.816268
v -6.258427 6.706076 -7.161180
v -5.996393 6.748123 -7.257037
v -5.756926 6.681345 -7.390505
v -5.581431 6.517290 -7.538511
v -6.672895 6.342152 -7.139235
v -6.497720 6.562477 -7.119512
v -6.092633 5.648440 -7.587178
v -6.346917 5.698708 -7.454452
v -6.513392 5.882499 -7.301771
v -6.504424 6.150725 -7.188729
v -5.672374 6.017448 -7.609426
v -5.838498 5.780288 -7.640439
v -6.093348 6.511669 -7.210491
v -5.833398 6.479565 -7.337769
v -5.681783 6.282727 -7.489663
v -6.353177 6.396161 -7.147628
v -6.299577 6.031395 -7.276871
v -6.144297 5.847166 -7.424862
v -6.071754 6.063571 -7.348010
v -5.894921 5.968160 -7.480780
v -5.896079 6.227170 -7.367345
v -6.146170 6.266252 -7.241323
v 17.530487 0.857277 -18.066353
v 6.147842 0.857276 -18.064766
v 6.772033 0.857277 -18.596527
v 5.221615 3.256684 -18.063578
v 4.579269 4.090147 -18.063869
v 5.544840 3.482472 -18.575623
v 4.871295 4.351512 -18.575665
v 6.294836 2.633131 -18.597332
v 6.530291 2.721801 -19.154276
v 6.640990 1.630805 -18.597275
v 6.896198 1.698426 -19.154274
v 19.169334 0.857276 -19.154274
v 19.169334 0.857276 -6.389234
v 5.781933 3.631099 -18.597250
v 5.979028 3.780948 -19.154276
v 5.781933 3.631099 -18.597250
v 5.544840 3.482472 -18.575623
v 5.079817 4.537326 -18.597275
v 4.871295 4.351512 -18.575665
v 3.837036 4.812823 -18.064568
v 4.078374 5.115451 -18.575657
v 10.606924 3.921241 -6.389234
v 10.405293 3.822144 -6.389234
v 11.204136 2.984730 -6.389234
v 11.133974 2.606251 -6.389234
v 19.169334 0.857276 -6.389234
v 15.823211 2.608007 -6.389234
v 17.530487 0.857277 -6.389234
v 16.655298 4.395792 -6.389234
v 15.817486 3.565554 -6.389234
v 17.485102 4.272613 -6.389234
v 17.849506 13.349060 -6.389233
v 17.468384 13.742413 -6.389233
v 16.371973 11.870770 -6.389232
v 15.677159 12.463032 -6.389232
v 15.637830 2.682081 -6.572388
v 15.625966 3.641328 -6.572387
v 14.949093 1.991059 -6.572388
v 14.949093 1.991059 -6.572388
v 12.719757 1.982300 -6.572388
v 15.025334 1.807336 -6.389234
v 12.599681 1.803723 -6.389234
v 14.949093 1.991059 -6.572388
v 15.025334 1.807336 -6.389234
v 15.637830 2.682081 -6.572388
v 15.823211 2.608007 -6.389234
v 15.625966 3.641328 -6.572387
v 15.637830 2.682081 -6.572388
v 15.817486 3.565554 -6.389234
v 15.823211 2.608007 -6.389234
v 16.593517 4.599100 -6.572388
v 15.625966 3.641328 -6.572387
v 16.655298 4.395792 -6.389234
v 15.817486 3.565554 -6.389234
v 16.593517 4.599100 -6.572388
v 16.655298 4.395792 -6.389234
v 17.423065 4.468570 -6.572388
v 17.485102 4.272613 -6.389234
v 18.344196 5.389645 -6.572388
v 17.423065 4.468570 -6.572388
v 18.527987 5.313792 -6.389234
v 17.485102 4.272613 -6.389234
v 18.515606 7.488058 -6.389235
v 18.335106 7.308068 -6.572388
v 18.527987 5.313792 -6.389234
v 18.344196 5.389645 -6.572388
v 17.946611 7.316297 -6.572387
v 18.335106 7.308068 -6.572388
v 17.871960 7.499907 -6.389234
v 18.515606 7.488058 -6.389235
v 17.946611 7.316297 -6.572387
v 17.871960 7.499907 -6.389234
v 12.682025 2.055899 -6.572388
v 12.452491 2.076912 -6.389234
v 9.133999 7.380967 -6.572388
v 8.983203 7.248737 -6.389234
v 9.750850 6.618965 -6.572388
v 9.606401 6.475985 -6.389234
v 13.024522 6.131026 -6.572388
v 10.106228 6.137581 -6.572388
v 13.100472 5.947186 -6.389234
v 10.014994 5.954825 -6.389234
v 15.226837 8.332067 -6.572388
v 13.024522 6.131026 -6.572388
v 15.410553 8.255918 -6.389233
v 13.100472 5.947186 -6.389234
v 15.249937 10.105000 -6.572387
v 15.226837 8.332067 -6.572388
v 15.433757 9.920418 -6.389232
v 15.410553 8.255918 -6.389233
v 15.249937 10.105000 -6.572387
v 15.433757 9.920418 -6.389232
v 17.796066 10.126024 -6.572388
v 17.869104 9.942076 -6.389234
v 18.523031 10.560627 -6.389232
v 18.339460 10.639751 -6.572387
v 17.869104 9.942076 -6.389234
v 17.796066 10.126024 -6.572388
v 18.518410 14.444077 -6.389233
v 18.341440 14.263357 -6.572388
v 18.523031 10.560627 -6.389232
v 18.339460 10.639751 -6.572387
v 17.468384 13.742413 -6.389233
v 17.729837 13.747012 -6.572388
v 18.176023 14.456263 -6.389233
v 18.244738 14.271044 -6.572388
v 18.111303 13.355604 -6.572388
v 17.729837 13.747012 -6.572388
v 17.849506 13.349060 -6.389233
v 17.468384 13.742413 -6.389233
v 16.371973 11.870770 -6.389232
v 16.377615 11.618639 -6.572387
v 17.849506 13.349060 -6.389233
v 18.111303 13.355604 -6.572388
v 16.377615 11.618639 -6.572387
v 16.371973 11.870770 -6.389232
v 15.682415 12.212235 -6.572387
v 15.677159 12.463032 -6.389232
v 11.550332 8.379442 -6.389233
v 10.620859 9.279536 -6.389232
v 11.551874 8.125264 -6.572387
v 10.364217 9.277174 -6.572387
v 10.094108 4.715247 -6.389234
v 10.606924 3.921241 -6.389234
v 10.443411 4.531126 -6.572388
v 10.785962 4.018202 -6.572388
v 11.239958 3.272564 -6.572387
v 11.204136 2.984730 -6.389234
v 12.173262 4.199273 -6.572388
v 11.239958 3.272564 -6.572387
v 12.360457 4.123354 -6.389234
v 11.204136 2.984730 -6.389234
v 12.173262 4.199273 -6.572388
v 12.360457 4.123354 -6.389234
v 12.159868 4.536925 -6.572388
v 12.336101 4.717149 -6.389234
v 10.094108 4.715247 -6.389234
v 10.443411 4.531126 -6.572388
v 12.336101 4.717149 -6.389234
v 12.159868 4.536925 -6.572388
v 8.290385 8.290977 -6.572387
v 8.148993 8.148522 -6.389233
v 18.176023 14.456263 -6.389233
v 19.169331 19.112827 -6.389233
v 16.734306 15.444016 -6.389233
v 18.344196 5.389645 -6.572388
v 17.946611 7.316297 -6.572387
v 16.593517 4.599100 -6.572388
v 12.300395 -0.000001 -6.389234
v 17.530487 -0.000002 -6.389234
v 19.169334 0.857276 -19.154274
v 6.896198 1.698426 -19.154274
v 6.530291 2.721801 -19.154276
v 18.515606 7.488058 -6.389235
v 18.523031 10.560627 -6.389232
v 7.031250 0.857276 -19.154274
v 19.169331 19.112827 -19.154282
v 5.979028 3.780948 -19.154276
v 2.962637 5.384391 -18.064064
v 3.159725 5.720880 -18.575649
v 2.260521 6.452217 -18.597338
v 1.160837 6.702127 -18.597095
v 2.316266 6.683273 -19.154276
v 1.207316 6.958220 -19.154276
v 1.115451 6.429705 -18.575413
v -0.000009 6.588246 -18.574631
v 1.160837 6.702127 -18.597095
v -0.000009 6.862788 -18.596527
v -0.000009 6.862788 -18.596527
v -0.000008 7.121894 -19.154276
v 3.159725 5.720880 -18.575649
v 3.295270 5.965209 -18.597271
v 4.078374 5.115451 -18.575657
v 4.253094 5.333906 -18.597275
v 2.167403 6.187638 -18.575745
v 2.260521 6.452217 -18.597338
v 2.039354 5.821721 -18.064625
v 2.167403 6.187638 -18.575745
v 5.079817 4.537326 -18.597275
v 4.253094 5.333906 -18.597275
v 5.277140 4.713895 -19.154276
v 4.416751 5.539126 -19.154278
v 2.592828 11.140287 -6.389232
v 4.005842 10.272928 -6.389232
v 2.986096 11.202682 -6.389234
v 3.920917 10.607313 -6.389232
v 1.808425 12.608538 -6.389232
v -0.000008 12.299593 -6.389232
v 1.370611 11.760740 -6.389232
v 7.502353 17.869919 -6.389233
v 9.939666 17.865395 -6.389233
v 7.488885 18.512306 -6.389233
v 10.561434 18.522221 -6.389233
v 5.103889 9.507623 -6.389233
v 4.716543 10.086938 -6.389233
v 2.084371 12.459045 -6.389232
v 1.370611 11.760740 -6.389232
v 2.084372 12.459042 -6.389232
v 5.947687 10.010841 -6.389232
v 4.718721 12.335371 -6.389232
v 2.682891 15.637022 -6.572388
v 1.991868 14.948286 -6.572388
v 3.651242 15.623349 -6.572388
v 1.808425 12.608538 -6.389232
v 1.983646 12.718790 -6.572387
v 1.808145 15.024529 -6.389233
v 1.991868 14.948286 -6.572388
v 2.608816 15.822404 -6.389233
v 1.808145 15.024529 -6.389233
v 2.682891 15.637022 -6.572388
v 1.991868 14.948286 -6.572388
v 2.608816 15.822404 -6.389233
v 2.682891 15.637022 -6.572388
v 3.577905 15.815556 -6.389233
v 3.651242 15.623349 -6.572388
v 4.598060 16.582930 -6.572388
v 4.399339 16.643181 -6.389233
v 3.651242 15.623349 -6.572388
v 3.577905 15.815556 -6.389233
v 5.390456 18.343388 -6.572388
v 5.314602 18.527184 -6.389233
v 4.469379 17.422255 -6.572388
v 4.273421 17.484291 -6.389233
v 5.390456 18.343388 -6.572388
v 7.308879 18.334293 -6.572388
v 5.314602 18.527184 -6.389233
v 7.488885 18.512306 -6.389233
v 7.488885 18.512306 -6.389233
v 7.308879 18.334293 -6.572388
v 7.502353 17.869919 -6.389233
v 7.317109 17.945808 -6.572388
v 6.441209 9.638762 -6.389232
v 7.248517 8.983771 -6.389233
v 6.600406 9.770685 -6.572387
v 7.380726 9.134675 -6.572387
v 10.099031 15.255649 -6.572388
v 9.921224 15.432945 -6.389233
v 8.340416 15.234946 -6.572388
v 8.262400 15.416457 -6.389233
v 10.099031 15.255649 -6.572388
v 10.121740 17.790836 -6.572388
v 9.921224 15.432945 -6.389233
v 9.939666 17.865395 -6.389233
v 10.561434 18.522221 -6.389233
v 9.939666 17.865395 -6.389233
v 10.640561 18.338655 -6.572388
v 10.121740 17.790836 -6.572388
v 14.444256 18.520494 -6.389233
v 10.561434 18.522221 -6.389233
v 14.264140 18.340805 -6.572388
v 10.640561 18.338655 -6.572388
v 14.271853 18.243958 -6.572388
v 13.743769 17.725016 -6.572388
v 14.457112 18.175352 -6.389233
v 13.738854 17.460030 -6.389233
v 13.356399 18.107801 -6.572388
v 13.349871 17.848701 -6.389233
v 13.743769 17.725016 -6.572388
v 13.738854 17.460030 -6.389233
v 11.871577 16.371164 -6.389233
v 13.349871 17.848701 -6.389233
v 11.619855 16.377316 -6.572388
v 13.356399 18.107801 -6.572388
v 11.619855 16.377316 -6.572388
v 12.216948 15.685618 -6.572388
v 11.871577 16.371164 -6.389233
v 12.465817 15.680723 -6.389233
v 8.380251 11.549525 -6.389232
v 8.120996 11.552477 -6.572387
v 9.280346 10.620049 -6.389232
v 9.278050 10.359325 -6.572387
v 16.734306 15.444016 -6.389233
v 15.445612 16.733696 -6.389233
v 16.478741 15.444105 -6.572388
v 15.444909 16.477932 -6.572388
v 4.716543 10.086938 -6.389233
v 4.531936 10.442602 -6.572387
v 3.920917 10.607313 -6.389232
v 4.018900 10.785563 -6.572387
v 2.986096 11.202682 -6.389234
v 3.275247 11.238530 -6.572387
v 4.200080 12.172453 -6.572387
v 4.125404 12.358620 -6.389232
v 3.275247 11.238530 -6.572387
v 2.986096 11.202682 -6.389234
v 4.200080 12.172453 -6.572387
v 4.537732 12.159059 -6.572387
v 4.125404 12.358620 -6.389232
v 4.718721 12.335371 -6.389232
v 4.537732 12.159059 -6.572387
v 4.531936 10.442602 -6.572387
v 4.718721 12.335371 -6.389232
v 4.716543 10.086938 -6.389233
v 5.314602 18.527184 -6.389233
v -0.000008 19.112827 -6.389233
v 14.444256 18.520494 -6.389233
v 14.457112 18.175352 -6.389233
v 15.445612 16.733696 -6.389233
v 1.808145 15.024529 -6.389233
v 10.121740 17.790836 -6.572388
v 11.619855 16.377316 -6.572388
v 10.640561 18.338655 -6.572388
v 14.264140 18.340805 -6.572388
v 13.356399 18.107801 -6.572388
v 14.271853 18.243958 -6.572388
v 13.743769 17.725016 -6.572388
v 9.278050 10.359325 -6.572387
v 15.444909 16.477932 -6.572388
v 9.280346 10.620049 -6.389232
v 15.445612 16.733696 -6.389233
v 4.273421 17.484291 -6.389233
v 2.608816 15.822404 -6.389233
v 11.551874 8.125264 -6.572387
v 15.682415 12.212235 -6.572387
v 11.550332 8.379442 -6.389233
v 15.677159 12.463032 -6.389232
v -0.000008 19.112827 -19.154278
v -0.000009 6.862788 -18.596527
v -0.000009 17.520363 -16.635750
v -0.000008 -0.000001 -14.398346
v -0.000008 6.305408 -9.011379
v -0.000008 5.215565 -10.920964
v -0.000008 0.584903 -15.347661
v -0.000008 -0.000001 -18.062429
v -0.000008 17.519220 -14.929947
v -0.000008 7.423683 -14.901858
v -0.000008 7.799027 -12.105289
v 0.185320 7.331122 -16.426914
v 0.185963 7.385053 -15.093377
v 0.180654 17.340691 -16.453995
v 0.180639 17.340706 -15.109062
v -0.000009 17.520363 -16.635750
v -0.000008 7.290778 -16.627411
v 0.180654 17.340691 -16.453995
v 0.185320 7.331122 -16.426914
v -0.000008 17.519220 -14.929947
v 0.180639 17.340706 -15.109062
v -0.000008 7.423683 -14.901858
v 0.185963 7.385053 -15.093377
v 0.185258 5.160482 -14.135777
v 0.185848 7.692213 -11.943172
v -0.000008 5.503547 -14.082482
v -0.000008 7.799027 -12.105289
v -0.000008 17.521128 -9.461422
v -0.000008 13.182423 -9.481380
v 0.183170 17.340187 -9.277386
v 0.185643 13.132990 -9.291508
v -0.000009 12.681704 -7.820489
v 0.178517 12.726419 -8.006118
v -0.000008 6.389822 -10.911725
v 0.186016 6.434146 -11.102997
v 0.178889 5.283617 -11.105222
v -0.000008 5.215565 -10.920964
v -0.000008 0.570941 -14.892842
v -0.000008 5.215565 -10.920964
v 0.179071 0.756931 -14.977217
v 0.178889 5.283617 -11.105222
v 0.179071 0.756931 -14.977217
v 0.180627 0.763529 -15.166653
v -0.000008 0.570941 -14.892842
v -0.000008 0.584903 -15.347661
v -0.000008 0.584903 -15.347661
v 0.180627 0.763529 -15.166653
v -0.000008 4.241653 -15.365697
v 0.185958 4.279629 -15.175046
v 0.183170 17.340187 -9.277386
v 0.185643 13.132990 -9.291508
v 0.182208 17.340935 -8.022526
v 0.178517 12.726419 -8.006118
v 0.185958 4.279629 -15.175046
v 0.185258 5.160482 -14.135777
v 0.186016 6.434146 -11.102997
v 0.185848 7.692213 -11.943172
v 17.530487 0.857277 -18.066353
v 17.530487 0.857277 -6.389234
v 17.530487 -0.000000 -18.065126
v 17.530487 -0.000002 -6.389234
v -0.000008 17.521128 -9.461422
v -0.000008 19.112827 -6.389233
v 10.137101 0.000000 -17.573837
v 9.521149 -0.000000 -16.189554
v 1.484060 -0.000001 -16.157541
v 17.530487 -0.000000 -18.065126
v 16.104340 -0.000000 -17.587347
v 6.306215 -0.000001 -9.011380
v 6.553942 -0.000002 -9.507467
v 7.642267 -0.000001 -8.998428
v -0.000008 -0.000001 -14.398346
v -0.000008 -0.000001 -18.062429
v 14.520531 -0.000000 -9.493118
v 17.530487 -0.000002 -6.389234
v 12.300395 -0.000001 -6.389234
v 17.032404 -0.000000 -9.498129
v 3.973376 0.000000 -14.129727
v 16.115959 0.000001 -16.195272
v 17.032288 -0.000000 -16.163736
v 16.852703 0.181026 -14.325562
v 15.929814 0.181026 -16.013071
v 16.852697 0.181026 -15.981136
v 10.137101 0.000000 -17.573837
v 10.258376 0.181026 -17.387980
v 9.521149 -0.000000 -16.189554
v 9.653059 0.181025 -16.002354
v 1.484060 -0.000001 -16.157541
v 9.521149 -0.000000 -16.189554
v 2.009090 0.181026 -15.968166
v 9.653059 0.181025 -16.002354
v 1.484060 -0.000001 -16.157541
v 2.009090 0.181026 -15.968166
v 3.973376 0.000000 -14.129727
v 4.038416 0.181026 -14.314154
v 17.033255 -0.000000 -14.144003
v 3.973376 0.000000 -14.129727
v 16.852703 0.181026 -14.325562
v 4.038416 0.181026 -14.314154
v 17.032288 -0.000000 -16.163736
v 17.033255 -0.000000 -14.144003
v 16.852697 0.181026 -15.981136
v 16.852703 0.181026 -14.325562
v 17.032288 -0.000000 -16.163736
v 16.852697 0.181026 -15.981136
v 16.115959 0.000001 -16.195272
v 15.929814 0.181026 -16.013071
v 15.929814 0.181026 -16.013071
v 15.920262 0.181026 -17.405344
v 16.115959 0.000001 -16.195272
v 16.104340 -0.000000 -17.587347
v 16.104340 -0.000000 -17.587347
v 15.920262 0.181026 -17.405344
v 10.137101 0.000000 -17.573837
v 10.258376 0.181026 -17.387980
v 8.871726 0.181024 -10.496231
v 7.443354 0.181024 -10.480707
v 8.755498 -0.000002 -10.685229
v 7.348785 -0.000001 -10.663122
v 6.553942 -0.000002 -9.507467
v 7.348785 -0.000001 -10.663122
v 6.895030 0.181024 -9.684070
v 7.443354 0.181024 -10.480707
v 10.965009 0.181024 -9.676691
v 11.083855 -0.000001 -9.492844
v 6.895030 0.181024 -9.684070
v 6.553942 -0.000002 -9.507467
v 11.083855 -0.000001 -9.492844
v 10.965009 0.181024 -9.676691
v 11.889670 -0.000001 -11.169876
v 11.772784 0.181024 -11.352743
v 13.894987 0.181024 -11.356222
v 13.774541 -0.000002 -11.173340
v 11.772784 0.181024 -11.352743
v 11.889670 -0.000001 -11.169876
v 17.032404 -0.000000 -9.498129
v 14.520531 -0.000000 -9.493118
v 16.852701 0.181024 -9.679535
v 14.641912 0.181024 -9.676804
v 16.852703 0.181023 -11.789477
v 17.033255 -0.000000 -11.971033
v 16.852701 0.181024 -9.679535
v 17.032404 -0.000000 -9.498129
v 9.540561 0.181024 -11.794101
v 9.426268 -0.000001 -11.979129
v 16.852703 0.181023 -11.789477
v 17.033255 -0.000000 -11.971033
v 9.426268 -0.000001 -11.979129
v 9.540561 0.181024 -11.794101
v 8.755498 -0.000002 -10.685229
v 8.871726 0.181024 -10.496231
v 7.348785 -0.000001 -10.663122
v -0.000009 17.520363 -16.635750
v 0.180654 17.340691 -16.453995
v -0.000008 17.519220 -14.929947
v 0.180639 17.340706 -15.109062
v -0.000008 17.518522 -7.841043
v 0.182208 17.340935 -8.022526
v 6.368979 1.568746 -18.575655
v 6.640990 1.630805 -18.597275
v 6.497484 0.857276 -18.574619
v 6.772033 0.857277 -18.596527
v 6.772033 0.857277 -18.596527
v 7.031250 0.857276 -19.154274
v 5.992884 1.481182 -18.064571
v 6.368979 1.568746 -18.575655
v 6.147842 0.857276 -18.064766
v 6.497484 0.857276 -18.574619
v 15.410553 8.255918 -6.389233
v 13.100472 5.947186 -6.389234
v 17.871960 7.499907 -6.389234
v 12.719757 1.982300 -6.572388
v 12.682025 2.055899 -6.572388
v 12.719757 1.982300 -6.572388
v 12.682025 2.055899 -6.572388
v 12.599681 1.803723 -6.389234
v 12.452491 2.076912 -6.389234
v 18.335106 7.308068 -6.572388
v 18.341440 14.263357 -6.572388
v 18.244738 14.271044 -6.572388
v 18.111303 13.355604 -6.572388
v 17.729837 13.747012 -6.572388
v 16.734306 15.444016 -6.389233
v 16.478741 15.444105 -6.572388
v 10.620859 9.279536 -6.389232
v 10.364217 9.277174 -6.572387
v 6.497484 0.857276 -18.574619
v 12.465817 15.680723 -6.389233
v 8.380251 11.549525 -6.389232
v 9.280346 10.620049 -6.389232
v 5.947997 13.099664 -6.389233
v 4.125404 12.358620 -6.389232
v 2.084372 12.459042 -6.389232
v 2.986096 11.202682 -6.389234
v 2.084371 12.459045 -6.389232
v 6.131836 13.023713 -6.572388
v 6.136610 10.101774 -6.572387
v 8.120996 11.552477 -6.572387
v 4.273421 17.484291 -6.389233
v 4.399339 16.643181 -6.389233
v 4.469379 17.422255 -6.572388
v 4.598060 16.582930 -6.572388
v 8.340416 15.234946 -6.572388
v 8.262400 15.416457 -6.389233
v 6.131836 13.023713 -6.572388
v 5.947997 13.099664 -6.389233
v 14.271853 18.243958 -6.572388
v 14.457112 18.175352 -6.389233
v 14.264140 18.340805 -6.572388
v 14.444256 18.520494 -6.389233
v 4.537732 12.159059 -6.572387
v 4.200080 12.172453 -6.572387
v 4.018900 10.785563 -6.572387
v -0.000009 6.588246 -18.574631
v -0.000009 6.200900 -18.063934
v 12.465817 15.680723 -6.389233
v 12.216948 15.685618 -6.572388
v 8.380251 11.549525 -6.389232
v 8.120996 11.552477 -6.572387
v -0.000008 7.641460 -8.998425
v -0.000008 6.389822 -10.911725
v -0.000008 5.503547 -14.082482
v -0.000008 5.503547 -14.082482
v 0.185258 5.160482 -14.135777
v -0.000008 0.570941 -14.892842
v 0.179071 0.756931 -14.977217
v 0.180627 0.763529 -15.166653
v 19.169331 19.112827 -19.154282
v -0.000008 19.112827 -19.154278
v 19.169331 19.112827 -6.389233
v -0.000008 19.112827 -6.389233
v 9.426268 -0.000001 -11.979129
v 8.755498 -0.000002 -10.685229
v 9.653059 0.181025 -16.002354
v 10.258376 0.181026 -17.387980
v 15.920262 0.181026 -17.405344
v 10.965009 0.181024 -9.676691
v 6.895030 0.181024 -9.684070
v 8.871726 0.181024 -10.496231
v 14.520531 -0.000000 -9.493118
v 13.774541 -0.000002 -11.173340
v 14.641912 0.181024 -9.676804
v 13.894987 0.181024 -11.356222
v 16.852703 0.181023 -11.789477
v 16.852701 0.181024 -9.679535
v 13.894987 0.181024 -11.356222
v -0.000008 17.518522 -7.841043
v 8.983203 7.248737 -6.389234
v 8.148993 8.148522 -6.389233
v 8.331353 6.801337 -6.389234
v 8.883765 6.160259 -6.389234
v 8.880078 5.896450 -6.389234
v 9.707584 4.825338 -6.389234
v 10.094108 4.715247 -6.389234
v 12.360457 4.123354 -6.389234
v 12.452491 2.076912 -6.389234
v 10.014994 5.954825 -6.389234
v 12.336101 4.717149 -6.389234
v 11.239958 3.272564 -6.572387
v 12.173262 4.199273 -6.572388
v 10.785962 4.018202 -6.572388
v 18.339460 10.639751 -6.572387
v 5.675860 2.377300 -18.064554
v 5.992884 1.481182 -18.064571
v 2.039354 5.821721 -18.064625
v 1.047783 6.050180 -18.064417
v 0.466871 7.424318 -8.986256
v -0.000008 7.641460 -8.998425
v -0.000008 6.305408 -9.011379
v 6.441209 9.638762 -6.389232
v 3.275247 11.238530 -6.572387
v 5.947687 10.010841 -6.389232
v 6.136610 10.101774 -6.572387
v -0.000009 12.681704 -7.820489
v -0.000008 12.299593 -6.389232
v 19.169331 19.112827 -6.389233
v 19.169334 0.857276 -6.389234
v 19.169331 19.112827 -19.154282
v 19.169334 0.857276 -19.154274
v 17.033255 -0.000000 -14.144003
v 0.182208 17.340935 -8.022526
v -0.000008 17.518522 -7.841043
v 0.183170 17.340187 -9.277386
v -0.000008 17.521128 -9.461422
v 6.131836 13.023713 -6.572388
v 5.947997 13.099664 -6.389233
v 6.136610 10.101774 -6.572387
v 5.947687 10.010841 -6.389232
v 2.057333 12.681013 -6.572387
v 7.317109 17.945808 -6.572388
v 4.598060 16.582930 -6.572388
v 2.084371 12.459045 -6.389232
v 7.502353 17.869919 -6.389233
v 2.057333 12.681013 -6.572387
v 7.317109 17.945808 -6.572388
v 11.761527 1.369835 -6.389234
v 7.248517 8.983771 -6.389233
v 6.802145 8.330547 -6.389233
v -0.000008 6.305408 -9.011379
v -0.000008 -0.000001 -14.398346
v 6.306215 -0.000001 -9.011380
v 18.244738 14.271044 -6.572388
v 18.341440 14.263357 -6.572388
v 18.176023 14.456263 -6.389233
v 18.518410 14.444077 -6.389233
v 1.983646 12.718790 -6.572387
v 1.808425 12.608538 -6.389232
v 2.057333 12.681013 -6.572387
v 2.084371 12.459045 -6.389232
v 2.084371 12.459045 -6.389232
v -0.000009 8.746729 -8.386914
v -0.000008 8.852130 -8.417089
v -0.000008 11.126738 -7.149005
v -0.000008 11.397850 -7.004159
v 4.189322 4.954973 -9.035654
v 6.802145 8.330547 -6.389233
v 3.747870 5.348284 -9.030320
v 6.161068 8.882957 -6.389233
v 6.161068 8.882957 -6.389233
v 5.897259 8.879272 -6.389233
v 3.747870 5.348284 -9.030320
v 3.510988 5.350800 -8.987986
v 3.510988 5.350800 -8.987986
v 4.059877 4.841709 -8.994455
v 3.747870 5.348284 -9.030320
v 4.189322 4.954973 -9.035654
v 0.109547 11.144115 -7.104531
v 0.108866 11.276097 -7.031203
v -0.000008 11.126738 -7.149005
v -0.000008 11.397850 -7.004159
v 0.169496 11.050940 -7.059823
v 1.370611 11.760740 -6.389232
v 0.169133 11.251461 -6.948525
v -0.000008 12.299593 -6.389232
v 0.138914 10.744441 -7.320979
v 0.138776 9.219511 -8.170328
v 0.197841 10.708269 -7.244409
v 0.195401 9.098562 -8.141098
v 0.169496 11.050940 -7.059823
v 0.109547 11.144115 -7.104531
v -0.000008 11.016975 -7.117822
v -0.000008 11.126738 -7.149005
v -0.000008 11.426558 -6.888682
v -0.000008 11.397850 -7.004159
v 0.169133 11.251461 -6.948525
v 0.108866 11.276097 -7.031203
v 0.138776 9.219511 -8.170328
v 0.138914 10.744441 -7.320979
v -0.000008 9.282909 -8.176712
v -0.000008 10.940767 -7.250487
v -0.000008 10.940767 -7.250487
v -0.000008 10.963768 -7.147159
v 0.197841 10.708269 -7.244409
v -0.000008 10.963768 -7.147159
v -0.000008 11.016975 -7.117822
v -0.000008 9.282909 -8.176712
v -0.000009 9.175602 -8.146596
v 0.138776 9.219511 -8.170328
v 0.195401 9.098562 -8.141098
v 0.169496 11.050940 -7.059823
v 0.169133 11.251461 -6.948525
v 0.109547 11.144115 -7.104531
v 0.108866 11.276097 -7.031203
v 0.196909 8.855659 -8.276942
v 0.195401 9.098562 -8.141098
v -0.000008 8.953671 -8.270920
v -0.000009 9.175602 -8.146596
v 0.197321 8.677956 -8.376431
v 0.196909 8.855659 -8.276942
v 0.141799 8.795748 -8.407176
v 0.141632 8.861717 -8.370260
v -0.000008 8.852130 -8.417089
v -0.000009 8.746729 -8.386914
v 0.141799 8.795748 -8.407176
v 0.197321 8.677956 -8.376431
v 0.141799 8.795748 -8.407176
v 0.141632 8.861717 -8.370260
v -0.000008 8.852130 -8.417089
v -0.000008 8.931151 -8.372890
v -0.000008 8.931151 -8.372890
v 0.141632 8.861717 -8.370260
v -0.000008 8.953671 -8.270920
v 0.196909 8.855659 -8.276942
v -0.000008 10.963768 -7.147159
v -0.000008 11.016975 -7.117822
v -0.000008 10.940767 -7.250487
v -0.000008 9.282909 -8.176712
v -0.000008 8.931151 -8.372890
v -0.000009 9.175602 -8.146596
v -0.000008 8.953671 -8.270920
v 7.642267 -0.000001 -8.998428
v 7.191618 0.894004 -8.985929
v 6.306215 -0.000001 -9.011380
v 6.009893 2.679251 -8.985886
v 5.351607 3.510180 -8.987986
v 6.647301 1.783235 -8.985879
v 4.581530 4.580723 -9.035207
v 4.955781 4.188514 -9.035653
v 7.590092 7.589284 -6.389234
v 8.331353 6.801337 -6.389234
v 5.351607 3.510180 -8.987986
v 8.880078 5.896450 -6.389234
v 5.349092 3.747063 -9.030319
v 8.883765 6.160259 -6.389234
v 5.351607 3.510180 -8.987986
v 5.349092 3.747063 -9.030319
v 4.842516 4.059070 -8.994456
v 4.955781 4.188514 -9.035653
v 10.941571 -0.000001 -7.250488
v 10.745248 0.138105 -7.320981
v 9.283711 -0.000001 -8.176712
v 9.220318 0.137968 -8.170328
v 11.396793 -0.000001 -7.004089
v 11.276904 0.108057 -7.031204
v 11.127542 -0.000001 -7.149005
v 11.144922 0.108738 -7.104532
v 9.283711 -0.000001 -8.176712
v 9.220318 0.137968 -8.170328
v 9.176406 -0.000001 -8.146597
v 9.099366 0.194593 -8.141098
v 11.051744 0.168687 -7.059824
v 11.144922 0.108738 -7.104532
v 11.252267 0.168324 -6.948526
v 11.276904 0.108057 -7.031204
v 11.127542 -0.000001 -7.149005
v 11.144922 0.108738 -7.104532
v 11.017779 -0.000002 -7.117822
v 11.051744 0.168687 -7.059824
v 11.428101 -0.000001 -6.888382
v 11.252267 0.168324 -6.948526
v 11.396793 -0.000001 -7.004089
v 11.276904 0.108057 -7.031204
v 10.964570 -0.000002 -7.147159
v 10.709075 0.197032 -7.244409
v 10.941571 -0.000001 -7.250488
v 10.745248 0.138105 -7.320981
v 8.856466 0.196100 -8.276944
v 8.954473 -0.000001 -8.270920
v 9.099366 0.194593 -8.141098
v 9.176406 -0.000001 -8.146597
v 8.862522 0.140823 -8.370261
v 8.856466 0.196100 -8.276944
v 8.796554 0.140991 -8.407178
v 8.678762 0.196512 -8.376429
v 8.855468 -0.000001 -8.415848
v 8.796554 0.140991 -8.407178
v 8.748460 -0.000002 -8.387375
v 8.678762 0.196512 -8.376429
v 8.931858 -0.000001 -8.373227
v 8.862522 0.140823 -8.370261
v 8.855468 -0.000001 -8.415848
v 8.796554 0.140991 -8.407178
v 8.931858 -0.000001 -8.373227
v 8.954473 -0.000001 -8.270920
v 8.862522 0.140823 -8.370261
v 8.856466 0.196100 -8.276944
v 11.127542 -0.000001 -7.149005
v 11.017779 -0.000002 -7.117822
v 10.941571 -0.000001 -7.250488
v 10.964570 -0.000002 -7.147159
v 8.954473 -0.000001 -8.270920
v 8.931858 -0.000001 -8.373227
v 9.176406 -0.000001 -8.146597
v 9.283711 -0.000001 -8.176712
v 11.428101 -0.000001 -6.888382
v 11.396793 -0.000001 -7.004089
v 8.855468 -0.000001 -8.415848
v 11.083855 -0.000001 -9.492844
v 8.748460 -0.000002 -8.387375
v 8.678762 0.196512 -8.376429
v 7.642267 -0.000001 -8.998428
v 10.014994 5.954825 -6.389234
v 10.106228 6.137581 -6.572388
v 4.461411 4.460603 -8.994431
v 4.581530 4.580723 -9.035207
v 5.277140 4.713895 -19.154276
v 4.416751 5.539126 -19.154278
v 3.426860 6.181385 -19.154274
v -0.000008 19.112827 -19.154278
v 1.207316 6.958220 -19.154276
v -0.000008 7.121894 -19.154276
v 2.316266 6.683273 -19.154276
v 17.869104 9.942076 -6.389234
v 15.025334 1.807336 -6.389234
v 17.423065 4.468570 -6.572388
v 18.518410 14.444077 -6.389233
v 12.599681 1.803723 -6.389234
v 11.551874 8.125264 -6.572387
v 10.106228 6.137581 -6.572388
v 13.024522 6.131026 -6.572388
v 15.226837 8.332067 -6.572388
v 10.364217 9.277174 -6.572387
v 9.133999 7.380967 -6.572388
v 9.750850 6.618965 -6.572388
v 16.478741 15.444105 -6.572388
v 15.444909 16.477932 -6.572388
v 9.278050 10.359325 -6.572387
v 8.290385 8.290977 -6.572387
v 7.380726 9.134675 -6.572387
v 6.600406 9.770685 -6.572387
v 8.340416 15.234946 -6.572388
v 10.099031 15.255649 -6.572388
v 12.216948 15.685618 -6.572388
v 16.377615 11.618639 -6.572387
v 15.249937 10.105000 -6.572387
v 17.796066 10.126024 -6.572388
v 15.682415 12.212235 -6.572387
v 13.349871 17.848701 -6.389233
v 11.871577 16.371164 -6.389233
v 13.738854 17.460030 -6.389233
v 10.620859 9.279536 -6.389232
v 11.550332 8.379442 -6.389233
v 5.390456 18.343388 -6.572388
v 4.469379 17.422255 -6.572388
v 7.308879 18.334293 -6.572388
v 12.159868 4.536925 -6.572388
v 10.443411 4.531126 -6.572388
v 4.531936 10.442602 -6.572387
v 4.399339 16.643181 -6.389233
v 3.577905 15.815556 -6.389233
v 18.527987 5.313792 -6.389234
v 1.983646 12.718790 -6.572387
v 8.262400 15.416457 -6.389233
v 9.921224 15.432945 -6.389233
v 15.433757 9.920418 -6.389232
v 11.017779 -0.000002 -7.117822
v 11.051744 0.168687 -7.059824
v 10.964570 -0.000002 -7.147159
v 10.709075 0.197032 -7.244409
v 17.033255 -0.000000 -11.971033
v 11.772784 0.181024 -11.352743
v 9.540561 0.181024 -11.794101
v 14.641912 0.181024 -9.676804
v 4.038416 0.181026 -14.314154
v 2.009090 0.181026 -15.968166
v 7.443354 0.181024 -10.480707
v 8.748460 -0.000002 -8.387375
v 13.774541 -0.000002 -11.173340
v 11.889670 -0.000001 -11.169876
v 6.161068 8.882957 -6.389233
v 7.590092 7.589284 -6.389234
v 9.606401 6.475985 -6.389234
v 5.897259 8.879272 -6.389233
v 5.349092 3.747063 -9.030319
v 8.883765 6.160259 -6.389234
v 12.300395 -0.000001 -6.389234
v 11.761527 1.369835 -6.389234
v 11.252267 0.168324 -6.948526
v 3.080341 5.691761 -8.985879
v 3.510988 5.350800 -8.987986
v 2.202160 6.359456 -8.985875
v 1.304330 6.948403 -8.985887
v 4.461411 4.460603 -8.994431
v 4.059877 4.841709 -8.994455
v 4.842516 4.059070 -8.994456
v -0.000008 4.241653 -15.365697
v -0.000008 7.290778 -16.627411
v 0.178889 5.283617 -11.105222
v 3.510988 5.350800 -8.987986
v 5.897259 8.879272 -6.389233
v 3.080341 5.691761 -8.985879
v 5.103889 9.507623 -6.389233
v 4.005842 10.272928 -6.389232
v 2.202160 6.359456 -8.985875
v 2.592828 11.140287 -6.389232
v 1.304330 6.948403 -8.985887
v 0.466871 7.424318 -8.986256
v 0.197321 8.677956 -8.376431
v -0.000009 8.746729 -8.386914
v -0.000008 7.641460 -8.998425
v 2.084372 12.459042 -6.389232
v 5.351607 3.510180 -8.987986
v 6.009893 2.679251 -8.985886
v 8.880078 5.896450 -6.389234
v 9.707584 4.825338 -6.389234
v 6.647301 1.783235 -8.985879
v 10.405293 3.822144 -6.389234
v 7.191618 0.894004 -8.985929
v 11.133974 2.606251 -6.389234
v 11.428101 -0.000001 -6.888382
v -0.000008 13.182423 -9.481380
v -0.000008 11.426558 -6.888682
v -0.000008 7.121894 -19.154276
v -0.000009 6.200900 -18.063934
v 6.147842 0.857276 -18.064766
v -0.000008 -0.000001 -18.062429
v 17.530487 -0.000000 -18.065126
v 17.530487 0.857277 -18.066353
v 7.031250 0.857276 -19.154274
v 17.530487 0.857277 -6.389234
v 6.294836 2.633131 -18.597332
v 6.035926 2.526344 -18.575741
v 6.035926 2.526344 -18.575741
v 5.675860 2.377300 -18.064554
v 3.426860 6.181385 -19.154274
v 3.295270 5.965209 -18.597271
v 1.047783 6.050180 -18.064417
v 1.115451 6.429705 -18.575413
v 5.221615 3.256684 -18.063578
v 2.962637 5.384391 -18.064064
v 3.837036 4.812823 -18.064568
v 4.579269 4.090147 -18.063869
v -0.000009 6.588246 -18.574631
v -0.000009 6.200900 -18.063934
v -0.000008 11.426558 -6.888682
v 6.164009 5.422848 -7.881250
v 5.861721 5.534787 -7.964175
v 6.204804 5.431363 -7.989216
v 5.889170 5.548243 -8.075795
v 6.520547 5.446933 -7.844831
v 6.466402 5.437760 -7.742971
v 6.903942 6.114550 -7.257217
v 6.871381 5.816340 -7.401428
v 6.977404 6.153601 -7.337629
v 6.943405 5.842227 -7.488209
v 6.781805 5.592264 -7.667614
v 6.716615 5.576948 -7.573248
v 5.425419 6.351792 -7.798083
v 5.521175 6.626598 -7.636536
v 5.433607 6.401318 -7.902372
v 5.533592 6.688256 -7.733695
v 5.628222 5.777368 -8.089612
v 5.611808 5.754224 -7.977405
v 5.467080 6.079118 -8.028268
v 5.457479 6.043215 -7.918656
v 5.749743 6.890319 -7.551397
v 5.728189 6.820117 -7.461948
v 6.044690 6.972568 -7.387006
v 6.010664 6.898887 -7.304506
v 6.367431 6.920780 -7.268942
v 6.319759 6.849290 -7.191434
v 6.877921 6.472543 -7.241919
v 6.808665 6.420006 -7.165552
v 6.662162 6.743912 -7.217624
v 6.602027 6.679902 -7.142282
v 6.126392 5.496815 -7.745968
v 6.382744 5.509459 -7.628744
v 6.726062 5.830398 -7.339204
v 6.753666 6.083203 -7.216948
v 6.594860 5.627453 -7.484864
v 5.500255 6.284324 -7.675463
v 5.527432 6.022729 -7.777680
v 5.658263 5.777739 -7.827483
v 5.870127 5.591711 -7.816269
v 6.258427 6.706076 -7.161181
v 5.996393 6.748123 -7.257038
v 5.756926 6.681345 -7.390506
v 5.581431 6.517290 -7.538512
v 6.672895 6.342152 -7.139236
v 6.497720 6.562477 -7.119513
v 6.346917 5.698708 -7.454453
v 6.092633 5.648440 -7.587179
v 6.504424 6.150725 -7.188730
v 6.513392 5.882499 -7.301772
v 5.672374 6.017448 -7.609426
v 5.838498 5.780288 -7.640440
v 6.093348 6.511669 -7.210492
v 5.833398 6.479565 -7.337770
v 5.681783 6.282727 -7.489664
v 6.353177 6.396161 -7.147629
v 6.299577 6.031395 -7.276872
v 6.071754 6.063571 -7.348011
v 6.144297 5.847166 -7.424863
v 5.894921 5.968160 -7.480781
v 5.896079 6.227170 -7.367346
v 6.146170 6.266252 -7.241323
v 17.530487 -0.857273 -18.066353
v 6.772032 -0.857271 -18.596527
v 6.147841 -0.857273 -18.064766
v 4.871295 -4.351510 -18.575661
v 4.579268 -4.090144 -18.063869
v 5.544839 -3.482466 -18.575623
v 5.221615 -3.256680 -18.063576
v 6.896198 -1.698422 -19.154274
v 6.530291 -2.721796 -19.154274
v 6.640990 -1.630801 -18.597275
v 6.294837 -2.633128 -18.597332
v 19.169331 -0.857275 -19.154274
v 19.169331 -0.857276 -6.389233
v 5.781932 -3.631095 -18.597248
v 5.979028 -3.780944 -19.154274
v 5.781932 -3.631095 -18.597248
v 5.079816 -4.537323 -18.597275
v 5.544839 -3.482466 -18.575623
v 4.871295 -4.351510 -18.575661
v 4.078374 -5.115447 -18.575657
v 3.837037 -4.812822 -18.064568
v 11.133974 -2.606249 -6.389233
v 10.405293 -3.822141 -6.389233
v 11.204137 -2.984726 -6.389233
v 10.606923 -3.921239 -6.389233
v 19.169331 -0.857276 -6.389233
v 17.530487 -0.857274 -6.389233
v 15.823211 -2.608004 -6.389233
v 15.817487 -3.565551 -6.389233
v 17.485102 -4.272610 -6.389233
v 16.655298 -4.395789 -6.389233
v 17.849506 -13.349059 -6.389233
v 16.371971 -11.870766 -6.389233
v 17.468384 -13.742412 -6.389233
v 15.677159 -12.463031 -6.389233
v 15.637830 -2.682077 -6.572387
v 14.949094 -1.991055 -6.572387
v 15.625966 -3.641326 -6.572387
v 12.599683 -1.803718 -6.389233
v 12.719758 -1.982297 -6.572387
v 15.025334 -1.807333 -6.389233
v 14.949094 -1.991055 -6.572387
v 14.949094 -1.991055 -6.572387
v 15.637830 -2.682077 -6.572387
v 15.025334 -1.807333 -6.389233
v 15.823211 -2.608004 -6.389233
v 15.625966 -3.641326 -6.572387
v 15.817487 -3.565551 -6.389233
v 15.637830 -2.682077 -6.572387
v 15.823211 -2.608004 -6.389233
v 15.817487 -3.565551 -6.389233
v 15.625966 -3.641326 -6.572387
v 16.655298 -4.395789 -6.389233
v 16.593517 -4.599098 -6.572387
v 17.485102 -4.272610 -6.389233
v 16.655298 -4.395789 -6.389233
v 17.423065 -4.468566 -6.572387
v 16.593517 -4.599098 -6.572387
v 17.485102 -4.272610 -6.389233
v 17.423065 -4.468566 -6.572387
v 18.527988 -5.313790 -6.389233
v 18.344198 -5.389640 -6.572387
v 18.515602 -7.488055 -6.389233
v 18.527988 -5.313790 -6.389233
v 18.335104 -7.308064 -6.572387
v 18.344198 -5.389640 -6.572387
v 17.946613 -7.316295 -6.572387
v 17.871960 -7.499906 -6.389233
v 18.335104 -7.308064 -6.572387
v 18.515602 -7.488055 -6.389233
v 12.452491 -2.076909 -6.389233
v 17.871960 -7.499906 -6.389233
v 12.682027 -2.055896 -6.572387
v 17.946613 -7.316295 -6.572387
v 9.606400 -6.475981 -6.389233
v 8.983203 -7.248734 -6.389233
v 9.750850 -6.618961 -6.572387
v 9.134000 -7.380962 -6.572387
v 10.014994 -5.954822 -6.389233
v 10.106229 -6.137578 -6.572387
v 13.100472 -5.947183 -6.389233
v 13.024523 -6.131025 -6.572387
v 15.226836 -8.332063 -6.572387
v 15.410552 -8.255914 -6.389233
v 13.024523 -6.131025 -6.572387
v 13.100472 -5.947183 -6.389233
v 15.410552 -8.255914 -6.389233
v 15.226836 -8.332063 -6.572387
v 15.433758 -9.920414 -6.389233
v 15.249938 -10.104999 -6.572387
v 17.869104 -9.942071 -6.389233
v 15.433758 -9.920414 -6.389233
v 17.796064 -10.126018 -6.572387
v 15.249938 -10.104999 -6.572387
v 18.523031 -10.560626 -6.389233
v 17.869104 -9.942071 -6.389233
v 18.339462 -10.639749 -6.572387
v 17.796064 -10.126018 -6.572387
v 18.518410 -14.444076 -6.389233
v 18.523031 -10.560626 -6.389233
v 18.341440 -14.263352 -6.572387
v 18.339462 -10.639749 -6.572387
v 17.468384 -13.742412 -6.389233
v 18.176025 -14.456261 -6.389233
v 17.729837 -13.747010 -6.572387
v 18.244738 -14.271038 -6.572387
v 18.111303 -13.355599 -6.572387
v 17.849506 -13.349059 -6.389233
v 17.729837 -13.747010 -6.572387
v 17.468384 -13.742412 -6.389233
v 16.371971 -11.870766 -6.389233
v 17.849506 -13.349059 -6.389233
v 16.377613 -11.618636 -6.572387
v 18.111303 -13.355599 -6.572387
v 15.677159 -12.463031 -6.389233
v 16.371971 -11.870766 -6.389233
v 15.682415 -12.212229 -6.572387
v 16.377613 -11.618636 -6.572387
v 10.364215 -9.277171 -6.572387
v 10.620859 -9.279535 -6.389233
v 11.551876 -8.125261 -6.572387
v 11.550333 -8.379438 -6.389233
v 10.785961 -4.018200 -6.572387
v 10.606923 -3.921239 -6.389233
v 10.443409 -4.531125 -6.572387
v 10.094108 -4.715245 -6.389233
v 11.204137 -2.984726 -6.389233
v 11.239957 -3.272560 -6.572387
v 11.204137 -2.984726 -6.389233
v 11.239957 -3.272560 -6.572387
v 12.360457 -4.123353 -6.389233
v 12.173263 -4.199269 -6.572387
v 12.336100 -4.717146 -6.389233
v 12.360457 -4.123353 -6.389233
v 12.159866 -4.536922 -6.572387
v 12.173263 -4.199269 -6.572387
v 10.094108 -4.715245 -6.389233
v 12.336100 -4.717146 -6.389233
v 10.443409 -4.531125 -6.572387
v 12.159866 -4.536922 -6.572387
v 8.290383 -8.290975 -6.572387
v 8.148993 -8.148519 -6.389233
v 18.176025 -14.456261 -6.389233
v 16.734306 -15.444016 -6.389233
v 19.169333 -19.112827 -6.389232
v 18.344198 -5.389640 -6.572387
v 16.593517 -4.599098 -6.572387
v 17.946613 -7.316295 -6.572387
v 17.530487 0.000003 -6.389233
v 12.300393 0.000003 -6.389233
v 19.169331 -0.857275 -19.154274
v 6.530291 -2.721796 -19.154274
v 6.896198 -1.698422 -19.154274
v 18.523031 -10.560626 -6.389233
v 18.515602 -7.488055 -6.389233
v 7.031250 -0.857272 -19.154274
v 19.169333 -19.112827 -19.154282
v 5.979028 -3.780944 -19.154274
v 3.159724 -5.720875 -18.575649
v 2.962637 -5.384387 -18.064064
v 1.207316 -6.958216 -19.154274
v 1.160837 -6.702126 -18.597095
v 2.316265 -6.683268 -19.154274
v 2.260521 -6.452214 -18.597340
v -0.000008 -6.862786 -18.596527
v -0.000008 -6.588245 -18.574631
v 1.160837 -6.702126 -18.597095
v 1.115450 -6.429700 -18.575413
v -0.000007 -7.121892 -19.154274
v -0.000008 -6.862786 -18.596527
v 4.253094 -5.333903 -18.597275
v 3.295269 -5.965205 -18.597267
v 4.078374 -5.115447 -18.575657
v 3.159724 -5.720875 -18.575649
v 2.167403 -6.187634 -18.575745
v 2.260521 -6.452214 -18.597340
v 2.039355 -5.821720 -18.064625
v 2.167403 -6.187634 -18.575745
v 4.416751 -5.539123 -19.154274
v 4.253094 -5.333903 -18.597275
v 5.277139 -4.713892 -19.154274
v 5.079816 -4.537323 -18.597275
v 3.920916 -10.607310 -6.389233
v 4.005840 -10.272927 -6.389233
v 2.986097 -11.202678 -6.389233
v 2.592827 -11.140284 -6.389233
v 1.808424 -12.608534 -6.389233
v 1.370611 -11.760737 -6.389233
v -0.000008 -12.299590 -6.389233
v 10.561435 -18.522219 -6.389232
v 9.939665 -17.865391 -6.389233
v 7.488886 -18.512306 -6.389232
v 7.502348 -17.869915 -6.389233
v 5.103889 -9.507619 -6.389233
v 4.716542 -10.086934 -6.389233
v 2.084372 -12.459041 -6.389233
v 2.084372 -12.459038 -6.389233
v 1.370611 -11.760737 -6.389233
v 4.718720 -12.335368 -6.389233
v 5.947687 -10.010839 -6.389233
v 2.682891 -15.637019 -6.572387
v 3.651242 -15.623347 -6.572387
v 1.991867 -14.948283 -6.572387
v 1.991867 -14.948283 -6.572387
v 1.983646 -12.718785 -6.572387
v 1.808146 -15.024526 -6.389233
v 1.808424 -12.608534 -6.389233
v 2.608816 -15.822402 -6.389233
v 2.682891 -15.637019 -6.572387
v 1.808146 -15.024526 -6.389233
v 1.991867 -14.948283 -6.572387
v 3.651242 -15.623347 -6.572387
v 2.682891 -15.637019 -6.572387
v 3.577906 -15.815556 -6.389233
v 2.608816 -15.822402 -6.389233
v 4.598060 -16.582926 -6.572387
v 3.651242 -15.623347 -6.572387
v 4.399338 -16.643175 -6.389233
v 3.577906 -15.815556 -6.389233
v 5.390456 -18.343384 -6.572387
v 4.469378 -17.422249 -6.572387
v 5.314602 -18.527178 -6.389232
v 4.273422 -17.484289 -6.389233
v 5.390456 -18.343384 -6.572387
v 5.314602 -18.527178 -6.389232
v 7.308877 -18.334290 -6.572387
v 7.488886 -18.512306 -6.389232
v 7.317109 -17.945803 -6.572387
v 7.308877 -18.334290 -6.572387
v 7.502348 -17.869915 -6.389233
v 7.488886 -18.512306 -6.389232
v 7.380726 -9.134672 -6.572387
v 7.248516 -8.983767 -6.389233
v 6.600406 -9.770684 -6.572387
v 6.441208 -9.638758 -6.389233
v 10.099030 -15.255645 -6.572387
v 8.340417 -15.234942 -6.572387
v 9.921226 -15.432942 -6.389233
v 8.262401 -15.416455 -6.389233
v 10.099030 -15.255645 -6.572387
v 9.921226 -15.432942 -6.389233
v 10.121741 -17.790833 -6.572387
v 9.939665 -17.865391 -6.389233
v 10.121741 -17.790833 -6.572387
v 9.939665 -17.865391 -6.389233
v 10.640563 -18.338650 -6.572387
v 10.561435 -18.522219 -6.389232
v 14.444256 -18.520491 -6.389232
v 14.264141 -18.340801 -6.572387
v 10.561435 -18.522219 -6.389232
v 10.640563 -18.338650 -6.572387
v 13.738854 -17.460026 -6.389233
v 13.743771 -17.725012 -6.572387
v 14.457111 -18.175346 -6.389232
v 14.271850 -18.243952 -6.572387
v 13.356400 -18.107798 -6.572387
v 13.743771 -17.725012 -6.572387
v 13.349871 -17.848698 -6.389233
v 13.738854 -17.460026 -6.389233
v 13.356400 -18.107798 -6.572387
v 13.349871 -17.848698 -6.389233
v 11.619855 -16.377308 -6.572387
v 11.871578 -16.371164 -6.389233
v 11.619855 -16.377308 -6.572387
v 11.871578 -16.371164 -6.389233
v 12.216947 -15.685613 -6.572387
v 12.465818 -15.680721 -6.389233
v 8.380250 -11.549523 -6.389233
v 9.280346 -10.620045 -6.389233
v 8.120996 -11.552474 -6.572387
v 9.278049 -10.359324 -6.572387
v 16.734306 -15.444016 -6.389233
v 16.478741 -15.444104 -6.572387
v 15.445612 -16.733694 -6.389233
v 15.444909 -16.477928 -6.572387
v 4.716542 -10.086934 -6.389233
v 3.920916 -10.607310 -6.389233
v 4.531935 -10.442599 -6.572387
v 4.018900 -10.785558 -6.572387
v 3.275248 -11.238528 -6.572387
v 2.986097 -11.202678 -6.389233
v 2.986097 -11.202678 -6.389233
v 4.125404 -12.358617 -6.389233
v 3.275248 -11.238528 -6.572387
v 4.200081 -12.172451 -6.572387
v 4.200081 -12.172451 -6.572387
v 4.125404 -12.358617 -6.389233
v 4.537732 -12.159057 -6.572387
v 4.718720 -12.335368 -6.389233
v 4.537732 -12.159057 -6.572387
v 4.718720 -12.335368 -6.389233
v 4.531935 -10.442599 -6.572387
v 4.716542 -10.086934 -6.389233
v 5.314602 -18.527178 -6.389232
v -0.000008 -19.112825 -6.389232
v 14.444256 -18.520491 -6.389232
v 14.457111 -18.175346 -6.389232
v 15.445612 -16.733694 -6.389233
v 1.808146 -15.024526 -6.389233
v 10.121741 -17.790833 -6.572387
v 10.640563 -18.338650 -6.572387
v 11.619855 -16.377308 -6.572387
v 14.264141 -18.340801 -6.572387
v 14.271850 -18.243952 -6.572387
v 13.356400 -18.107798 -6.572387
v 13.743771 -17.725012 -6.572387
v 9.278049 -10.359324 -6.572387
v 9.280346 -10.620045 -6.389233
v 15.444909 -16.477928 -6.572387
v 15.445612 -16.733694 -6.389233
v 4.273422 -17.484289 -6.389233
v 2.608816 -15.822402 -6.389233
v 15.677159 -12.463031 -6.389233
v 15.682415 -12.212229 -6.572387
v 11.550333 -8.379438 -6.389233
v 11.551876 -8.125261 -6.572387
v -0.000008 -19.112825 -19.154278
v -0.000009 -17.520361 -16.635750
v -0.000008 -6.862786 -18.596527
v -0.000008 0.000005 -14.398346
v -0.000008 -5.215562 -10.920964
v -0.000008 -6.305406 -9.011379
v -0.000008 0.000005 -18.062431
v -0.000008 -0.584899 -15.347658
v -0.000008 -17.519217 -14.929946
v -0.000008 -7.799024 -12.105288
v -0.000008 -7.423678 -14.901857
v 0.185319 -7.331118 -16.426914
v 0.180653 -17.340689 -16.453995
v 0.185963 -7.385051 -15.093377
v 0.180639 -17.340704 -15.109059
v 0.185319 -7.331118 -16.426914
v -0.000008 -7.290774 -16.627411
v 0.180653 -17.340689 -16.453995
v -0.000009 -17.520361 -16.635750
v 0.185963 -7.385051 -15.093377
v 0.180639 -17.340704 -15.109059
v -0.000008 -7.423678 -14.901857
v -0.000008 -17.519217 -14.929946
v 0.185258 -5.160480 -14.135775
v -0.000008 -5.503543 -14.082482
v 0.185847 -7.692210 -11.943172
v -0.000008 -7.799024 -12.105288
v -0.000008 -17.521126 -9.461422
v 0.183171 -17.340185 -9.277386
v -0.000009 -13.182420 -9.481380
v 0.185642 -13.132987 -9.291506
v 0.186016 -6.434144 -11.102996
v 0.178518 -12.726414 -8.006118
v -0.000008 -6.389819 -10.911724
v -0.000008 -12.681701 -7.820489
v -0.000008 -5.215562 -10.920964
v 0.178889 -5.283614 -11.105221
v -0.000009 -0.570938 -14.892842
v 0.179070 -0.756926 -14.977215
v -0.000008 -5.215562 -10.920964
v 0.178889 -5.283614 -11.105221
v 0.179070 -0.756926 -14.977215
v -0.000009 -0.570938 -14.892842
v 0.180626 -0.763523 -15.166654
v -0.000008 -0.584899 -15.347658
v 0.185958 -4.279626 -15.175045
v 0.180626 -0.763523 -15.166654
v -0.000008 -4.241649 -15.365694
v -0.000008 -0.584899 -15.347658
v 0.183171 -17.340185 -9.277386
v 0.182209 -17.340929 -8.022524
v 0.185642 -13.132987 -9.291506
v 0.178518 -12.726414 -8.006118
v 0.185958 -4.279626 -15.175045
v 0.185258 -5.160480 -14.135775
v 0.186016 -6.434144 -11.102996
v 0.185847 -7.692210 -11.943172
v 17.530487 -0.857273 -18.066353
v 17.530487 0.000004 -18.065128
v 17.530487 -0.857274 -6.389233
v 17.530487 0.000003 -6.389233
v -0.000008 -19.112825 -6.389232
v -0.000008 -17.521126 -9.461422
v 10.137101 0.000005 -17.573837
v 1.484060 0.000005 -16.157543
v 9.521150 0.000005 -16.189556
v 17.530487 0.000004 -18.065128
v 16.104340 0.000005 -17.587349
v 6.306214 0.000004 -9.011379
v 7.642267 0.000005 -8.998427
v 6.553942 0.000004 -9.507467
v -0.000008 0.000005 -18.062431
v -0.000008 0.000005 -14.398346
v 14.520531 0.000004 -9.493117
v 12.300393 0.000003 -6.389233
v 17.530487 0.000003 -6.389233
v 17.032404 0.000005 -9.498129
v 3.973376 0.000005 -14.129727
v 16.115961 0.000005 -16.195274
v 17.032288 0.000004 -16.163738
v 16.852703 -0.181021 -14.325560
v 16.852697 -0.181021 -15.981135
v 15.929814 -0.181022 -16.013069
v 10.137101 0.000005 -17.573837
v 9.521150 0.000005 -16.189556
v 10.258376 -0.181022 -17.387978
v 9.653058 -0.181022 -16.002350
v 9.653058 -0.181022 -16.002350
v 9.521150 0.000005 -16.189556
v 2.009089 -0.181021 -15.968165
v 1.484060 0.000005 -16.157543
v 4.038416 -0.181021 -14.314152
v 2.009089 -0.181021 -15.968165
v 3.973376 0.000005 -14.129727
v 1.484060 0.000005 -16.157543
v 4.038416 -0.181021 -14.314152
v 3.973376 0.000005 -14.129727
v 16.852703 -0.181021 -14.325560
v 17.033253 0.000003 -14.144003
v 16.852703 -0.181021 -14.325560
v 17.033253 0.000003 -14.144003
v 16.852697 -0.181021 -15.981135
v 17.032288 0.000004 -16.163738
v 15.929814 -0.181022 -16.013069
v 16.852697 -0.181021 -15.981135
v 16.115961 0.000005 -16.195274
v 17.032288 0.000004 -16.163738
v 16.104340 0.000005 -17.587349
v 15.920262 -0.181021 -17.405342
v 16.115961 0.000005 -16.195274
v 15.929814 -0.181022 -16.013069
v 10.258376 -0.181022 -17.387978
v 15.920262 -0.181021 -17.405342
v 10.137101 0.000005 -17.573837
v 16.104340 0.000005 -17.587349
v 7.348785 0.000004 -10.663122
v 7.443354 -0.181021 -10.480705
v 8.755498 0.000004 -10.685228
v 8.871726 -0.181021 -10.496230
v 7.443354 -0.181021 -10.480705
v 7.348785 0.000004 -10.663122
v 6.895030 -0.181022 -9.684069
v 6.553942 0.000004 -9.507467
v 10.965009 -0.181021 -9.676689
v 6.895030 -0.181022 -9.684069
v 11.083855 0.000004 -9.492843
v 6.553942 0.000004 -9.507467
v 11.772783 -0.181022 -11.352743
v 10.965009 -0.181021 -9.676689
v 11.889670 0.000004 -11.169875
v 11.083855 0.000004 -9.492843
v 11.889670 0.000004 -11.169875
v 13.774541 0.000004 -11.173339
v 11.772783 -0.181022 -11.352743
v 13.894988 -0.181021 -11.356222
v 14.641912 -0.181021 -9.676803
v 14.520531 0.000004 -9.493117
v 16.852703 -0.181021 -9.679534
v 17.032404 0.000005 -9.498129
v 16.852703 -0.181021 -11.789476
v 16.852703 -0.181021 -9.679534
v 17.033253 0.000003 -11.971031
v 17.032404 0.000005 -9.498129
v 9.540561 -0.181021 -11.794100
v 16.852703 -0.181021 -11.789476
v 9.426267 0.000003 -11.979128
v 17.033253 0.000003 -11.971031
v 8.871726 -0.181021 -10.496230
v 9.540561 -0.181021 -11.794100
v 8.755498 0.000004 -10.685228
v 9.426267 0.000003 -11.979128
v 7.348785 0.000004 -10.663122
v 0.180639 -17.340704 -15.109059
v 0.180653 -17.340689 -16.453995
v -0.000008 -17.519217 -14.929946
v -0.000009 -17.520361 -16.635750
v -0.000008 -17.518518 -7.841043
v 0.182209 -17.340929 -8.022524
v 6.368980 -1.568743 -18.575657
v 6.497484 -0.857272 -18.574619
v 6.640990 -1.630801 -18.597275
v 6.772032 -0.857271 -18.596527
v 6.772032 -0.857271 -18.596527
v 7.031250 -0.857272 -19.154274
v 6.497484 -0.857272 -18.574619
v 6.368980 -1.568743 -18.575657
v 6.147841 -0.857273 -18.064766
v 5.992884 -1.481178 -18.064568
v 15.410552 -8.255914 -6.389233
v 17.871960 -7.499906 -6.389233
v 13.100472 -5.947183 -6.389233
v 12.719758 -1.982297 -6.572387
v 12.682027 -2.055896 -6.572387
v 12.719758 -1.982297 -6.572387
v 12.599683 -1.803718 -6.389233
v 12.682027 -2.055896 -6.572387
v 12.452491 -2.076909 -6.389233
v 18.335104 -7.308064 -6.572387
v 18.341440 -14.263352 -6.572387
v 18.111303 -13.355599 -6.572387
v 18.244738 -14.271038 -6.572387
v 17.729837 -13.747010 -6.572387
v 16.734306 -15.444016 -6.389233
v 10.620859 -9.279535 -6.389233
v 16.478741 -15.444104 -6.572387
v 10.364215 -9.277171 -6.572387
v 6.497484 -0.857272 -18.574619
v 12.465818 -15.680721 -6.389233
v 9.280346 -10.620045 -6.389233
v 8.380250 -11.549523 -6.389233
v 4.125404 -12.358617 -6.389233
v 5.947995 -13.099664 -6.389233
v 2.084372 -12.459038 -6.389233
v 2.084372 -12.459041 -6.389233
v 2.986097 -11.202678 -6.389233
v 6.131836 -13.023708 -6.572387
v 8.120996 -11.552474 -6.572387
v 6.136609 -10.101769 -6.572387
v 4.598060 -16.582926 -6.572387
v 4.399338 -16.643175 -6.389233
v 4.469378 -17.422249 -6.572387
v 4.273422 -17.484289 -6.389233
v 5.947995 -13.099664 -6.389233
v 8.262401 -15.416455 -6.389233
v 6.131836 -13.023708 -6.572387
v 8.340417 -15.234942 -6.572387
v 14.271850 -18.243952 -6.572387
v 14.264141 -18.340801 -6.572387
v 14.457111 -18.175346 -6.389232
v 14.444256 -18.520491 -6.389232
v 4.537732 -12.159057 -6.572387
v 4.018900 -10.785558 -6.572387
v 4.200081 -12.172451 -6.572387
v -0.000008 -6.588245 -18.574631
v -0.000008 -6.200899 -18.063934
v 12.465818 -15.680721 -6.389233
v 8.380250 -11.549523 -6.389233
v 12.216947 -15.685613 -6.572387
v 8.120996 -11.552474 -6.572387
v -0.000008 -6.389819 -10.911724
v -0.000009 -7.641457 -8.998425
v -0.000008 -5.503543 -14.082482
v -0.000008 -5.503543 -14.082482
v 0.185258 -5.160480 -14.135775
v -0.000009 -0.570938 -14.892842
v 0.179070 -0.756926 -14.977215
v 0.180626 -0.763523 -15.166654
v 19.169333 -19.112827 -19.154282
v 19.169333 -19.112827 -6.389232
v -0.000008 -19.112825 -19.154278
v -0.000008 -19.112825 -6.389232
v 9.426267 0.000003 -11.979128
v 8.755498 0.000004 -10.685228
v 15.920262 -0.181021 -17.405342
v 10.258376 -0.181022 -17.387978
v 9.653058 -0.181022 -16.002350
v 10.965009 -0.181021 -9.676689
v 8.871726 -0.181021 -10.496230
v 6.895030 -0.181022 -9.684069
v 14.520531 0.000004 -9.493117
v 14.641912 -0.181021 -9.676803
v 13.774541 0.000004 -11.173339
v 13.894988 -0.181021 -11.356222
v 16.852703 -0.181021 -11.789476
v 13.894988 -0.181021 -11.356222
v 16.852703 -0.181021 -9.679534
v -0.000008 -17.518518 -7.841043
v 8.983203 -7.248734 -6.389233
v 8.331351 -6.801335 -6.389233
v 8.148993 -8.148519 -6.389233
v 8.883765 -6.160256 -6.389233
v 9.707583 -4.825336 -6.389233
v 8.880078 -5.896448 -6.389233
v 10.094108 -4.715245 -6.389233
v 12.360457 -4.123353 -6.389233
v 12.452491 -2.076909 -6.389233
v 12.336100 -4.717146 -6.389233
v 10.014994 -5.954822 -6.389233
v 11.239957 -3.272560 -6.572387
v 10.785961 -4.018200 -6.572387
v 12.173263 -4.199269 -6.572387
v 18.339462 -10.639749 -6.572387
v 5.675859 -2.377296 -18.064552
v 2.039355 -5.821720 -18.064625
v 5.992884 -1.481178 -18.064568
v 1.047782 -6.050178 -18.064415
v 0.466871 -7.424315 -8.986254
v -0.000008 -6.305406 -9.011379
v -0.000009 -7.641457 -8.998425
v 6.441208 -9.638758 -6.389233
v 3.275248 -11.238528 -6.572387
v 5.947687 -10.010839 -6.389233
v 6.136609 -10.101769 -6.572387
v -0.000008 -12.681701 -7.820489
v -0.000008 -12.299590 -6.389233
v 19.169333 -19.112827 -6.389232
v 19.169333 -19.112827 -19.154282
v 19.169331 -0.857276 -6.389233
v 19.169331 -0.857275 -19.154274
v 17.033253 0.000003 -14.144003
v 0.182209 -17.340929 -8.022524
v 0.183171 -17.340185 -9.277386
v -0.000008 -17.518518 -7.841043
v -0.000008 -17.521126 -9.461422
v 6.131836 -13.023708 -6.572387
v 6.136609 -10.101769 -6.572387
v 5.947995 -13.099664 -6.389233
v 5.947687 -10.010839 -6.389233
v 2.057333 -12.681010 -6.572387
v 7.317109 -17.945803 -6.572387
v 4.598060 -16.582926 -6.572387
v 7.317109 -17.945803 -6.572387
v 7.502348 -17.869915 -6.389233
v 2.057333 -12.681010 -6.572387
v 2.084372 -12.459041 -6.389233
v 11.761528 -1.369832 -6.389233
v 6.802145 -8.330544 -6.389233
v 7.248516 -8.983767 -6.389233
v -0.000008 -6.305406 -9.011379
v 6.306214 0.000004 -9.011379
v -0.000008 0.000005 -14.398346
v 18.518410 -14.444076 -6.389233
v 18.341440 -14.263352 -6.572387
v 18.176025 -14.456261 -6.389233
v 18.244738 -14.271038 -6.572387
v 2.084372 -12.459041 -6.389233
v 1.808424 -12.608534 -6.389233
v 2.057333 -12.681010 -6.572387
v 1.983646 -12.718785 -6.572387
v 2.084372 -12.459041 -6.389233
v -0.000008 -8.852126 -8.417086
v -0.000008 -8.746724 -8.386913
v -0.000008 -11.397847 -7.004158
v -0.000009 -11.126735 -7.149004
v 4.189322 -4.954970 -9.035653
v 3.747871 -5.348281 -9.030318
v 6.802145 -8.330544 -6.389233
v 6.161067 -8.882952 -6.389233
v 6.161067 -8.882952 -6.389233
v 3.747871 -5.348281 -9.030318
v 5.897259 -8.879268 -6.389233
v 3.510988 -5.350797 -8.987985
v 4.189322 -4.954970 -9.035653
v 4.059877 -4.841707 -8.994454
v 3.747871 -5.348281 -9.030318
v 3.510988 -5.350797 -8.987985
v -0.000008 -11.397847 -7.004158
v 0.108866 -11.276095 -7.031203
v -0.000009 -11.126735 -7.149004
v 0.109547 -11.144113 -7.104531
v 0.169495 -11.050936 -7.059823
v 0.169132 -11.251458 -6.948525
v 1.370611 -11.760737 -6.389233
v -0.000008 -12.299590 -6.389233
v 0.195401 -9.098559 -8.141097
v 0.138776 -9.219508 -8.170327
v 0.197841 -10.708266 -7.244408
v 0.138914 -10.744439 -7.320980
v 0.169495 -11.050936 -7.059823
v -0.000009 -11.016973 -7.117821
v 0.109547 -11.144113 -7.104531
v -0.000009 -11.126735 -7.149004
v 0.108866 -11.276095 -7.031203
v -0.000008 -11.397847 -7.004158
v 0.169132 -11.251458 -6.948525
v -0.000008 -11.426555 -6.888683
v 0.138776 -9.219508 -8.170327
v -0.000009 -9.282907 -8.176711
v 0.138914 -10.744439 -7.320980
v -0.000008 -10.940764 -7.250487
v -0.000008 -10.963765 -7.147158
v -0.000008 -10.940764 -7.250487
v -0.000009 -11.016973 -7.117821
v -0.000008 -10.963765 -7.147158
v 0.197841 -10.708266 -7.244408
v -0.000009 -9.282907 -8.176711
v 0.138776 -9.219508 -8.170327
v -0.000008 -9.175601 -8.146596
v 0.195401 -9.098559 -8.141097
v 0.169495 -11.050936 -7.059823
v 0.109547 -11.144113 -7.104531
v 0.169132 -11.251458 -6.948525
v 0.108866 -11.276095 -7.031203
v -0.000008 -9.175601 -8.146596
v 0.195401 -9.098559 -8.141097
v -0.000009 -8.953668 -8.270919
v 0.196909 -8.855657 -8.276943
v 0.197321 -8.677953 -8.376431
v 0.141799 -8.795745 -8.407177
v 0.196909 -8.855657 -8.276943
v 0.141631 -8.861712 -8.370259
v -0.000008 -8.852126 -8.417086
v 0.141799 -8.795745 -8.407177
v -0.000008 -8.746724 -8.386913
v 0.197321 -8.677953 -8.376431
v 0.141799 -8.795745 -8.407177
v -0.000008 -8.852126 -8.417086
v 0.141631 -8.861712 -8.370259
v -0.000008 -8.931148 -8.372890
v -0.000008 -8.931148 -8.372890
v -0.000009 -8.953668 -8.270919
v 0.141631 -8.861712 -8.370259
v 0.196909 -8.855657 -8.276943
v -0.000008 -10.963765 -7.147158
v -0.000008 -10.940764 -7.250487
v -0.000009 -11.016973 -7.117821
v -0.000009 -9.282907 -8.176711
v -0.000008 -9.175601 -8.146596
v -0.000008 -8.931148 -8.372890
v -0.000009 -8.953668 -8.270919
v 7.642267 0.000005 -8.998427
v 6.306214 0.000004 -9.011379
v 7.191618 -0.894002 -8.985928
v 5.351606 -3.510177 -8.987985
v 6.009892 -2.679248 -8.985885
v 6.647301 -1.783232 -8.985879
v 8.331351 -6.801335 -6.389233
v 4.955780 -4.188510 -9.035653
v 7.590092 -7.589282 -6.389233
v 4.581530 -4.580720 -9.035207
v 5.351606 -3.510177 -8.987985
v 5.349092 -3.747060 -9.030318
v 8.880078 -5.896448 -6.389233
v 8.883765 -6.160256 -6.389233
v 4.955780 -4.188510 -9.035653
v 5.349092 -3.747060 -9.030318
v 4.842516 -4.059066 -8.994454
v 5.351606 -3.510177 -8.987985
v 9.220317 -0.137965 -8.170327
v 10.745248 -0.138102 -7.320980
v 9.283710 0.000003 -8.176711
v 10.941572 0.000005 -7.250487
v 11.144921 -0.108735 -7.104531
v 11.276904 -0.108053 -7.031203
v 11.127542 0.000004 -7.149004
v 11.396795 0.000005 -7.004088
v 9.283710 0.000003 -8.176711
v 9.176406 0.000004 -8.146597
v 9.220317 -0.137965 -8.170327
v 9.099366 -0.194589 -8.141097
v 11.276904 -0.108053 -7.031203
v 11.144921 -0.108735 -7.104531
v 11.252267 -0.168321 -6.948525
v 11.051744 -0.168683 -7.059823
v 11.051744 -0.168683 -7.059823
v 11.144921 -0.108735 -7.104531
v 11.017777 0.000003 -7.117821
v 11.127542 0.000004 -7.149004
v 11.428100 0.000004 -6.888381
v 11.396795 0.000005 -7.004088
v 11.252267 -0.168321 -6.948525
v 11.276904 -0.108053 -7.031203
v 10.964569 0.000003 -7.147158
v 10.941572 0.000005 -7.250487
v 10.709075 -0.197028 -7.244408
v 10.745248 -0.138102 -7.320980
v 9.176406 0.000004 -8.146597
v 8.954472 0.000003 -8.270919
v 9.099366 -0.194589 -8.141097
v 8.856465 -0.196098 -8.276943
v 8.862524 -0.140819 -8.370259
v 8.796554 -0.140988 -8.407177
v 8.856465 -0.196098 -8.276943
v 8.678762 -0.196509 -8.376427
v 8.678762 -0.196509 -8.376427
v 8.796554 -0.140988 -8.407177
v 8.748460 0.000004 -8.387374
v 8.855468 0.000005 -8.415847
v 8.931859 0.000005 -8.373226
v 8.855468 0.000005 -8.415847
v 8.862524 -0.140819 -8.370259
v 8.796554 -0.140988 -8.407177
v 8.931859 0.000005 -8.373226
v 8.862524 -0.140819 -8.370259
v 8.954472 0.000003 -8.270919
v 8.856465 -0.196098 -8.276943
v 10.964569 0.000003 -7.147158
v 11.017777 0.000003 -7.117821
v 10.941572 0.000005 -7.250487
v 11.127542 0.000004 -7.149004
v 8.954472 0.000003 -8.270919
v 9.176406 0.000004 -8.146597
v 8.931859 0.000005 -8.373226
v 9.283710 0.000003 -8.176711
v 11.428100 0.000004 -6.888381
v 11.396795 0.000005 -7.004088
v 11.083855 0.000004 -9.492843
v 8.855468 0.000005 -8.415847
v 8.748460 0.000004 -8.387374
v 7.642267 0.000005 -8.998427
v 8.678762 -0.196509 -8.376427
v 10.014994 -5.954822 -6.389233
v 10.106229 -6.137578 -6.572387
v 4.581530 -4.580720 -9.035207
v 4.461411 -4.460599 -8.994430
v 4.416751 -5.539123 -19.154274
v 5.277139 -4.713892 -19.154274
v 3.426859 -6.181382 -19.154274
v -0.000008 -19.112825 -19.154278
v -0.000007 -7.121892 -19.154274
v 1.207316 -6.958216 -19.154274
v 2.316265 -6.683268 -19.154274
v 17.869104 -9.942071 -6.389233
v 15.025334 -1.807333 -6.389233
v 17.423065 -4.468566 -6.572387
v 18.518410 -14.444076 -6.389233
v 12.599683 -1.803718 -6.389233
v 11.551876 -8.125261 -6.572387
v 13.024523 -6.131025 -6.572387
v 10.106229 -6.137578 -6.572387
v 15.226836 -8.332063 -6.572387
v 10.364215 -9.277171 -6.572387
v 9.134000 -7.380962 -6.572387
v 9.750850 -6.618961 -6.572387
v 16.478741 -15.444104 -6.572387
v 15.444909 -16.477928 -6.572387
v 9.278049 -10.359324 -6.572387
v 8.290383 -8.290975 -6.572387
v 7.380726 -9.134672 -6.572387
v 6.600406 -9.770684 -6.572387
v 8.340417 -15.234942 -6.572387
v 10.099030 -15.255645 -6.572387
v 12.216947 -15.685613 -6.572387
v 16.377613 -11.618636 -6.572387
v 17.796064 -10.126018 -6.572387
v 15.249938 -10.104999 -6.572387
v 15.682415 -12.212229 -6.572387
v 11.871578 -16.371164 -6.389233
v 13.738854 -17.460026 -6.389233
v 13.349871 -17.848698 -6.389233
v 10.620859 -9.279535 -6.389233
v 11.550333 -8.379438 -6.389233
v 4.469378 -17.422249 -6.572387
v 5.390456 -18.343384 -6.572387
v 7.308877 -18.334290 -6.572387
v 10.443409 -4.531125 -6.572387
v 12.159866 -4.536922 -6.572387
v 4.531935 -10.442599 -6.572387
v 3.577906 -15.815556 -6.389233
v 4.399338 -16.643175 -6.389233
v 18.527988 -5.313790 -6.389233
v 1.983646 -12.718785 -6.572387
v 8.262401 -15.416455 -6.389233
v 9.921226 -15.432942 -6.389233
v 15.433758 -9.920414 -6.389233
v 10.709075 -0.197028 -7.244408
v 11.051744 -0.168683 -7.059823
v 10.964569 0.000003 -7.147158
v 11.017777 0.000003 -7.117821
v 17.033253 0.000003 -11.971031
v 9.540561 -0.181021 -11.794100
v 11.772783 -0.181022 -11.352743
v 14.641912 -0.181021 -9.676803
v 4.038416 -0.181021 -14.314152
v 2.009089 -0.181021 -15.968165
v 7.443354 -0.181021 -10.480705
v 8.748460 0.000004 -8.387374
v 11.889670 0.000004 -11.169875
v 13.774541 0.000004 -11.173339
v 6.161067 -8.882952 -6.389233
v 7.590092 -7.589282 -6.389233
v 9.606400 -6.475981 -6.389233
v 5.897259 -8.879268 -6.389233
v 5.349092 -3.747060 -9.030318
v 8.883765 -6.160256 -6.389233
v 12.300393 0.000003 -6.389233
v 11.252267 -0.168321 -6.948525
v 11.761528 -1.369832 -6.389233
v 3.080342 -5.691758 -8.985879
v 3.510988 -5.350797 -8.987985
v 2.202161 -6.359452 -8.985875
v 1.304330 -6.948400 -8.985885
v 4.461411 -4.460599 -8.994430
v 4.059877 -4.841707 -8.994454
v 4.842516 -4.059066 -8.994454
v -0.000008 -4.241649 -15.365694
v -0.000008 -7.290774 -16.627411
v 0.178889 -5.283614 -11.105221
v 5.103889 -9.507619 -6.389233
v 5.897259 -8.879268 -6.389233
v 3.080342 -5.691758 -8.985879
v 3.510988 -5.350797 -8.987985
v 4.005840 -10.272927 -6.389233
v 2.202161 -6.359452 -8.985875
v 1.304330 -6.948400 -8.985885
v 2.592827 -11.140284 -6.389233
v 0.466871 -7.424315 -8.986254
v 0.197321 -8.677953 -8.376431
v -0.000008 -8.746724 -8.386913
v -0.000009 -7.641457 -8.998425
v 9.707583 -4.825336 -6.389233
v 6.009892 -2.679248 -8.985885
v 8.880078 -5.896448 -6.389233
v 5.351606 -3.510177 -8.987985
v 10.405293 -3.822141 -6.389233
v 6.647301 -1.783232 -8.985879
v 7.191618 -0.894002 -8.985928
v 11.133974 -2.606249 -6.389233
v 11.428100 0.000004 -6.888381
v -0.000009 -13.182420 -9.481380
v -0.000008 -11.426555 -6.888683
v -0.000007 -7.121892 -19.154274
v -0.000008 -6.200899 -18.063934
v -0.000008 0.000005 -18.062431
v 6.147841 -0.857273 -18.064766
v 17.530487 0.000004 -18.065128
v 17.530487 -0.857273 -18.066353
v 7.031250 -0.857272 -19.154274
v 17.530487 -0.857274 -6.389233
v 6.035924 -2.526339 -18.575741
v 6.294837 -2.633128 -18.597332
v 5.675859 -2.377296 -18.064552
v 6.035924 -2.526339 -18.575741
v 3.426859 -6.181382 -19.154274
v 3.295269 -5.965205 -18.597267
v 1.047782 -6.050178 -18.064415
v 1.115450 -6.429700 -18.575413
v 2.962637 -5.384387 -18.064064
v 5.221615 -3.256680 -18.063576
v 3.837037 -4.812822 -18.064568
v 4.579268 -4.090144 -18.063869
v -0.000008 -6.200899 -18.063934
v -0.000008 -6.588245 -18.574631
v -0.000008 -11.426555 -6.888683
v 6.164009 -5.422845 -7.881249
v 6.204803 -5.431359 -7.989214
v 5.861721 -5.534784 -7.964174
v 5.889170 -5.548240 -8.075795
v 6.520547 -5.446931 -7.844830
v 6.466402 -5.437758 -7.742971
v 6.903942 -6.114546 -7.257216
v 6.977401 -6.153597 -7.337627
v 6.871380 -5.816339 -7.401427
v 6.943403 -5.842223 -7.488207
v 6.781805 -5.592263 -7.667614
v 6.716615 -5.576946 -7.573247
v 5.425419 -6.351789 -7.798082
v 5.433607 -6.401314 -7.902370
v 5.521174 -6.626595 -7.636535
v 5.533590 -6.688252 -7.733694
v 5.628221 -5.777365 -8.089611
v 5.467080 -6.079114 -8.028268
v 5.611807 -5.754221 -7.977404
v 5.457478 -6.043212 -7.918654
v 5.749742 -6.890315 -7.551397
v 6.044690 -6.972564 -7.387005
v 5.728187 -6.820113 -7.461946
v 6.010662 -6.898885 -7.304506
v 6.367430 -6.920780 -7.268941
v 6.319759 -6.849288 -7.191433
v 6.877920 -6.472543 -7.241918
v 6.808664 -6.420003 -7.165551
v 6.662160 -6.743909 -7.217623
v 6.602028 -6.679897 -7.142281
v 6.126392 -5.496812 -7.745968
v 6.382744 -5.509456 -7.628744
v 6.726063 -5.830395 -7.339202
v 6.753666 -6.083200 -7.216946
v 6.594860 -5.627450 -7.484862
v 5.500255 -6.284322 -7.675463
v 5.527431 -6.022725 -7.777678
v 5.658263 -5.777737 -7.827483
v 5.870126 -5.591709 -7.816268
v 6.258427 -6.706074 -7.161180
v 5.996391 -6.748119 -7.257036
v 5.756925 -6.681342 -7.390505
v 5.581430 -6.517287 -7.538512
v 6.672894 -6.342150 -7.139235
v 6.497721 -6.562474 -7.119512
v 6.092633 -5.648439 -7.587179
v 6.346918 -5.698705 -7.454452
v 6.513391 -5.882496 -7.301772
v 6.504423 -6.150723 -7.188729
v 5.672374 -6.017446 -7.609426
v 5.838497 -5.780285 -7.640438
v 6.093347 -6.511666 -7.210491
v 5.833397 -6.479562 -7.337768
v 5.681783 -6.282723 -7.489663
v 6.353176 -6.396158 -7.147628
v 6.299578 -6.031392 -7.276870
v 6.144297 -5.847162 -7.424862
v 6.071752 -6.063567 -7.348009
v 5.894921 -5.968156 -7.480779
v 5.896078 -6.227167 -7.367345
v 6.146169 -6.266250 -7.241323
v 0.000008 -5.354225 4.362410
v 0.000008 -5.338247 3.402495
v -5.355026 0.000002 4.362412
v -5.339056 0.000002 3.402494
v -17.530556 -0.857247 6.382381
v -17.530556 -0.857247 -6.389233
v -19.169336 -0.857245 6.382381
v -19.169336 -0.857246 -6.389233
v -17.530554 0.000002 6.382381
v -17.530554 0.000002 -6.389233
v -17.530556 -0.857247 6.382381
v -17.530556 -0.857247 -6.389233
v 0.000008 0.000002 -2.155419
v -5.339056 0.000002 3.402494
v 0.000008 -5.338247 3.402495
v 0.000008 -13.889333 4.402434
v 0.000009 -15.658673 4.170960
v 0.000007 -12.074584 2.921260
v 0.000008 -15.656178 -5.260059
v 0.000008 -12.502398 -5.891194
v 0.000009 -12.495394 -3.727143
v 0.000008 -6.004827 2.936385
v 0.000008 -8.420606 1.710031
v 0.000009 -10.157802 1.705488
v 0.000008 -6.006871 4.397960
v 0.000008 -7.021323 6.382380
v 0.000010 -19.112823 6.382382
v 0.000008 -17.633831 4.172025
v 0.000008 -17.642570 -3.192500
v 0.000010 -19.112823 -6.389232
v 0.000008 -5.338247 3.402495
v 0.000008 -2.011111 -2.433555
v 0.000008 -2.019712 -5.892377
v 0.000008 0.000002 -2.155419
v 0.000008 0.000002 -6.389233
v 0.000008 -8.318709 -5.895972
v -0.181162 -12.322982 -5.712335
v -0.181163 -10.984670 -3.884249
v -0.181162 -12.316203 -3.908360
v -0.181162 -13.882890 -2.252131
v -0.181163 -12.309949 -2.259121
v -0.181162 -12.066482 1.524739
v -0.181162 -10.463693 1.517782
v 0.000009 -12.495394 -3.727143
v 0.000008 -12.502398 -5.891194
v -0.181162 -12.316203 -3.908360
v -0.181162 -12.322982 -5.712335
v 0.000009 -12.495394 -3.727143
v -0.181162 -12.316203 -3.908360
v 0.000009 -11.101336 -3.696705
v -0.181163 -10.984670 -3.884249
v 0.000008 -8.420606 1.710031
v 0.000009 -11.101336 -3.696705
v -0.181163 -8.306108 1.524807
v -0.181163 -10.984670 -3.884249
v 0.000008 -8.420606 1.710031
v -0.181163 -8.306108 1.524807
v 0.000008 -5.886544 1.715092
v -0.181163 -5.968466 1.528621
v -0.181163 -2.195088 -2.506159
v 0.000008 -2.011111 -2.433555
v -0.181163 -5.968466 1.528621
v 0.000008 -5.886544 1.715092
v 0.000008 -2.019712 -5.892377
v 0.000008 -2.011111 -2.433555
v -0.181163 -2.203347 -5.712374
v -0.181163 -2.195088 -2.506159
v 0.000008 -2.019712 -5.892377
v -0.181163 -2.203347 -5.712374
v 0.000008 -2.941164 -5.905434
v -0.181163 -2.859374 -5.719501
v 0.000008 -6.130894 -2.463944
v -0.181163 -6.049153 -2.277544
v 0.000008 -6.683056 -2.467550
v -0.181163 -6.799541 -2.284426
v 0.000008 -12.502398 -5.891194
v 0.000008 -8.318709 -5.895972
v -0.181162 -12.322982 -5.712335
v -0.181163 -8.433446 -5.715597
v -0.181163 -12.309949 -2.259121
v -0.181162 -13.882890 -2.252131
v 0.000008 -12.192660 -2.444587
v 0.000008 -14.182454 -2.443056
v 0.000008 -14.182454 -2.443056
v -0.181162 -13.882890 -2.252131
v 0.000008 -12.179771 1.705264
v -0.181162 -12.066482 1.524739
v -0.181162 -12.066482 1.524739
v -0.181162 -10.463693 1.517782
v 0.000008 -12.179771 1.705264
v 0.000009 -10.157802 1.705488
v 0.000009 -10.157802 1.705488
v -0.181162 -10.463693 1.517782
v 0.000008 -12.192660 -2.444587
v -0.181163 -12.309949 -2.259121
v 0.000008 -15.656178 -5.260059
v -0.181163 -15.846606 -4.784957
v 0.000008 -17.642570 -3.192500
v -0.181163 -17.458666 -3.118709
v 0.000008 -17.633831 4.172025
v 0.000008 -17.642570 -3.192500
v -0.181163 -17.450583 3.989081
v -0.181163 -17.458666 -3.118709
v -0.181164 -15.841520 3.989081
v 0.000009 -15.658673 4.170960
v -0.181163 -17.450583 3.989081
v 0.000008 -17.633831 4.172025
v 0.000008 -15.656178 -5.260059
v 0.000009 -15.658673 4.170960
v -0.181163 -15.846606 -4.784957
v -0.181164 -15.841520 3.989081
v -0.181163 -6.186503 4.216788
v 0.000008 -6.006871 4.397960
v -0.181163 -13.345883 4.211495
v 0.000008 -13.889333 4.402434
v 0.000008 -6.004827 2.936385
v -0.181163 -6.186503 3.115498
v 0.000007 -12.074584 2.921260
v -0.181163 -12.000070 3.106231
v -0.181163 -6.799541 -2.284426
v -0.181163 -8.306108 1.524807
v 0.000008 -5.886544 1.715092
v -0.181163 -15.846606 -4.784957
v -0.181164 -15.841520 3.989081
v -0.181163 -17.458666 -3.118709
v -0.181163 -17.450583 3.989081
v -19.169336 -0.857246 -6.389233
v -19.169336 -19.112823 -6.389232
v -19.169336 -0.857245 6.382381
v -19.169336 -19.112823 6.382382
v 0.000008 -12.192660 -2.444587
v 0.000009 -11.101336 -3.696705
v -15.745163 -13.701653 6.382382
v -17.219339 -15.167664 6.382382
v -13.732784 -15.718973 6.382382
v -15.190994 -17.196081 6.382382
v -12.776395 -4.195951 6.382381
v -11.546169 -2.903476 6.382381
v -12.925342 -1.623076 6.382381
v -16.472204 -6.873259 6.382380
v -13.672681 -9.578057 6.382382
v -15.248397 -6.709731 6.382382
v -13.009344 -8.885448 6.382381
v -9.378243 -0.712715 6.382381
v -7.879139 -0.941799 6.382381
v -7.020111 0.000002 6.382381
v -11.728602 -5.596330 6.382381
v -12.838544 -6.716973 6.382380
v -11.870746 -7.710233 6.382381
v -6.197960 -2.611351 6.382381
v -7.034895 -4.961223 6.382381
v -5.887794 -3.809611 6.382381
v -8.136188 -4.566325 6.382381
v -9.122460 -5.564540 6.382381
v -11.503471 -4.584803 6.382381
v -9.438785 -5.188363 6.382381
v -8.516044 -4.250325 6.382381
v -2.965911 -11.507849 6.382382
v -4.632935 -11.467718 6.382382
v -4.250597 -12.745171 6.382382
v -0.794689 -14.240073 6.382382
v -1.689996 -12.892528 6.382382
v -6.878069 -16.508739 6.382382
v -6.761537 -15.227986 6.382382
v -9.621348 -13.641948 6.382382
v -8.937617 -12.975766 6.382382
v -7.756978 -11.829202 6.382382
v -11.216089 -13.224028 6.382382
v -2.675083 -6.139990 6.382381
v -3.181407 -5.148724 6.382381
v -3.867360 -5.832692 6.382381
v -5.244179 -9.386510 6.382382
v -4.317607 -8.469761 6.382382
v -5.618720 -9.074122 6.382382
v -4.630058 -8.088624 6.382382
v -11.826269 -15.708717 6.382382
v -11.437130 -15.362488 6.382382
v -11.472943 -13.221059 6.198796
v -5.267575 -6.978498 6.198795
v -5.545274 -6.625658 6.198794
v -9.832667 -0.901489 6.198795
v -11.899601 -0.889685 6.198795
v -11.550361 -2.651259 6.198795
v -12.662360 -1.621054 6.198795
v -16.957829 -0.896466 6.198795
v -16.988062 -1.375446 6.198795
v -14.690092 -0.901448 6.198795
v -1.687244 -12.628284 6.198796
v -0.958600 -11.863998 6.198796
v -2.714455 -11.513108 6.198796
v -0.973370 -9.791011 6.198796
v -0.969723 -14.662721 6.198796
v -4.174578 -17.829790 6.198796
v -0.962630 -17.831612 6.198796
v -13.253531 -11.435854 6.198796
v -7.028953 -5.211900 6.198795
v -13.256211 -11.177888 6.382382
v -7.034895 -4.961223 6.382381
v -14.509542 -10.226178 6.198796
v -13.253531 -11.435854 6.198796
v -14.247684 -10.221098 6.382382
v -13.256211 -11.177888 6.382382
v -14.509542 -10.226178 6.198796
v -14.247684 -10.221098 6.382382
v -13.928060 -9.582467 6.198796
v -13.672681 -9.578057 6.382382
v -13.928060 -9.582467 6.198796
v -13.672681 -9.578057 6.382382
v -16.461855 -7.138996 6.198796
v -16.472204 -6.873259 6.382380
v -16.472204 -6.873259 6.382380
v -17.639572 -8.205314 6.382382
v -16.461855 -7.138996 6.198796
v -17.452501 -8.277833 6.198795
v -17.481306 -12.561893 6.198796
v -17.452501 -8.277833 6.198795
v -17.668139 -12.489982 6.382382
v -17.639572 -8.205314 6.382382
v -17.481306 -12.561893 6.198796
v -17.668139 -12.489982 6.382382
v -18.464640 -13.689120 6.198796
v -18.719959 -13.703922 6.382382
v -18.464640 -13.689120 6.198796
v -18.719959 -13.703922 6.382382
v -17.228155 -14.918310 6.198796
v -17.219339 -15.167664 6.382382
v -17.219339 -15.167664 6.382382
v -15.745163 -13.701653 6.382382
v -17.228155 -14.918310 6.198796
v -15.932382 -13.624412 6.198796
v -15.398924 -11.132721 6.198796
v -15.820729 -11.583081 6.198796
v -15.388395 -11.399673 6.382382
v -15.656581 -11.699311 6.382382
v -11.167190 -15.373754 6.198796
v -11.437130 -15.362488 6.382382
v -11.756017 -15.898639 6.198796
v -11.826269 -15.708717 6.382382
v -13.732784 -15.718973 6.382382
v -13.654840 -15.907552 6.198796
v -11.826269 -15.708717 6.382382
v -11.756017 -15.898639 6.198796
v -13.654840 -15.907552 6.198796
v -13.732784 -15.718973 6.382382
v -14.910283 -17.173803 6.198796
v -15.190994 -17.196081 6.382382
v -15.190994 -17.196081 6.382382
v -13.721440 -18.595816 6.382382
v -14.910283 -17.173803 6.198796
v -13.715714 -18.332733 6.198796
v -13.721440 -18.595816 6.382382
v -12.579361 -17.521576 6.382382
v -13.715714 -18.332733 6.198796
v -12.657032 -17.332306 6.198796
v -8.254212 -17.491959 6.382382
v -8.323495 -17.307096 6.198796
v -12.579361 -17.521576 6.382382
v -12.657032 -17.332306 6.198796
v -7.132734 -16.498703 6.198796
v -6.878069 -16.508739 6.382382
v -7.132734 -16.498703 6.198796
v -6.878069 -16.508739 6.382382
v -9.625354 -13.897935 6.198796
v -9.621348 -13.641948 6.382382
v -9.621348 -13.641948 6.382382
v -10.262076 -14.218349 6.382382
v -9.625354 -13.897935 6.198796
v -10.267481 -14.477171 6.198796
v -11.216089 -13.224028 6.382382
v -11.472943 -13.221059 6.198796
v -10.262076 -14.218349 6.382382
v -10.267481 -14.477171 6.198796
v -5.018488 -6.981690 6.382381
v -5.267575 -6.978498 6.198795
v -11.216089 -13.224028 6.382382
v -11.472943 -13.221059 6.198796
v -5.545274 -6.625658 6.198794
v -5.267575 -6.978498 6.198795
v -5.292638 -6.630506 6.382380
v -5.018488 -6.981690 6.382381
v -4.205751 -5.264265 6.198795
v -5.545274 -6.625658 6.198794
v -4.208665 -5.526188 6.382381
v -5.292638 -6.630506 6.382380
v -4.205751 -5.264265 6.198795
v -4.208665 -5.526188 6.382381
v -3.864861 -5.576431 6.198795
v -3.867360 -5.832692 6.382381
v -3.867360 -5.832692 6.382381
v -3.181407 -5.148724 6.382381
v -3.864861 -5.576431 6.198795
v -3.435847 -5.148197 6.198795
v -5.206029 -3.118876 6.382381
v -5.204056 -3.374863 6.198795
v -3.181407 -5.148724 6.382381
v -3.435847 -5.148197 6.198795
v -5.887794 -3.809611 6.382381
v -5.631138 -3.805090 6.198795
v -5.206029 -3.118876 6.382381
v -5.204056 -3.374863 6.198795
v -5.320350 -4.148477 6.198795
v -5.631138 -3.805090 6.198795
v -5.580868 -4.149878 6.382381
v -5.887794 -3.809611 6.382381
v -5.320350 -4.148477 6.198795
v -5.580868 -4.149878 6.382381
v -6.678260 -5.489251 6.198795
v -6.682027 -5.237019 6.382381
v -7.034895 -4.961223 6.382381
v -7.028953 -5.211900 6.198795
v -6.682027 -5.237019 6.382381
v -6.678260 -5.489251 6.198795
v -13.011886 -8.635718 6.198795
v -14.996842 -6.706414 6.198796
v -13.009344 -8.885448 6.382381
v -15.248397 -6.709731 6.382382
v -12.119991 -7.714163 6.198796
v -13.011886 -8.635718 6.198795
v -11.870746 -7.710233 6.382381
v -13.009344 -8.885448 6.382381
v -13.087447 -6.718647 6.198796
v -12.119991 -7.714163 6.198796
v -12.838544 -6.716973 6.382380
v -11.870746 -7.710233 6.382381
v -13.087447 -6.718647 6.198796
v -12.838544 -6.716973 6.382380
v -11.788203 -5.399592 6.198795
v -11.728602 -5.596330 6.382381
v -9.122460 -5.564540 6.382381
v -9.369617 -5.562766 6.198795
v -9.559288 -6.016289 6.382381
v -9.617425 -5.819637 6.198795
v -9.682001 -5.186852 6.198795
v -9.369617 -5.562766 6.198795
v -9.438785 -5.188363 6.382381
v -9.122460 -5.564540 6.382381
v -8.520315 -4.001307 6.198795
v -9.682001 -5.186852 6.198795
v -8.516044 -4.250325 6.382381
v -9.438785 -5.188363 6.382381
v -8.136188 -4.566325 6.382381
v -8.139190 -4.320935 6.198795
v -8.516044 -4.250325 6.382381
v -8.520315 -4.001307 6.198795
v -6.447107 -2.613107 6.198795
v -6.197960 -2.611351 6.382381
v -7.877171 -1.194298 6.198795
v -7.879139 -0.941799 6.382381
v -11.453591 -4.777610 6.198795
v -7.877171 -1.194298 6.198795
v -11.503471 -4.584803 6.382381
v -7.879139 -0.941799 6.382381
v -11.453591 -4.777610 6.198795
v -11.503471 -4.584803 6.382381
v -12.726995 -4.402551 6.198795
v -12.776395 -4.195951 6.382381
v -12.726995 -4.402551 6.198795
v -12.776395 -4.195951 6.382381
v -14.996842 -6.706414 6.198796
v -15.248397 -6.709731 6.382382
v -11.550361 -2.651259 6.198795
v -11.546169 -2.903476 6.382381
v -9.832667 -0.901489 6.198795
v -9.378243 -0.712715 6.382381
v -9.378243 -0.712715 6.382381
v -11.973960 -0.702787 6.382381
v -9.832667 -0.901489 6.198795
v -11.899601 -0.889685 6.198795
v -12.925342 -1.623076 6.382381
v -12.662360 -1.621054 6.198795
v -11.973960 -0.702787 6.382381
v -11.899601 -0.889685 6.198795
v -12.925342 -1.623076 6.382381
v -11.546169 -2.903476 6.382381
v -12.662360 -1.621054 6.198795
v -11.550361 -2.651259 6.198795
v -16.957829 -0.896466 6.198795
v -14.690092 -0.901448 6.198795
v -17.138454 -0.714740 6.382381
v -14.238127 -0.710505 6.382381
v -16.988062 -1.375446 6.198795
v -16.957829 -0.896466 6.198795
v -17.172117 -1.197608 6.382381
v -17.138454 -0.714740 6.382381
v -17.986418 -1.254151 6.382381
v -17.805109 -1.430818 6.198795
v -17.172117 -1.197608 6.382381
v -16.988062 -1.375446 6.198795
v -17.805109 -1.430818 6.198795
v -17.986418 -1.254151 6.382381
v -17.840736 -4.107641 6.198795
v -18.029982 -4.560846 6.382381
v -4.250597 -12.745171 6.382382
v -4.632935 -11.467718 6.382382
v -4.460902 -12.693643 6.198796
v -4.845158 -11.415593 6.198796
v -4.845158 -11.415593 6.198796
v -4.632935 -11.467718 6.382382
v -1.261685 -7.829176 6.198796
v -1.008029 -7.830194 6.382382
v -1.261685 -7.829176 6.198796
v -1.008029 -7.830194 6.382382
v -2.676408 -6.394979 6.198795
v -2.675083 -6.139990 6.382381
v -4.379236 -8.091929 6.198796
v -2.676408 -6.394979 6.198795
v -4.630058 -8.088624 6.382382
v -2.675083 -6.139990 6.382381
v -4.630058 -8.088624 6.382382
v -4.317607 -8.469761 6.382382
v -4.379236 -8.091929 6.198796
v -4.061166 -8.472234 6.198795
v -5.244179 -9.386510 6.382382
v -5.243184 -9.640691 6.198796
v -4.317607 -8.469761 6.382382
v -4.061166 -8.472234 6.198795
v -5.243184 -9.640691 6.198796
v -5.244179 -9.386510 6.382382
v -5.617392 -9.326015 6.198796
v -5.618720 -9.074122 6.382382
v -5.873140 -9.574079 6.198796
v -5.617392 -9.326015 6.198796
v -6.070893 -9.514044 6.382382
v -5.618720 -9.074122 6.382382
v -5.457767 -11.750250 6.198796
v -5.873140 -9.574079 6.198796
v -5.658566 -11.689614 6.382382
v -6.070893 -9.514044 6.382382
v -6.770277 -13.056456 6.198796
v -5.457767 -11.750250 6.198796
v -6.768183 -12.796133 6.382382
v -5.658566 -11.689614 6.382382
v -6.770277 -13.056456 6.198796
v -6.768183 -12.796133 6.382382
v -7.762518 -12.084494 6.198796
v -7.756978 -11.829202 6.382382
v -8.681401 -12.978959 6.198796
v -7.762518 -12.084494 6.198796
v -8.937617 -12.975766 6.382382
v -7.756978 -11.829202 6.382382
v -8.681401 -12.978959 6.198796
v -8.937617 -12.975766 6.382382
v -6.757682 -14.969682 6.198796
v -6.761537 -15.227986 6.382382
v -4.460902 -12.693643 6.198796
v -6.757682 -14.969682 6.198796
v -4.250597 -12.745171 6.382382
v -6.761537 -15.227986 6.382382
v -2.714455 -11.513108 6.198796
v -2.965911 -11.507849 6.382382
v -1.687244 -12.628284 6.198796
v -1.689996 -12.892528 6.382382
v -0.958600 -11.863998 6.198796
v -1.687244 -12.628284 6.198796
v -0.772698 -11.937104 6.382382
v -1.689996 -12.892528 6.382382
v -0.958600 -11.863998 6.198796
v -0.772698 -11.937104 6.382382
v -0.973370 -9.791011 6.198796
v -0.796963 -9.365180 6.382382
v -2.714455 -11.513108 6.198796
v -0.973370 -9.791011 6.198796
v -2.965911 -11.507849 6.382382
v -0.796963 -9.365180 6.382382
v -0.962630 -17.831612 6.198796
v -4.174578 -17.829790 6.198796
v -0.782328 -18.011639 6.382382
v -4.623030 -18.014473 6.382382
v -0.962630 -17.831612 6.198796
v -0.782328 -18.011639 6.382382
v -0.969723 -14.662721 6.198796
v -0.794689 -14.240073 6.382382
v -11.167190 -15.373754 6.198796
v -10.267481 -14.477171 6.198796
v -17.452501 -8.277833 6.198795
v -14.509542 -10.226178 6.198796
v -16.461855 -7.138996 6.198796
v -13.928060 -9.582467 6.198796
v -15.932382 -13.624412 6.198796
v -15.820729 -11.583081 6.198796
v -17.481306 -12.561893 6.198796
v -17.228155 -14.918310 6.198796
v -18.464640 -13.689120 6.198796
v -13.715714 -18.332733 6.198796
v -12.657032 -17.332306 6.198796
v -14.910283 -17.173803 6.198796
v -13.654840 -15.907552 6.198796
v -8.323495 -17.307096 6.198796
v -11.756017 -15.898639 6.198796
v -6.770277 -13.056456 6.198796
v -7.762518 -12.084494 6.198796
v -8.681401 -12.978959 6.198796
v -13.011886 -8.635718 6.198795
v -12.119991 -7.714163 6.198796
v -13.087447 -6.718647 6.198796
v -2.676408 -6.394979 6.198795
v -4.379236 -8.091929 6.198796
v -4.061166 -8.472234 6.198795
v -11.973960 -0.702787 6.382381
v -14.238127 -0.710505 6.382381
v -11.788203 -5.399592 6.198795
v -11.453591 -4.777610 6.198795
v -12.726995 -4.402551 6.198795
v -6.757682 -14.969682 6.198796
v -4.460902 -12.693643 6.198796
v -17.530554 0.000002 6.382381
v -17.530556 -0.857247 6.382381
v -17.138454 -0.714740 6.382381
v -17.172117 -1.197608 6.382381
v -4.623030 -18.014473 6.382382
v -4.174578 -17.829790 6.198796
v -0.794689 -14.240073 6.382382
v -0.969723 -14.662721 6.198796
v 0.000008 0.000002 -2.155419
v -0.752867 0.000002 -4.695002
v -2.688271 0.000002 -2.664858
v -14.559068 0.000002 3.608938
v -13.382712 0.000002 0.991627
v -14.559068 0.000002 -3.193906
v -13.381619 0.000004 -1.339718
v -17.530554 0.000002 6.382381
v -7.020111 0.000002 6.382381
v -16.202518 0.000003 5.050236
v -7.657597 0.000002 5.057685
v -16.204138 0.000002 -5.072204
v -17.530554 0.000002 -6.389233
v -7.266315 0.000002 -2.661318
v -7.997515 0.000002 -3.202698
v -11.964436 0.000004 -1.353605
v -6.058043 0.000002 -1.792583
v -7.249057 0.000002 -0.526856
v -16.019867 -0.180635 -4.889765
v -14.741448 -0.180634 -3.377795
v -7.934345 -0.180634 -3.390313
v -2.767018 -0.180633 -2.848423
v -2.688271 0.000002 -2.664858
v -0.937976 -0.180634 -4.764654
v -0.752867 0.000002 -4.695002
v -0.765549 0.000002 -5.075501
v -0.946102 -0.180634 -4.895875
v -0.752867 0.000002 -4.695002
v -0.937976 -0.180634 -4.764654
v -16.204138 0.000002 -5.072204
v -16.019867 -0.180635 -4.889765
v -0.765549 0.000002 -5.075501
v -0.946102 -0.180634 -4.895875
v -16.202518 0.000003 5.050236
v -16.019869 -0.180636 4.869766
v -16.204138 0.000002 -5.072204
v -16.019867 -0.180635 -4.889765
v -7.743557 -0.180634 4.874674
v -16.019869 -0.180636 4.869766
v -7.657597 0.000002 5.057685
v -16.202518 0.000003 5.050236
v -6.866453 -0.180633 3.822306
v -7.743557 -0.180634 4.874674
v -6.682117 0.000002 3.888841
v -7.657597 0.000002 5.057685
v -6.866453 -0.180633 3.822306
v -6.682117 0.000002 3.888841
v -6.875648 -0.180634 3.076902
v -6.696711 0.000003 2.897834
v -9.197444 -0.180633 3.801127
v -8.537164 -0.180632 3.088551
v -9.280860 0.000002 3.614858
v -8.610942 0.000002 2.885322
v -14.743085 -0.180632 3.792324
v -9.197444 -0.180633 3.801127
v -14.559068 0.000002 3.608938
v -9.280860 0.000002 3.614858
v -14.741448 -0.180634 -3.377795
v -14.559068 0.000002 -3.193906
v -7.934345 -0.180634 -3.390313
v -7.997515 0.000002 -3.202698
v -7.934345 -0.180634 -3.390313
v -7.997515 0.000002 -3.202698
v -7.204174 -0.180633 -2.845887
v -7.266315 0.000002 -2.661318
v -6.294399 -0.180633 0.817075
v -6.215598 0.000002 1.002175
v -3.991904 -0.180634 -1.597108
v -3.540849 0.000002 -1.790597
v -5.977657 -0.180634 -1.609138
v -3.991904 -0.180634 -1.597108
v -6.058043 0.000002 -1.792583
v -3.540849 0.000002 -1.790597
v -7.167375 -0.180633 -0.340455
v -5.977657 -0.180634 -1.609138
v -7.249057 0.000002 -0.526856
v -6.058043 0.000002 -1.792583
v -10.839896 0.000002 -0.523923
v -10.902360 -0.180634 -0.336269
v -7.249057 0.000002 -0.526856
v -7.167375 -0.180633 -0.340455
v -10.902360 -0.180634 -0.336269
v -10.839896 0.000002 -0.523923
v -12.026398 -0.180633 -1.168171
v -11.964436 0.000004 -1.353605
v -12.026398 -0.180633 -1.168171
v -11.964436 0.000004 -1.353605
v -13.200948 -0.180633 -1.158120
v -13.381619 0.000004 -1.339718
v -13.200948 -0.180633 -1.158120
v -13.381619 0.000004 -1.339718
v -13.200947 -0.180633 0.809954
v -13.382712 0.000002 0.991627
v -16.019869 -0.180636 4.869766
v -14.743085 -0.180632 3.792324
v -14.743085 -0.180632 3.792324
v -14.559068 0.000002 3.608938
v -14.741448 -0.180634 -3.377795
v -14.559068 0.000002 -3.193906
v 0.000008 -14.182454 -2.443056
v 0.000008 -2.941164 -5.905434
v 0.000008 -6.683056 -2.467550
v 0.000008 -6.130894 -2.463944
v 0.000008 -12.179771 1.705264
v 0.000008 -2.941164 -5.905434
v -0.181163 -2.859374 -5.719501
v 0.000008 -6.130894 -2.463944
v -0.181163 -6.049153 -2.277544
v -0.181163 -6.799541 -2.284426
v -0.181163 -8.433446 -5.715597
v 0.000008 -6.683056 -2.467550
v 0.000008 -8.318709 -5.895972
v -0.181163 -12.000070 3.106231
v -0.181163 -13.345883 4.211495
v 0.000007 -12.074584 2.921260
v 0.000008 -13.889333 4.402434
v -0.181163 -6.186503 3.115498
v 0.000008 -6.004827 2.936385
v -0.181163 -6.186503 4.216788
v 0.000008 -6.006871 4.397960
v -19.169336 -19.112823 6.382382
v -15.388395 -11.399673 6.382382
v -15.656581 -11.699311 6.382382
v -15.820729 -11.583081 6.198796
v -15.932382 -13.624412 6.198796
v -15.656581 -11.699311 6.382382
v -15.745163 -13.701653 6.382382
v -9.559288 -6.016289 6.382381
v -5.206029 -3.118876 6.382381
v -5.018488 -6.981690 6.382381
v -5.292638 -6.630506 6.382380
v -4.208665 -5.526188 6.382381
v 0.000010 -19.112823 6.382382
v -0.782328 -18.011639 6.382382
v -4.623030 -18.014473 6.382382
v -5.243184 -9.640691 6.198796
v -5.873140 -9.574079 6.198796
v -4.845158 -11.415593 6.198796
v -5.457767 -11.750250 6.198796
v -11.788203 -5.399592 6.198795
v -11.728602 -5.596330 6.382381
v -9.617425 -5.819637 6.198795
v -9.559288 -6.016289 6.382381
v -8.139190 -4.320935 6.198795
v -8.136188 -4.566325 6.382381
v -6.447107 -2.613107 6.198795
v -6.197960 -2.611351 6.382381
v -9.682001 -5.186852 6.198795
v -8.520315 -4.001307 6.198795
v -8.139190 -4.320935 6.198795
v -6.447107 -2.613107 6.198795
v -9.369617 -5.562766 6.198795
v -9.617425 -5.819637 6.198795
v -1.261685 -7.829176 6.198796
v -19.169336 -0.857245 6.382381
v -17.986418 -1.254151 6.382381
v -17.805109 -1.430818 6.198795
v -17.840736 -4.107641 6.198795
v -3.540849 0.000002 -1.790597
v -0.765549 0.000002 -5.075501
v 0.000008 0.000002 -6.389233
v -6.696711 0.000003 2.897834
v -6.682117 0.000002 3.888841
v -5.339056 0.000002 3.402494
v -7.204174 -0.180633 -2.845887
v -7.266315 0.000002 -2.661318
v -2.767018 -0.180633 -2.848423
v -2.688271 0.000002 -2.664858
v -7.167375 -0.180633 -0.340455
v -6.294399 -0.180633 0.817075
v -5.977657 -0.180634 -1.609138
v -3.991904 -0.180634 -1.597108
v -7.743557 -0.180634 4.874674
v -9.197444 -0.180633 3.801127
v -12.026398 -0.180633 -1.168171
v -13.200948 -0.180633 -1.158120
v -13.200947 -0.180633 0.809954
v -7.020111 0.000002 6.382381
v 0.000008 -7.021323 6.382380
v -5.355026 0.000002 4.362412
v 0.000008 -5.354225 4.362410
v -0.181163 -13.345883 4.211495
v -0.181163 -12.000070 3.106231
v -0.181163 -6.186503 4.216788
v -0.181163 -6.186503 3.115498
v -18.719959 -13.703922 6.382382
v -13.256211 -11.177888 6.382382
v 0.000008 -7.021323 6.382380
v -0.772698 -11.937104 6.382382
v -0.796963 -9.365180 6.382382
v -13.721440 -18.595816 6.382382
v -7.132734 -16.498703 6.198796
v -15.398924 -11.132721 6.198796
v -13.253531 -11.435854 6.198796
v -15.398924 -11.132721 6.198796
v -15.388395 -11.399673 6.382382
v -11.167190 -15.373754 6.198796
v -11.437130 -15.362488 6.382382
v -1.008029 -7.830194 6.382382
v -6.070893 -9.514044 6.382382
v -14.690092 -0.901448 6.198795
v -17.840736 -4.107641 6.198795
v -14.238127 -0.710505 6.382381
v -18.029982 -4.560846 6.382381
v -9.625354 -13.897935 6.198796
v -19.169336 -19.112823 6.382382
v -19.169336 -19.112823 -6.389232
v 0.000010 -19.112823 6.382382
v 0.000010 -19.112823 -6.389232
v -17.639572 -8.205314 6.382382
v -18.029982 -4.560846 6.382381
v -0.181163 -5.968466 1.528621
v -0.181163 -6.049153 -2.277544
v -8.254212 -17.491959 6.382382
v -6.294399 -0.180633 0.817075
v -13.200947 -0.180633 0.809954
v -6.215598 0.000002 1.002175
v -13.382712 0.000002 0.991627
v 0.000008 -5.354225 4.362410
v -4.205751 -5.264265 6.198795
v -3.435847 -5.148197 6.198795
v -5.320350 -4.148477 6.198795
v -5.204056 -3.374863 6.198795
v -3.864861 -5.576431 6.198795
v -5.631138 -3.805090 6.198795
v -5.355026 0.000002 4.362412
v -2.767018 -0.180633 -2.848423
v -7.204174 -0.180633 -2.845887
v -9.280860 0.000002 3.614858
v -7.877171 -1.194298 6.198795
v -14.996842 -6.706414 6.198796
v -5.580868 -4.149878 6.382381
v -6.682027 -5.237019 6.382381
v -5.617392 -9.326015 6.198796
v -10.262076 -14.218349 6.382382
v -5.658566 -11.689614 6.382382
v -6.768183 -12.796133 6.382382
v -17.668139 -12.489982 6.382382
v -12.579361 -17.521576 6.382382
v -14.247684 -10.221098 6.382382
v -0.181163 -8.433446 -5.715597
v -0.181163 -2.195088 -2.506159
v -0.181163 -2.859374 -5.719501
v -0.181163 -2.203347 -5.712374
v -6.215598 0.000002 1.002175
v -8.610942 0.000002 2.885322
v -10.902360 -0.180634 -0.336269
v -8.537164 -0.180632 3.088551
v -6.678260 -5.489251 6.198795
v -7.028953 -5.211900 6.198795
v -10.839896 0.000002 -0.523923
v -0.946102 -0.180634 -4.895875
v -0.937976 -0.180634 -4.764654
v -6.875648 -0.180634 3.076902
v -6.866453 -0.180633 3.822306
v -15.190995 -17.196085 -6.389233
v -17.219336 -15.167663 -6.389233
v -13.732784 -15.718973 -6.389233
v -15.745164 -13.701653 -6.389233
v -19.169336 -19.112823 -6.389232
v -15.733635 -11.789843 -6.389233
v -11.826269 -15.708714 -6.389233
v -8.937619 -12.975768 -6.389233
v -6.761538 -15.227990 -6.389233
v -9.621349 -13.641947 -6.389233
v -6.878069 -16.508739 -6.389233
v -7.034895 -4.961223 -6.389233
v -7.028953 -5.211900 -6.218415
v -13.256212 -11.177891 -6.389233
v -13.253534 -11.435852 -6.218415
v -14.509542 -10.226178 -6.218415
v -14.247685 -10.221095 -6.389233
v -13.253534 -11.435852 -6.218415
v -13.256212 -11.177891 -6.389233
v -14.509542 -10.226178 -6.218415
v -13.928060 -9.582469 -6.218415
v -14.247685 -10.221095 -6.389233
v -13.672676 -9.578058 -6.389233
v -16.472204 -6.873258 -6.389233
v -16.461855 -7.138996 -6.218415
v -17.639574 -8.205316 -6.389233
v -17.452499 -8.277837 -6.218415
v -17.481302 -12.561896 -6.218415
v -17.668140 -12.489981 -6.389233
v -17.452499 -8.277837 -6.218415
v -17.639574 -8.205316 -6.389233
v -17.481302 -12.561896 -6.218415
v -18.464640 -13.689120 -6.218415
v -17.668140 -12.489981 -6.389233
v -18.719963 -13.703923 -6.389233
v -18.464640 -13.689120 -6.218415
v -17.228155 -14.918310 -6.218415
v -18.719963 -13.703923 -6.389233
v -17.219336 -15.167663 -6.389233
v -17.219336 -15.167663 -6.389233
v -17.228155 -14.918310 -6.218415
v -15.745164 -13.701653 -6.389233
v -15.932382 -13.624412 -6.218415
v -15.745164 -13.701653 -6.389233
v -15.932382 -13.624412 -6.218415
v -15.733635 -11.789843 -6.389233
v -15.923131 -11.720771 -6.218415
v -15.733635 -11.789843 -6.389233
v -15.923131 -11.720771 -6.218415
v -15.388393 -11.399672 -6.389233
v -15.398922 -11.132723 -6.218415
v -15.388393 -11.399672 -6.389233
v -15.398922 -11.132723 -6.218415
v -11.437132 -15.362490 -6.389233
v -11.167188 -15.373754 -6.218415
v -11.167188 -15.373754 -6.218415
v -11.756017 -15.898639 -6.218415
v -11.437132 -15.362490 -6.389233
v -11.826269 -15.708714 -6.389233
v -11.756017 -15.898639 -6.218415
v -13.654840 -15.907548 -6.218415
v -11.826269 -15.708714 -6.389233
v -13.732784 -15.718973 -6.389233
v -13.654840 -15.907548 -6.218415
v -14.910283 -17.173803 -6.218415
v -13.732784 -15.718973 -6.389233
v -15.190995 -17.196085 -6.389233
v -15.190995 -17.196085 -6.389233
v -14.910283 -17.173803 -6.218415
v -13.721440 -18.595816 -6.389232
v -13.715713 -18.332729 -6.218415
v -12.657031 -17.332304 -6.218415
v -12.579360 -17.521580 -6.389233
v -13.715713 -18.332729 -6.218415
v -13.721440 -18.595816 -6.389232
v -12.657031 -17.332304 -6.218415
v -8.323495 -17.307093 -6.218415
v -12.579360 -17.521580 -6.389233
v -8.254212 -17.491957 -6.389233
v -6.878069 -16.508739 -6.389233
v -7.132734 -16.498703 -6.218415
v -9.621349 -13.641947 -6.389233
v -9.625354 -13.897935 -6.218415
v -9.621349 -13.641947 -6.389233
v -9.625354 -13.897935 -6.218415
v -10.262074 -14.218349 -6.389233
v -10.267480 -14.477174 -6.218415
v -10.267480 -14.477174 -6.218415
v -11.472944 -13.221056 -6.218415
v -10.262074 -14.218349 -6.389233
v -11.216088 -13.224029 -6.389233
v -5.018487 -6.981688 -6.389233
v -5.267574 -6.978498 -6.218415
v -5.292638 -6.630505 -6.389233
v -5.545274 -6.625658 -6.218415
v -4.205751 -5.264265 -6.218415
v -4.208665 -5.526188 -6.389233
v -5.545274 -6.625658 -6.218415
v -5.292638 -6.630505 -6.389233
v -4.205751 -5.264265 -6.218415
v -3.864862 -5.576431 -6.218415
v -4.208665 -5.526188 -6.389233
v -3.867361 -5.832692 -6.389233
v -3.867361 -5.832692 -6.389233
v -3.864862 -5.576431 -6.218415
v -3.181407 -5.148724 -6.389233
v -3.435848 -5.148196 -6.218415
v -3.435848 -5.148196 -6.218415
v -5.204056 -3.374863 -6.218415
v -3.181407 -5.148724 -6.389233
v -5.206028 -3.118877 -6.389233
v -5.204056 -3.374863 -6.218415
v -5.631138 -3.805090 -6.218415
v -5.206028 -3.118877 -6.389233
v -5.887793 -3.809610 -6.389233
v -5.887793 -3.809610 -6.389233
v -5.631138 -3.805090 -6.218415
v -5.580868 -4.149878 -6.389233
v -5.320350 -4.148476 -6.218415
v -6.678261 -5.489250 -6.218415
v -7.028953 -5.211900 -6.218415
v -6.682028 -5.237020 -6.389233
v -7.034895 -4.961223 -6.389233
v -13.011886 -8.635718 -6.218415
v -13.009345 -8.885451 -6.389233
v -14.996842 -6.706414 -6.218415
v -15.248397 -6.709731 -6.389233
v -11.870743 -7.710232 -6.389233
v -12.119989 -7.714161 -6.218415
v -12.838546 -6.716973 -6.389233
v -13.087450 -6.718647 -6.218415
v -9.617427 -5.819638 -6.218415
v -9.369617 -5.562767 -6.218415
v -9.559290 -6.016290 -6.389233
v -9.122458 -5.564539 -6.389233
v -9.122458 -5.564539 -6.389233
v -9.369617 -5.562767 -6.218415
v -9.438785 -5.188363 -6.389233
v -9.682001 -5.186852 -6.218415
v -9.438785 -5.188363 -6.389233
v -9.682001 -5.186852 -6.218415
v -8.516044 -4.250325 -6.389233
v -8.520315 -4.001307 -6.218415
v -8.520315 -4.001307 -6.218415
v -8.139191 -4.320935 -6.218415
v -8.516044 -4.250325 -6.389233
v -8.136189 -4.566325 -6.389233
v -8.139191 -4.320935 -6.218415
v -6.447107 -2.613107 -6.218415
v -8.136189 -4.566325 -6.389233
v -6.197960 -2.611351 -6.389233
v -6.447107 -2.613107 -6.218415
v -7.877171 -1.194298 -6.218415
v -6.197960 -2.611351 -6.389233
v -7.879139 -0.941799 -6.389233
v -11.453050 -4.790205 -6.218415
v -12.726995 -4.402549 -6.218415
v -11.503129 -4.583354 -6.389233
v -12.776394 -4.195951 -6.389233
v -15.248397 -6.709731 -6.389233
v -12.776394 -4.195951 -6.389233
v -14.996842 -6.706414 -6.218415
v -12.726995 -4.402549 -6.218415
v -11.550361 -2.651259 -6.218415
v -9.832667 -0.901489 -6.218415
v -11.546170 -2.903476 -6.389233
v -9.378243 -0.712715 -6.389233
v -11.899601 -0.889685 -6.218415
v -11.973962 -0.702788 -6.389233
v -9.832667 -0.901489 -6.218415
v -9.378243 -0.712715 -6.389233
v -11.899601 -0.889685 -6.218415
v -12.662360 -1.621054 -6.218415
v -11.973962 -0.702788 -6.389233
v -12.925342 -1.623076 -6.389233
v -11.550361 -2.651259 -6.218415
v -11.546170 -2.903476 -6.389233
v -12.662360 -1.621054 -6.218415
v -12.925342 -1.623076 -6.389233
v -16.988062 -1.375446 -6.218415
v -17.172117 -1.197608 -6.389233
v -16.957829 -0.896466 -6.218415
v -17.138447 -0.714742 -6.389233
v -16.988062 -1.375446 -6.218415
v -17.805109 -1.430817 -6.218415
v -17.172117 -1.197608 -6.389233
v -17.986420 -1.254150 -6.389233
v -18.029985 -4.560843 -6.389233
v -17.986420 -1.254150 -6.389233
v -17.840736 -4.107641 -6.218415
v -17.805109 -1.430817 -6.218415
v -4.845159 -11.415595 -6.218415
v -4.632936 -11.467717 -6.389233
v -4.460903 -12.693644 -6.218415
v -4.250597 -12.745171 -6.389233
v -1.261685 -7.829175 -6.218415
v -2.676409 -6.394979 -6.218415
v -1.008029 -7.830193 -6.389233
v -2.675083 -6.139990 -6.389233
v -4.630059 -8.088626 -6.389233
v -4.379236 -8.091928 -6.218415
v -4.317609 -8.469762 -6.389233
v -4.061165 -8.472232 -6.218415
v -4.061165 -8.472232 -6.218415
v -5.243185 -9.640693 -6.218415
v -4.317609 -8.469762 -6.389233
v -5.244179 -9.386510 -6.389233
v -5.243185 -9.640693 -6.218415
v -5.617392 -9.326015 -6.218415
v -5.244179 -9.386510 -6.389233
v -5.618720 -9.074122 -6.389233
v -5.873140 -9.574079 -6.218415
v -6.070894 -9.514043 -6.389233
v -5.617392 -9.326015 -6.218415
v -5.618720 -9.074122 -6.389233
v -5.658566 -11.689614 -6.389233
v -5.457767 -11.750251 -6.218415
v -6.768182 -12.796132 -6.389233
v -6.770275 -13.056453 -6.218415
v -6.770275 -13.056453 -6.218415
v -7.762517 -12.084495 -6.218415
v -6.768182 -12.796132 -6.389233
v -7.756978 -11.829202 -6.389233
v -7.756978 -11.829202 -6.389233
v -7.762517 -12.084495 -6.218415
v -8.937619 -12.975768 -6.389233
v -8.681401 -12.978959 -6.218415
v -6.761538 -15.227990 -6.389233
v -8.937619 -12.975768 -6.389233
v -6.757683 -14.969681 -6.218415
v -8.681401 -12.978959 -6.218415
v -2.714454 -11.513108 -6.218415
v -1.687244 -12.628284 -6.218415
v -2.965912 -11.507848 -6.389233
v -1.689996 -12.892528 -6.389233
v -0.958599 -11.863999 -6.218415
v -0.772697 -11.937102 -6.389233
v -1.687244 -12.628284 -6.218415
v -1.689996 -12.892528 -6.389233
v -0.958599 -11.863999 -6.218415
v -0.973370 -9.791011 -6.218415
v -0.772697 -11.937102 -6.389233
v -0.796961 -9.365550 -6.389233
v -2.714454 -11.513108 -6.218415
v -2.965912 -11.507848 -6.389233
v -0.973370 -9.791011 -6.218415
v -0.796961 -9.365550 -6.389233
v -0.962630 -17.831612 -6.218415
v -0.782328 -18.011639 -6.389232
v -4.174578 -17.829790 -6.218415
v -4.623030 -18.014473 -6.389232
v -0.962630 -17.831612 -6.218415
v -0.969723 -14.662721 -6.218415
v -0.782328 -18.011639 -6.389232
v -0.794689 -14.240075 -6.389233
v -0.969723 -14.662721 -6.218415
v -4.174578 -17.829790 -6.218415
v -0.794689 -14.240075 -6.389233
v -4.623030 -18.014473 -6.389232
v -19.169336 -0.857246 -6.389233
v -17.530556 -0.857247 -6.389233
v -17.986420 -1.254150 -6.389233
v -14.690089 -0.901449 -6.218415
v -14.238128 -0.710505 -6.389233
v -17.840736 -4.107641 -6.218415
v -18.029985 -4.560843 -6.389233
v -12.925342 -1.623076 -6.389233
v -11.546170 -2.903476 -6.389233
v -12.776394 -4.195951 -6.389233
v -9.378243 -0.712715 -6.389233
v -7.879139 -0.941799 -6.389233
v -0.794689 -14.240075 -6.389233
v -4.250597 -12.745171 -6.389233
v -1.689996 -12.892528 -6.389233
v -4.208665 -5.526188 -6.389233
v -3.867361 -5.832692 -6.389233
v -5.292638 -6.630505 -6.389233
v -5.018487 -6.981688 -6.389233
v -4.630059 -8.088626 -6.389233
v -4.317609 -8.469762 -6.389233
v -5.618720 -9.074122 -6.389233
v -5.244179 -9.386510 -6.389233
v -12.662360 -1.621054 -6.218415
v -11.899601 -0.889685 -6.218415
v -11.550361 -2.651259 -6.218415
v -9.832667 -0.901489 -6.218415
v -16.988062 -1.375446 -6.218415
v -16.957829 -0.896466 -6.218415
v -14.690089 -0.901449 -6.218415
v -0.973370 -9.791011 -6.218415
v -0.958599 -11.863999 -6.218415
v -2.714454 -11.513108 -6.218415
v -1.687244 -12.628284 -6.218415
v -0.962630 -17.831612 -6.218415
v -4.174578 -17.829790 -6.218415
v -0.969723 -14.662721 -6.218415
v -16.472204 -6.873258 -6.389233
v -13.672676 -9.578058 -6.389233
v -16.461855 -7.138996 -6.218415
v -13.928060 -9.582469 -6.218415
v -8.323495 -17.307093 -6.218415
v -7.132734 -16.498703 -6.218415
v -8.254212 -17.491957 -6.389233
v -6.878069 -16.508739 -6.389233
v -5.018487 -6.981688 -6.389233
v -11.216088 -13.224029 -6.389233
v -5.267574 -6.978498 -6.218415
v -11.472944 -13.221056 -6.218415
v -6.682028 -5.237020 -6.389233
v -5.580868 -4.149878 -6.389233
v -6.678261 -5.489250 -6.218415
v -5.320350 -4.148476 -6.218415
v -11.788204 -5.399593 -6.218415
v -9.617427 -5.819638 -6.218415
v -11.728604 -5.596328 -6.389233
v -9.559290 -6.016290 -6.389233
v -11.453050 -4.790205 -6.218415
v -11.503129 -4.583354 -6.389233
v -7.877171 -1.194298 -6.218415
v -7.879139 -0.941799 -6.389233
v -16.957829 -0.896466 -6.218415
v -17.138447 -0.714742 -6.389233
v -14.690089 -0.901449 -6.218415
v -14.238128 -0.710505 -6.389233
v -1.008029 -7.830193 -6.389233
v -4.632936 -11.467717 -6.389233
v -1.261685 -7.829175 -6.218415
v -4.845159 -11.415595 -6.218415
v -4.379236 -8.091928 -6.218415
v -4.630059 -8.088626 -6.389233
v -2.676409 -6.394979 -6.218415
v -2.675083 -6.139990 -6.389233
v -5.457767 -11.750251 -6.218415
v -5.658566 -11.689614 -6.389233
v -5.873140 -9.574079 -6.218415
v -6.070894 -9.514043 -6.389233
v -4.460903 -12.693644 -6.218415
v -4.250597 -12.745171 -6.389233
v -6.757683 -14.969681 -6.218415
v -6.761538 -15.227990 -6.389233
v -13.715713 -18.332729 -6.218415
v -14.910283 -17.173803 -6.218415
v -12.657031 -17.332304 -6.218415
v -5.873140 -9.574079 -6.218415
v -5.617392 -9.326015 -6.218415
v -5.243185 -9.640693 -6.218415
v -9.682001 -5.186852 -6.218415
v -9.369617 -5.562767 -6.218415
v -9.617427 -5.819638 -6.218415
v -6.768182 -12.796132 -6.389233
v -7.756978 -11.829202 -6.389233
v -5.658566 -11.689614 -6.389233
v -6.070894 -9.514043 -6.389233
v -11.728604 -5.596328 -6.389233
v -12.838546 -6.716973 -6.389233
v -11.788204 -5.399593 -6.218415
v -13.087450 -6.718647 -6.218415
v 0.000010 -19.112823 -6.389232
v -13.721440 -18.595816 -6.389232
v -2.675083 -6.139990 -6.389233
v -5.545274 -6.625658 -6.218415
v -6.678261 -5.489250 -6.218415
v -4.205751 -5.264265 -6.218415
v -5.320350 -4.148476 -6.218415
v -0.967672 -0.895912 -6.218415
v -5.906013 -0.895048 -6.218415
v -0.788340 -0.713761 -6.389233
v -6.355481 -0.705677 -6.389233
v -0.966876 -5.842524 -6.218415
v -5.906013 -0.895048 -6.218415
v -0.967672 -0.895912 -6.218415
v -0.966876 -5.842524 -6.218415
v -0.779179 -6.288991 -6.389233
v -5.906013 -0.895048 -6.218415
v -6.355481 -0.705677 -6.389233
v -0.967672 -0.895912 -6.218415
v -0.788340 -0.713761 -6.389233
v -0.966876 -5.842524 -6.218415
v -0.779179 -6.288991 -6.389233
v -6.355481 -0.705677 -6.389233
v -11.503129 -4.583354 -6.389233
v -6.197960 -2.611351 -6.389233
v -5.206028 -3.118877 -6.389233
v -0.779179 -6.288991 -6.389233
v -3.181407 -5.148724 -6.389233
v -1.008029 -7.830193 -6.389233
v -0.796961 -9.365550 -6.389233
v -3.435848 -5.148196 -6.218415
v -3.864862 -5.576431 -6.218415
v -5.204056 -3.374863 -6.218415
v -5.631138 -3.805090 -6.218415
v -12.119989 -7.714161 -6.218415
v -11.870743 -7.710232 -6.389233
v -13.011886 -8.635718 -6.218415
v -13.009345 -8.885451 -6.389233
v -17.172117 -1.197608 -6.389233
v -17.138447 -0.714742 -6.389233
v -11.973962 -0.702788 -6.389233
v -17.530554 0.000002 -6.389233
v 0.000008 0.000002 -6.389233
v -18.029985 -4.560843 -6.389233
v -14.238128 -0.710505 -6.389233
v -16.472204 -6.873258 -6.389233
v -17.639574 -8.205316 -6.389233
v -18.719963 -13.703923 -6.389233
v -15.388393 -11.399672 -6.389233
v -11.437132 -15.362490 -6.389233
v -13.672676 -9.578058 -6.389233
v -13.009345 -8.885451 -6.389233
v -13.256212 -11.177891 -6.389233
v -14.247685 -10.221095 -6.389233
v -11.870743 -7.710232 -6.389233
v -12.838546 -6.716973 -6.389233
v -11.728604 -5.596328 -6.389233
v -9.559290 -6.016290 -6.389233
v -7.034895 -4.961223 -6.389233
v -8.516044 -4.250325 -6.389233
v -8.136189 -4.566325 -6.389233
v -9.438785 -5.188363 -6.389233
v -9.122458 -5.564539 -6.389233
v -8.520315 -4.001307 -6.218415
v -7.877171 -1.194298 -6.218415
v -6.447107 -2.613107 -6.218415
v -8.139191 -4.320935 -6.218415
v -11.788204 -5.399593 -6.218415
v -11.453050 -4.790205 -6.218415
v -12.726995 -4.402549 -6.218415
v -13.087450 -6.718647 -6.218415
v -14.996842 -6.706414 -6.218415
v -13.011886 -8.635718 -6.218415
v -12.119989 -7.714161 -6.218415
v -17.840736 -4.107641 -6.218415
v -17.805109 -1.430817 -6.218415
v -15.248397 -6.709731 -6.389233
v -0.772697 -11.937102 -6.389233
v -4.632936 -11.467717 -6.389233
v -2.965912 -11.507848 -6.389233
v -5.457767 -11.750251 -6.218415
v -4.845159 -11.415595 -6.218415
v -4.460903 -12.693644 -6.218415
v -4.061165 -8.472232 -6.218415
v -6.770275 -13.056453 -6.218415
v -6.757683 -14.969681 -6.218415
v -8.681401 -12.978959 -6.218415
v -7.762517 -12.084495 -6.218415
v -11.216088 -13.224029 -6.389233
v -10.262074 -14.218349 -6.389233
v -0.782328 -18.011639 -6.389232
v -0.788340 -0.713761 -6.389233
v -4.623030 -18.014473 -6.389232
v -8.254212 -17.491957 -6.389233
v -10.267480 -14.477174 -6.218415
v -11.167188 -15.373754 -6.218415
v -11.472944 -13.221056 -6.218415
v -13.253534 -11.435852 -6.218415
v -15.398922 -11.132723 -6.218415
v -14.509542 -10.226178 -6.218415
v -17.452499 -8.277837 -6.218415
v -5.267574 -6.978498 -6.218415
v -7.028953 -5.211900 -6.218415
v -17.668140 -12.489981 -6.389233
v -16.461855 -7.138996 -6.218415
v -13.928060 -9.582469 -6.218415
v -15.923131 -11.720771 -6.218415
v -17.481302 -12.561896 -6.218415
v -15.932382 -13.624412 -6.218415
v -17.228155 -14.918310 -6.218415
v -13.654840 -15.907548 -6.218415
v -11.756017 -15.898639 -6.218415
v -7.132734 -16.498703 -6.218415
v -8.323495 -17.307093 -6.218415
v -9.625354 -13.897935 -6.218415
v -18.464640 -13.689120 -6.218415
v -12.579360 -17.521580 -6.389233
v -2.676409 -6.394979 -6.218415
v -4.379236 -8.091928 -6.218415
v -1.261685 -7.829175 -6.218415
v -5.580868 -4.149878 -6.389233
v -6.682028 -5.237020 -6.389233
v -5.887793 -3.809610 -6.389233
v -8.537164 -0.180632 3.088551
v -6.875648 -0.180634 3.076902
v -8.610942 0.000002 2.885322
v -6.696711 0.000003 2.897834
v 0.000008 5.354228 4.362410
v -5.355027 0.000000 4.362412
v 0.000008 5.338250 3.402496
v -5.339057 0.000000 3.402494
v -17.530556 0.857249 6.382382
v -19.169334 0.857249 6.382382
v -17.530558 0.857250 -6.389233
v -19.169334 0.857249 -6.389233
v -17.530556 0.000000 6.382381
v -17.530556 0.857249 6.382382
v -17.530556 0.000000 -6.389233
v -17.530558 0.857250 -6.389233
v 0.000007 0.000000 -2.155419
v 0.000008 5.338250 3.402496
v -5.339057 0.000000 3.402494
v 0.000007 13.889338 4.402434
v 0.000008 12.074586 2.921260
v 0.000008 15.658679 4.170960
v 0.000007 15.656182 -5.260058
v 0.000007 12.495397 -3.727142
v 0.000007 12.502399 -5.891194
v 0.000007 10.157804 1.705488
v 0.000007 8.420608 1.710031
v 0.000007 6.004830 2.936386
v 0.000007 6.006874 4.397959
v 0.000008 7.021326 6.382381
v 0.000007 19.112827 6.382382
v 0.000008 17.633831 4.172025
v 0.000007 19.112827 -6.389232
v 0.000007 17.642570 -3.192500
v 0.000008 5.338250 3.402496
v 0.000007 2.011113 -2.433555
v 0.000007 0.000000 -2.155419
v 0.000008 2.019715 -5.892377
v 0.000007 0.000000 -6.389233
v 0.000007 8.318711 -5.895972
v -0.181164 12.322984 -5.712335
v -0.181164 12.316207 -3.908360
v -0.181163 10.984674 -3.884249
v -0.181163 10.463696 1.517782
v -0.181163 12.309951 -2.259120
v -0.181163 12.066484 1.524738
v -0.181163 13.882895 -2.252131
v 0.000007 12.495397 -3.727142
v -0.181164 12.316207 -3.908360
v 0.000007 12.502399 -5.891194
v -0.181164 12.322984 -5.712335
v -0.181163 10.984674 -3.884249
v -0.181164 12.316207 -3.908360
v 0.000008 11.101338 -3.696704
v 0.000007 12.495397 -3.727142
v 0.000007 8.420608 1.710031
v -0.181163 8.306109 1.524807
v 0.000008 11.101338 -3.696704
v -0.181163 10.984674 -3.884249
v 0.000007 8.420608 1.710031
v 0.000007 5.886547 1.715092
v -0.181163 8.306109 1.524807
v -0.181163 5.968468 1.528620
v 0.000007 5.886547 1.715092
v 0.000007 2.011113 -2.433555
v -0.181163 5.968468 1.528620
v -0.181163 2.195090 -2.506159
v 0.000008 2.019715 -5.892377
v -0.181163 2.203350 -5.712374
v 0.000007 2.011113 -2.433555
v -0.181163 2.195090 -2.506159
v -0.181163 2.859377 -5.719501
v -0.181163 2.203350 -5.712374
v 0.000008 2.941167 -5.905435
v 0.000008 2.019715 -5.892377
v -0.181164 6.799544 -2.284426
v -0.181163 6.049156 -2.277544
v 0.000007 6.683058 -2.467549
v 0.000007 6.130897 -2.463944
v -0.181163 8.433450 -5.715595
v 0.000007 8.318711 -5.895972
v -0.181164 12.322984 -5.712335
v 0.000007 12.502399 -5.891194
v -0.181163 12.309951 -2.259120
v 0.000007 12.192664 -2.444586
v -0.181163 13.882895 -2.252131
v 0.000008 14.182457 -2.443057
v -0.181163 12.066484 1.524738
v -0.181163 13.882895 -2.252131
v 0.000007 12.179773 1.705264
v 0.000008 14.182457 -2.443057
v -0.181163 12.066484 1.524738
v 0.000007 12.179773 1.705264
v -0.181163 10.463696 1.517782
v 0.000007 10.157804 1.705488
v 0.000007 10.157804 1.705488
v 0.000007 12.192664 -2.444586
v -0.181163 10.463696 1.517782
v -0.181163 12.309951 -2.259120
v -0.181163 17.458672 -3.118709
v -0.181164 15.846610 -4.784957
v 0.000007 17.642570 -3.192500
v 0.000007 15.656182 -5.260058
v 0.000008 17.633831 4.172025
v -0.181162 17.450584 3.989081
v 0.000007 17.642570 -3.192500
v -0.181163 17.458672 -3.118709
v -0.181162 15.841524 3.989081
v -0.181162 17.450584 3.989081
v 0.000008 15.658679 4.170960
v 0.000008 17.633831 4.172025
v -0.181162 15.841524 3.989081
v 0.000008 15.658679 4.170960
v -0.181164 15.846610 -4.784957
v 0.000007 15.656182 -5.260058
v 0.000007 13.889338 4.402434
v 0.000007 6.006874 4.397959
v -0.181163 13.345889 4.211495
v -0.181163 6.186506 4.216789
v -0.181163 12.000070 3.106231
v -0.181163 6.186506 3.115498
v 0.000008 12.074586 2.921260
v 0.000007 6.004830 2.936386
v -0.181164 6.799544 -2.284426
v -0.181163 8.306109 1.524807
v 0.000007 5.886547 1.715092
v -0.181162 17.450584 3.989081
v -0.181162 15.841524 3.989081
v -0.181163 17.458672 -3.118709
v -0.181164 15.846610 -4.784957
v -19.169334 0.857249 -6.389233
v -19.169334 0.857249 6.382382
v -19.169336 19.112829 -6.389232
v -19.169334 19.112827 6.382382
v 0.000007 12.192664 -2.444586
v 0.000008 11.101338 -3.696704
v -15.745165 13.701657 6.382381
v -13.732786 15.718980 6.382381
v -17.219337 15.167666 6.382381
v -15.190996 17.196089 6.382381
v -12.776396 4.195954 6.382381
v -12.925343 1.623079 6.382381
v -11.546171 2.903479 6.382382
v -13.009346 8.885453 6.382381
v -13.672680 9.578059 6.382381
v -15.248397 6.709733 6.382381
v -16.472206 6.873261 6.382381
v -9.378244 0.712717 6.382381
v -7.020113 0.000000 6.382381
v -7.879139 0.941800 6.382381
v -11.728603 5.596331 6.382381
v -11.870745 7.710233 6.382381
v -12.838545 6.716978 6.382381
v -6.197960 2.611353 6.382382
v -5.887794 3.809614 6.382381
v -7.034895 4.961225 6.382381
v -8.136188 4.566327 6.382381
v -9.122459 5.564542 6.382381
v -11.503473 4.584804 6.382381
v -8.516045 4.250326 6.382381
v -9.438786 5.188366 6.382381
v -2.965913 11.507850 6.382381
v -4.250597 12.745173 6.382381
v -4.632936 11.467719 6.382381
v -1.689997 12.892533 6.382381
v -0.794689 14.240079 6.382381
v -8.937621 12.975771 6.382381
v -6.761538 15.227992 6.382381
v -9.621349 13.641953 6.382381
v -6.878069 16.508747 6.382381
v -11.216088 13.224033 6.382381
v -7.756979 11.829204 6.382381
v -2.675085 6.139993 6.382381
v -3.867362 5.832696 6.382381
v -3.181408 5.148726 6.382381
v -4.630060 8.088625 6.382381
v -4.317608 8.469766 6.382381
v -5.618719 9.074124 6.382381
v -5.244178 9.386511 6.382381
v -11.437131 15.362494 6.382381
v -11.826269 15.708722 6.382381
v -11.472942 13.221063 6.198795
v -5.545274 6.625661 6.198795
v -5.267575 6.978502 6.198795
v -12.662361 1.621057 6.198795
v -11.899601 0.889688 6.198796
v -11.550362 2.651261 6.198796
v -9.832668 0.901493 6.198796
v -16.957832 0.896468 6.198796
v -14.690092 0.901451 6.198796
v -16.988060 1.375450 6.198795
v -0.973371 9.791013 6.198795
v -0.958601 11.864001 6.198795
v -2.714456 11.513110 6.198795
v -1.687245 12.628285 6.198795
v -0.969723 14.662724 6.198795
v -0.962632 17.831615 6.198796
v -4.174577 17.829794 6.198796
v -13.253532 11.435855 6.198795
v -13.256214 11.177890 6.382381
v -7.028953 5.211902 6.198795
v -7.034895 4.961225 6.382381
v -13.256214 11.177890 6.382381
v -13.253532 11.435855 6.198795
v -14.247687 10.221096 6.382381
v -14.509544 10.226180 6.198795
v -13.672680 9.578059 6.382381
v -14.247687 10.221096 6.382381
v -13.928061 9.582467 6.198795
v -14.509544 10.226180 6.198795
v -13.928061 9.582467 6.198795
v -16.461857 7.138996 6.198795
v -13.672680 9.578059 6.382381
v -16.472206 6.873261 6.382381
v -17.452503 8.277837 6.198795
v -17.639574 8.205317 6.382381
v -16.461857 7.138996 6.198795
v -16.472206 6.873261 6.382381
v -17.639574 8.205317 6.382381
v -17.452503 8.277837 6.198795
v -17.668144 12.489985 6.382381
v -17.481308 12.561899 6.198795
v -18.719963 13.703929 6.382381
v -17.668144 12.489985 6.382381
v -18.464642 13.689128 6.198795
v -17.481308 12.561899 6.198795
v -18.464642 13.689128 6.198795
v -17.228159 14.918317 6.198795
v -18.719963 13.703929 6.382381
v -17.219337 15.167666 6.382381
v -15.932384 13.624416 6.198795
v -15.745165 13.701657 6.382381
v -17.228159 14.918317 6.198795
v -17.219337 15.167666 6.382381
v -15.656582 11.699311 6.382381
v -15.820730 11.583081 6.198795
v -15.388396 11.399673 6.382381
v -15.398923 11.132723 6.198795
v -11.826269 15.708722 6.382381
v -11.437131 15.362494 6.382381
v -11.756019 15.898642 6.198795
v -11.167191 15.373755 6.198795
v -13.732786 15.718980 6.382381
v -11.826269 15.708722 6.382381
v -13.654842 15.907554 6.198795
v -11.756019 15.898642 6.198795
v -15.190996 17.196089 6.382381
v -13.732786 15.718980 6.382381
v -14.910285 17.173807 6.198795
v -13.654842 15.907554 6.198795
v -13.715715 18.332735 6.198796
v -13.721439 18.595818 6.382382
v -14.910285 17.173807 6.198795
v -15.190996 17.196089 6.382381
v -12.657033 17.332310 6.198795
v -12.579363 17.521584 6.382381
v -13.715715 18.332735 6.198796
v -13.721439 18.595818 6.382382
v -8.254213 17.491964 6.382381
v -12.579363 17.521584 6.382381
v -8.323496 17.307098 6.198795
v -12.657033 17.332310 6.198795
v -6.878069 16.508747 6.382381
v -7.132736 16.498709 6.198795
v -7.132736 16.498709 6.198795
v -9.625353 13.897939 6.198795
v -6.878069 16.508747 6.382381
v -9.621349 13.641953 6.382381
v -10.267480 14.477177 6.198795
v -10.262077 14.218354 6.382381
v -9.625353 13.897939 6.198795
v -9.621349 13.641953 6.382381
v -11.216088 13.224033 6.382381
v -10.262077 14.218354 6.382381
v -11.472942 13.221063 6.198795
v -10.267480 14.477177 6.198795
v -5.018488 6.981691 6.382381
v -11.216088 13.224033 6.382381
v -5.267575 6.978502 6.198795
v -11.472942 13.221063 6.198795
v -5.545274 6.625661 6.198795
v -5.292639 6.630510 6.382381
v -5.267575 6.978502 6.198795
v -5.018488 6.981691 6.382381
v -4.205751 5.264268 6.198795
v -4.208666 5.526190 6.382381
v -5.545274 6.625661 6.198795
v -5.292639 6.630510 6.382381
v -3.867362 5.832696 6.382381
v -4.208666 5.526190 6.382381
v -3.864862 5.576432 6.198795
v -4.205751 5.264268 6.198795
v -3.435848 5.148200 6.198795
v -3.181408 5.148726 6.382381
v -3.864862 5.576432 6.198795
v -3.867362 5.832696 6.382381
v -5.206029 3.118879 6.382382
v -3.181408 5.148726 6.382381
v -5.204055 3.374865 6.198795
v -3.435848 5.148200 6.198795
v -5.887794 3.809614 6.382381
v -5.206029 3.118879 6.382382
v -5.631138 3.805093 6.198795
v -5.204055 3.374865 6.198795
v -5.887794 3.809614 6.382381
v -5.631138 3.805093 6.198795
v -5.580869 4.149881 6.382381
v -5.320351 4.148479 6.198795
v -6.682028 5.237021 6.382381
v -5.580869 4.149881 6.382381
v -6.678261 5.489256 6.198795
v -5.320351 4.148479 6.198795
v -7.034895 4.961225 6.382381
v -6.682028 5.237021 6.382381
v -7.028953 5.211902 6.198795
v -6.678261 5.489256 6.198795
v -13.011887 8.635720 6.198795
v -13.009346 8.885453 6.382381
v -14.996845 6.706415 6.198795
v -15.248397 6.709733 6.382381
v -12.119990 7.714161 6.198795
v -11.870745 7.710233 6.382381
v -13.011887 8.635720 6.198795
v -13.009346 8.885453 6.382381
v -11.870745 7.710233 6.382381
v -12.119990 7.714161 6.198795
v -12.838545 6.716978 6.382381
v -13.087448 6.718648 6.198795
v -11.728603 5.596331 6.382381
v -12.838545 6.716978 6.382381
v -11.788203 5.399596 6.198795
v -13.087448 6.718648 6.198795
v -9.122459 5.564542 6.382381
v -9.559290 6.016291 6.382381
v -9.369617 5.562769 6.198795
v -9.617429 5.819641 6.198795
v -9.122459 5.564542 6.382381
v -9.369617 5.562769 6.198795
v -9.438786 5.188366 6.382381
v -9.682001 5.186856 6.198795
v -9.438786 5.188366 6.382381
v -9.682001 5.186856 6.198795
v -8.516045 4.250326 6.382381
v -8.520315 4.001308 6.198795
v -8.136188 4.566327 6.382381
v -8.516045 4.250326 6.382381
v -8.139191 4.320939 6.198795
v -8.520315 4.001308 6.198795
v -6.447107 2.613110 6.198795
v -7.877171 1.194300 6.198795
v -6.197960 2.611353 6.382382
v -7.879139 0.941800 6.382381
v -7.879139 0.941800 6.382381
v -7.877171 1.194300 6.198795
v -11.503473 4.584804 6.382381
v -11.453593 4.777611 6.198795
v -12.776396 4.195954 6.382381
v -11.503473 4.584804 6.382381
v -12.726995 4.402551 6.198795
v -11.453593 4.777611 6.198795
v -15.248397 6.709733 6.382381
v -12.776396 4.195954 6.382381
v -14.996845 6.706415 6.198795
v -12.726995 4.402551 6.198795
v -9.378244 0.712717 6.382381
v -11.546171 2.903479 6.382382
v -9.832668 0.901493 6.198796
v -11.550362 2.651261 6.198796
v -11.899601 0.889688 6.198796
v -11.973962 0.702790 6.382382
v -9.832668 0.901493 6.198796
v -9.378244 0.712717 6.382381
v -12.925343 1.623079 6.382381
v -11.973962 0.702790 6.382382
v -12.662361 1.621057 6.198795
v -11.899601 0.889688 6.198796
v -11.550362 2.651261 6.198796
v -11.546171 2.903479 6.382382
v -12.662361 1.621057 6.198795
v -12.925343 1.623079 6.382381
v -16.957832 0.896468 6.198796
v -17.138454 0.714743 6.382381
v -14.690092 0.901451 6.198796
v -14.238129 0.710509 6.382382
v -16.988060 1.375450 6.198795
v -17.172119 1.197611 6.382382
v -16.957832 0.896468 6.198796
v -17.138454 0.714743 6.382381
v -17.986420 1.254153 6.382381
v -17.172119 1.197611 6.382382
v -17.805111 1.430818 6.198795
v -16.988060 1.375450 6.198795
v -18.029984 4.560849 6.382381
v -17.986420 1.254153 6.382381
v -17.840738 4.107641 6.198795
v -17.805111 1.430818 6.198795
v -4.845159 11.415597 6.198795
v -4.632936 11.467719 6.382381
v -4.460904 12.693644 6.198795
v -4.250597 12.745173 6.382381
v -1.008030 7.830197 6.382381
v -4.632936 11.467719 6.382381
v -1.261685 7.829177 6.198795
v -4.845159 11.415597 6.198795
v -1.261685 7.829177 6.198795
v -2.676409 6.394982 6.198795
v -1.008030 7.830197 6.382381
v -2.675085 6.139993 6.382381
v -2.675085 6.139993 6.382381
v -2.676409 6.394982 6.198795
v -4.630060 8.088625 6.382381
v -4.379237 8.091931 6.198795
v -4.061166 8.472234 6.198795
v -4.317608 8.469766 6.382381
v -4.379237 8.091931 6.198795
v -4.630060 8.088625 6.382381
v -5.244178 9.386511 6.382381
v -4.317608 8.469766 6.382381
v -5.243186 9.640695 6.198795
v -4.061166 8.472234 6.198795
v -5.618719 9.074124 6.382381
v -5.244178 9.386511 6.382381
v -5.617393 9.326016 6.198795
v -5.243186 9.640695 6.198795
v -5.618719 9.074124 6.382381
v -5.617393 9.326016 6.198795
v -6.070894 9.514046 6.382381
v -5.873140 9.574080 6.198795
v -6.070894 9.514046 6.382381
v -5.873140 9.574080 6.198795
v -5.658566 11.689616 6.382381
v -5.457768 11.750253 6.198795
v -6.770277 13.056460 6.198795
v -6.768183 12.796134 6.382381
v -5.457768 11.750253 6.198795
v -5.658566 11.689616 6.382381
v -7.756979 11.829204 6.382381
v -6.768183 12.796134 6.382381
v -7.762518 12.084497 6.198795
v -6.770277 13.056460 6.198795
v -8.681403 12.978962 6.198795
v -8.937621 12.975771 6.382381
v -7.762518 12.084497 6.198795
v -7.756979 11.829204 6.382381
v -8.681403 12.978962 6.198795
v -6.757681 14.969685 6.198795
v -8.937621 12.975771 6.382381
v -6.761538 15.227992 6.382381
v -6.761538 15.227992 6.382381
v -6.757681 14.969685 6.198795
v -4.250597 12.745173 6.382381
v -4.460904 12.693644 6.198795
v -2.714456 11.513110 6.198795
v -1.687245 12.628285 6.198795
v -2.965913 11.507850 6.382381
v -1.689997 12.892533 6.382381
v -0.958601 11.864001 6.198795
v -0.772698 11.937104 6.382381
v -1.687245 12.628285 6.198795
v -1.689997 12.892533 6.382381
v -0.796963 9.365182 6.382381
v -0.772698 11.937104 6.382381
v -0.973371 9.791013 6.198795
v -0.958601 11.864001 6.198795
v -2.714456 11.513110 6.198795
v -2.965913 11.507850 6.382381
v -0.973371 9.791013 6.198795
v -0.796963 9.365182 6.382381
v -4.623029 18.014475 6.382382
v -4.174577 17.829794 6.198796
v -0.782329 18.011644 6.382382
v -0.962632 17.831615 6.198796
v -0.794689 14.240079 6.382381
v -0.782329 18.011644 6.382382
v -0.969723 14.662724 6.198795
v -0.962632 17.831615 6.198796
v -11.167191 15.373755 6.198795
v -10.267480 14.477177 6.198795
v -13.928061 9.582467 6.198795
v -14.509544 10.226180 6.198795
v -16.461857 7.138996 6.198795
v -17.452503 8.277837 6.198795
v -15.932384 13.624416 6.198795
v -17.481308 12.561899 6.198795
v -15.820730 11.583081 6.198795
v -18.464642 13.689128 6.198795
v -17.228159 14.918317 6.198795
v -13.715715 18.332735 6.198796
v -14.910285 17.173807 6.198795
v -12.657033 17.332310 6.198795
v -13.654842 15.907554 6.198795
v -11.756019 15.898642 6.198795
v -8.323496 17.307098 6.198795
v -6.770277 13.056460 6.198795
v -8.681403 12.978962 6.198795
v -7.762518 12.084497 6.198795
v -13.011887 8.635720 6.198795
v -13.087448 6.718648 6.198795
v -12.119990 7.714161 6.198795
v -2.676409 6.394982 6.198795
v -4.061166 8.472234 6.198795
v -4.379237 8.091931 6.198795
v -14.238129 0.710509 6.382382
v -11.973962 0.702790 6.382382
v -11.788203 5.399596 6.198795
v -12.726995 4.402551 6.198795
v -11.453593 4.777611 6.198795
v -6.757681 14.969685 6.198795
v -4.460904 12.693644 6.198795
v -17.172119 1.197611 6.382382
v -17.530556 0.857249 6.382382
v -17.138454 0.714743 6.382381
v -17.530556 0.000000 6.382381
v -4.623029 18.014475 6.382382
v -0.794689 14.240079 6.382381
v -4.174577 17.829794 6.198796
v -0.969723 14.662724 6.198795
v 0.000007 0.000000 -2.155419
v -2.688272 0.000000 -2.664858
v -0.752867 0.000000 -4.695002
v -13.381618 0.000001 -1.339718
v -13.382713 0.000000 0.991627
v -14.559069 0.000001 -3.193906
v -14.559069 0.000001 3.608938
v -7.657597 -0.000000 5.057685
v -7.020113 0.000000 6.382381
v -16.202522 0.000000 5.050236
v -17.530556 0.000000 6.382381
v -17.530556 0.000000 -6.389233
v -16.204140 0.000000 -5.072204
v -7.266316 0.000000 -2.661318
v -11.964436 -0.000000 -1.353605
v -7.997515 0.000000 -3.202698
v -6.058042 0.000000 -1.792583
v -7.249058 0.000000 -0.526856
v -16.019871 0.180634 -4.889765
v -7.934345 0.180636 -3.390312
v -14.741449 0.180637 -3.377794
v -2.767018 0.180637 -2.848423
v -0.937977 0.180636 -4.764654
v -2.688272 0.000000 -2.664858
v -0.752867 0.000000 -4.695002
v -0.937977 0.180636 -4.764654
v -0.946103 0.180636 -4.895875
v -0.752867 0.000000 -4.695002
v -0.765550 0.000000 -5.075501
v -16.204140 0.000000 -5.072204
v -0.765550 0.000000 -5.075501
v -16.019871 0.180634 -4.889765
v -0.946103 0.180636 -4.895875
v -16.202522 0.000000 5.050236
v -16.204140 0.000000 -5.072204
v -16.019871 0.180634 4.869766
v -16.019871 0.180634 -4.889765
v -7.743557 0.180637 4.874674
v -7.657597 -0.000000 5.057685
v -16.019871 0.180634 4.869766
v -16.202522 0.000000 5.050236
v -6.866454 0.180636 3.822306
v -6.682117 0.000001 3.888841
v -7.743557 0.180637 4.874674
v -7.657597 -0.000000 5.057685
v -6.696711 -0.000000 2.897834
v -6.682117 0.000001 3.888841
v -6.875648 0.180637 3.076902
v -6.866454 0.180636 3.822306
v -8.610943 0.000001 2.885322
v -8.537165 0.180637 3.088551
v -9.280861 0.000001 3.614858
v -9.197445 0.180636 3.801127
v -14.743085 0.180637 3.792325
v -14.559069 0.000001 3.608938
v -9.197445 0.180636 3.801127
v -9.280861 0.000001 3.614858
v -7.997515 0.000000 -3.202698
v -14.559069 0.000001 -3.193906
v -7.934345 0.180636 -3.390312
v -14.741449 0.180637 -3.377794
v -7.266316 0.000000 -2.661318
v -7.997515 0.000000 -3.202698
v -7.204174 0.180636 -2.845887
v -7.934345 0.180636 -3.390312
v -6.294399 0.180637 0.817076
v -3.991906 0.180636 -1.597108
v -6.215599 0.000000 1.002175
v -3.540849 0.000000 -1.790597
v -5.977658 0.180636 -1.609138
v -6.058042 0.000000 -1.792583
v -3.991906 0.180636 -1.597108
v -3.540849 0.000000 -1.790597
v -7.167376 0.180636 -0.340455
v -7.249058 0.000000 -0.526856
v -5.977658 0.180636 -1.609138
v -6.058042 0.000000 -1.792583
v -10.839898 0.000000 -0.523923
v -7.249058 0.000000 -0.526856
v -10.902362 0.180636 -0.336269
v -7.167376 0.180636 -0.340455
v -11.964436 -0.000000 -1.353605
v -10.839898 0.000000 -0.523923
v -12.026400 0.180637 -1.168171
v -10.902362 0.180636 -0.336269
v -13.381618 0.000001 -1.339718
v -11.964436 -0.000000 -1.353605
v -13.200949 0.180637 -1.158120
v -12.026400 0.180637 -1.168171
v -13.200949 0.180637 -1.158120
v -13.200948 0.180637 0.809954
v -13.381618 0.000001 -1.339718
v -13.382713 0.000000 0.991627
v -14.743085 0.180637 3.792325
v -16.019871 0.180634 4.869766
v -14.743085 0.180637 3.792325
v -14.741449 0.180637 -3.377794
v -14.559069 0.000001 3.608938
v -14.559069 0.000001 -3.193906
v 0.000008 14.182457 -2.443057
v 0.000008 2.941167 -5.905435
v 0.000007 6.683058 -2.467549
v 0.000007 6.130897 -2.463944
v 0.000007 12.179773 1.705264
v -0.181163 6.049156 -2.277544
v -0.181163 2.859377 -5.719501
v 0.000007 6.130897 -2.463944
v 0.000008 2.941167 -5.905435
v -0.181164 6.799544 -2.284426
v 0.000007 6.683058 -2.467549
v -0.181163 8.433450 -5.715595
v 0.000007 8.318711 -5.895972
v 0.000007 13.889338 4.402434
v -0.181163 13.345889 4.211495
v 0.000008 12.074586 2.921260
v -0.181163 12.000070 3.106231
v -0.181163 6.186506 3.115498
v -0.181163 6.186506 4.216789
v 0.000007 6.004830 2.936386
v 0.000007 6.006874 4.397959
v -19.169334 19.112827 6.382382
v -15.656582 11.699311 6.382381
v -15.388396 11.399673 6.382381
v -15.820730 11.583081 6.198795
v -15.656582 11.699311 6.382381
v -15.932384 13.624416 6.198795
v -15.745165 13.701657 6.382381
v -9.559290 6.016291 6.382381
v -5.206029 3.118879 6.382382
v -4.208666 5.526190 6.382381
v -5.292639 6.630510 6.382381
v -5.018488 6.981691 6.382381
v 0.000007 19.112827 6.382382
v -4.623029 18.014475 6.382382
v -0.782329 18.011644 6.382382
v -5.457768 11.750253 6.198795
v -5.873140 9.574080 6.198795
v -4.845159 11.415597 6.198795
v -5.243186 9.640695 6.198795
v -11.788203 5.399596 6.198795
v -9.617429 5.819641 6.198795
v -11.728603 5.596331 6.382381
v -9.559290 6.016291 6.382381
v -8.139191 4.320939 6.198795
v -6.447107 2.613110 6.198795
v -8.136188 4.566327 6.382381
v -6.197960 2.611353 6.382382
v -9.682001 5.186856 6.198795
v -8.520315 4.001308 6.198795
v -6.447107 2.613110 6.198795
v -8.139191 4.320939 6.198795
v -9.369617 5.562769 6.198795
v -9.617429 5.819641 6.198795
v -1.261685 7.829177 6.198795
v -19.169334 0.857249 6.382382
v -17.986420 1.254153 6.382381
v -17.805111 1.430818 6.198795
v -17.840738 4.107641 6.198795
v -3.540849 0.000000 -1.790597
v -0.765550 0.000000 -5.075501
v 0.000007 0.000000 -6.389233
v -6.696711 -0.000000 2.897834
v -5.339057 0.000000 3.402494
v -6.682117 0.000001 3.888841
v -2.688272 0.000000 -2.664858
v -7.266316 0.000000 -2.661318
v -2.767018 0.180637 -2.848423
v -7.204174 0.180636 -2.845887
v -3.991906 0.180636 -1.597108
v -6.294399 0.180637 0.817076
v -5.977658 0.180636 -1.609138
v -7.167376 0.180636 -0.340455
v -7.743557 0.180637 4.874674
v -9.197445 0.180636 3.801127
v -12.026400 0.180637 -1.168171
v -13.200948 0.180637 0.809954
v -13.200949 0.180637 -1.158120
v -7.020113 0.000000 6.382381
v -5.355027 0.000000 4.362412
v 0.000008 7.021326 6.382381
v 0.000008 5.354228 4.362410
v -0.181163 6.186506 3.115498
v -0.181163 12.000070 3.106231
v -0.181163 6.186506 4.216789
v -0.181163 13.345889 4.211495
v -18.719963 13.703929 6.382381
v -13.256214 11.177890 6.382381
v -0.796963 9.365182 6.382381
v 0.000008 7.021326 6.382381
v -0.772698 11.937104 6.382381
v -13.721439 18.595818 6.382382
v -7.132736 16.498709 6.198795
v -15.398923 11.132723 6.198795
v -13.253532 11.435855 6.198795
v -15.398923 11.132723 6.198795
v -11.167191 15.373755 6.198795
v -15.388396 11.399673 6.382381
v -11.437131 15.362494 6.382381
v -1.008030 7.830197 6.382381
v -6.070894 9.514046 6.382381
v -18.029984 4.560849 6.382381
v -17.840738 4.107641 6.198795
v -14.238129 0.710509 6.382382
v -14.690092 0.901451 6.198796
v -9.625353 13.897939 6.198795
v -19.169334 19.112827 6.382382
v 0.000007 19.112827 6.382382
v -19.169336 19.112829 -6.389232
v 0.000007 19.112827 -6.389232
v -17.639574 8.205317 6.382381
v -18.029984 4.560849 6.382381
v -0.181163 5.968468 1.528620
v -0.181163 6.049156 -2.277544
v -8.254213 17.491964 6.382381
v -13.382713 0.000000 0.991627
v -13.200948 0.180637 0.809954
v -6.215599 0.000000 1.002175
v -6.294399 0.180637 0.817076
v 0.000008 5.354228 4.362410
v -4.205751 5.264268 6.198795
v -5.320351 4.148479 6.198795
v -3.435848 5.148200 6.198795
v -5.204055 3.374865 6.198795
v -3.864862 5.576432 6.198795
v -5.631138 3.805093 6.198795
v -5.355027 0.000000 4.362412
v -2.767018 0.180637 -2.848423
v -7.204174 0.180636 -2.845887
v -9.280861 0.000001 3.614858
v -7.877171 1.194300 6.198795
v -14.996845 6.706415 6.198795
v -6.682028 5.237021 6.382381
v -5.580869 4.149881 6.382381
v -5.617393 9.326016 6.198795
v -10.262077 14.218354 6.382381
v -5.658566 11.689616 6.382381
v -6.768183 12.796134 6.382381
v -17.668144 12.489985 6.382381
v -12.579363 17.521584 6.382381
v -14.247687 10.221096 6.382381
v -0.181163 8.433450 -5.715595
v -0.181163 2.195090 -2.506159
v -0.181163 2.203350 -5.712374
v -0.181163 2.859377 -5.719501
v -6.215599 0.000000 1.002175
v -8.610943 0.000001 2.885322
v -10.902362 0.180636 -0.336269
v -8.537165 0.180637 3.088551
v -6.678261 5.489256 6.198795
v -7.028953 5.211902 6.198795
v -10.839898 0.000000 -0.523923
v -0.946103 0.180636 -4.895875
v -0.937977 0.180636 -4.764654
v -6.875648 0.180637 3.076902
v -6.866454 0.180636 3.822306
v -15.190995 17.196091 -6.389232
v -13.732784 15.718978 -6.389232
v -17.219336 15.167665 -6.389232
v -15.745165 13.701657 -6.389232
v -19.169336 19.112829 -6.389232
v -15.733637 11.789845 -6.389233
v -11.826271 15.708718 -6.389232
v -6.878071 16.508745 -6.389232
v -6.761538 15.227994 -6.389232
v -9.621350 13.641953 -6.389232
v -8.937620 12.975772 -6.389232
v -7.034895 4.961225 -6.389232
v -13.256213 11.177891 -6.389231
v -7.028953 5.211903 -6.218415
v -13.253532 11.435855 -6.218414
v -13.256213 11.177891 -6.389231
v -14.247685 10.221098 -6.389232
v -13.253532 11.435855 -6.218414
v -14.509542 10.226178 -6.218415
v -13.672679 9.578060 -6.389232
v -13.928061 9.582469 -6.218414
v -14.247685 10.221098 -6.389232
v -14.509542 10.226178 -6.218415
v -16.472206 6.873261 -6.389233
v -17.639576 8.205318 -6.389233
v -16.461857 7.138997 -6.218415
v -17.452503 8.277835 -6.218415
v -17.639576 8.205318 -6.389233
v -17.668142 12.489984 -6.389232
v -17.452503 8.277835 -6.218415
v -17.481304 12.561896 -6.218415
v -18.719965 13.703927 -6.389232
v -18.464640 13.689130 -6.218415
v -17.668142 12.489984 -6.389232
v -17.481304 12.561896 -6.218415
v -18.464640 13.689130 -6.218415
v -18.719965 13.703927 -6.389232
v -17.228159 14.918317 -6.218415
v -17.219336 15.167665 -6.389232
v -17.219336 15.167665 -6.389232
v -15.745165 13.701657 -6.389232
v -17.228159 14.918317 -6.218415
v -15.932384 13.624416 -6.218415
v -15.745165 13.701657 -6.389232
v -15.733637 11.789845 -6.389233
v -15.932384 13.624416 -6.218415
v -15.923132 11.720771 -6.218415
v -15.733637 11.789845 -6.389233
v -15.388397 11.399674 -6.389232
v -15.923132 11.720771 -6.218415
v -15.398923 11.132723 -6.218414
v -15.388397 11.399674 -6.389232
v -11.437131 15.362494 -6.389232
v -15.398923 11.132723 -6.218414
v -11.167190 15.373756 -6.218415
v -11.167190 15.373756 -6.218415
v -11.437131 15.362494 -6.389232
v -11.756019 15.898642 -6.218415
v -11.826271 15.708718 -6.389232
v -11.756019 15.898642 -6.218415
v -11.826271 15.708718 -6.389232
v -13.654842 15.907554 -6.218415
v -13.732784 15.718978 -6.389232
v -13.654842 15.907554 -6.218415
v -13.732784 15.718978 -6.389232
v -14.910285 17.173807 -6.218415
v -15.190995 17.196091 -6.389232
v -15.190995 17.196091 -6.389232
v -13.721439 18.595818 -6.389232
v -14.910285 17.173807 -6.218415
v -13.715715 18.332735 -6.218415
v -13.721439 18.595818 -6.389232
v -12.579363 17.521584 -6.389232
v -13.715715 18.332735 -6.218415
v -12.657035 17.332312 -6.218415
v -12.657035 17.332312 -6.218415
v -12.579363 17.521584 -6.389232
v -8.323496 17.307098 -6.218415
v -8.254214 17.491959 -6.389232
v -6.878071 16.508745 -6.389232
v -9.621350 13.641953 -6.389232
v -7.132736 16.498711 -6.218415
v -9.625353 13.897939 -6.218415
v -9.621350 13.641953 -6.389232
v -10.262076 14.218351 -6.389232
v -9.625353 13.897939 -6.218415
v -10.267479 14.477178 -6.218415
v -11.216088 13.224033 -6.389232
v -11.472942 13.221063 -6.218415
v -10.262076 14.218351 -6.389232
v -10.267479 14.477178 -6.218415
v -5.018488 6.981692 -6.389234
v -5.292639 6.630507 -6.389234
v -5.267575 6.978502 -6.218415
v -5.545274 6.625661 -6.218415
v -5.292639 6.630507 -6.389234
v -4.208666 5.526190 -6.389233
v -5.545274 6.625661 -6.218415
v -4.205751 5.264268 -6.218415
v -3.867362 5.832695 -6.389233
v -3.864863 5.576434 -6.218415
v -4.208666 5.526190 -6.389233
v -4.205751 5.264268 -6.218415
v -3.867362 5.832695 -6.389233
v -3.181408 5.148726 -6.389233
v -3.864863 5.576434 -6.218415
v -3.435848 5.148200 -6.218415
v -3.435848 5.148200 -6.218415
v -3.181408 5.148726 -6.389233
v -5.204056 3.374866 -6.218416
v -5.206029 3.118879 -6.389232
v -5.887793 3.809613 -6.389233
v -5.631138 3.805093 -6.218415
v -5.206029 3.118879 -6.389232
v -5.204056 3.374866 -6.218416
v -5.887793 3.809613 -6.389233
v -5.580869 4.149880 -6.389233
v -5.631138 3.805093 -6.218415
v -5.320351 4.148479 -6.218415
v -7.034895 4.961225 -6.389232
v -7.028953 5.211903 -6.218415
v -6.682028 5.237021 -6.389232
v -6.678261 5.489254 -6.218415
v -15.248398 6.709735 -6.389233
v -13.009345 8.885452 -6.389231
v -14.996843 6.706415 -6.218415
v -13.011887 8.635720 -6.218415
v -11.870745 7.710233 -6.389232
v -12.838546 6.716977 -6.389233
v -12.119990 7.714163 -6.218415
v -13.087450 6.718649 -6.218415
v -9.122460 5.564543 -6.389232
v -9.369617 5.562769 -6.218415
v -9.559292 6.016292 -6.389233
v -9.617429 5.819641 -6.218415
v -9.122460 5.564543 -6.389232
v -9.438786 5.188366 -6.389233
v -9.369617 5.562769 -6.218415
v -9.682001 5.186856 -6.218415
v -9.438786 5.188366 -6.389233
v -8.516045 4.250327 -6.389232
v -9.682001 5.186856 -6.218415
v -8.520316 4.001311 -6.218416
v -8.136189 4.566328 -6.389233
v -8.139191 4.320939 -6.218415
v -8.516045 4.250327 -6.389232
v -8.520316 4.001311 -6.218416
v -8.139191 4.320939 -6.218415
v -8.136189 4.566328 -6.389233
v -6.447108 2.613109 -6.218415
v -6.197961 2.611354 -6.389233
v -6.447108 2.613109 -6.218415
v -6.197961 2.611354 -6.389233
v -7.877171 1.194300 -6.218415
v -7.879138 0.941801 -6.389233
v -12.776395 4.195954 -6.389232
v -12.726996 4.402552 -6.218415
v -11.503131 4.583355 -6.389232
v -11.453049 4.790206 -6.218415
v -12.726996 4.402552 -6.218415
v -12.776395 4.195954 -6.389232
v -14.996843 6.706415 -6.218415
v -15.248398 6.709735 -6.389233
v -9.378244 0.712718 -6.389233
v -9.832668 0.901493 -6.218414
v -11.546170 2.903479 -6.389233
v -11.550362 2.651261 -6.218416
v -9.378244 0.712718 -6.389233
v -11.973961 0.702790 -6.389233
v -9.832668 0.901493 -6.218414
v -11.899601 0.889687 -6.218415
v -11.899601 0.889687 -6.218415
v -11.973961 0.702790 -6.389233
v -12.662361 1.621057 -6.218415
v -12.925343 1.623079 -6.389233
v -12.925343 1.623079 -6.389233
v -11.546170 2.903479 -6.389233
v -12.662361 1.621057 -6.218415
v -11.550362 2.651261 -6.218416
v -17.138451 0.714744 -6.389233
v -17.172119 1.197612 -6.389233
v -16.957832 0.896468 -6.218415
v -16.988060 1.375450 -6.218414
v -16.988060 1.375450 -6.218414
v -17.172119 1.197612 -6.389233
v -17.805111 1.430819 -6.218415
v -17.986420 1.254153 -6.389233
v -17.805111 1.430819 -6.218415
v -17.986420 1.254153 -6.389233
v -17.840738 4.107643 -6.218415
v -18.029984 4.560849 -6.389233
v -4.250597 12.745173 -6.389232
v -4.632936 11.467719 -6.389232
v -4.460904 12.693645 -6.218414
v -4.845159 11.415595 -6.218415
v -2.675084 6.139993 -6.389232
v -2.676409 6.394981 -6.218415
v -1.008030 7.830197 -6.389233
v -1.261685 7.829178 -6.218415
v -4.630059 8.088626 -6.389231
v -4.317608 8.469766 -6.389233
v -4.379237 8.091931 -6.218414
v -4.061167 8.472235 -6.218415
v -4.061167 8.472235 -6.218415
v -4.317608 8.469766 -6.389233
v -5.243186 9.640695 -6.218415
v -5.244179 9.386512 -6.389231
v -5.618720 9.074126 -6.389232
v -5.617393 9.326016 -6.218414
v -5.244179 9.386512 -6.389231
v -5.243186 9.640695 -6.218415
v -5.618720 9.074126 -6.389232
v -6.070894 9.514046 -6.389232
v -5.617393 9.326016 -6.218414
v -5.873141 9.574080 -6.218415
v -5.658566 11.689617 -6.389233
v -6.768182 12.796134 -6.389232
v -5.457766 11.750252 -6.218414
v -6.770276 13.056457 -6.218415
v -7.756979 11.829206 -6.389232
v -7.762516 12.084496 -6.218414
v -6.768182 12.796134 -6.389232
v -6.770276 13.056457 -6.218415
v -7.756979 11.829206 -6.389232
v -8.937620 12.975772 -6.389232
v -7.762516 12.084496 -6.218414
v -8.681402 12.978963 -6.218415
v -8.681402 12.978963 -6.218415
v -8.937620 12.975772 -6.389232
v -6.757683 14.969687 -6.218415
v -6.761538 15.227994 -6.389232
v -1.689996 12.892532 -6.389232
v -1.687245 12.628286 -6.218415
v -2.965912 11.507851 -6.389232
v -2.714455 11.513109 -6.218414
v -1.689996 12.892532 -6.389232
v -0.772698 11.937105 -6.389233
v -1.687245 12.628286 -6.218415
v -0.958601 11.864001 -6.218415
v -0.958601 11.864001 -6.218415
v -0.772698 11.937105 -6.389233
v -0.973372 9.791013 -6.218414
v -0.796962 9.365552 -6.389232
v -0.796962 9.365552 -6.389232
v -2.965912 11.507851 -6.389232
v -0.973372 9.791013 -6.218414
v -2.714455 11.513109 -6.218414
v -4.623029 18.014475 -6.389232
v -0.782330 18.011642 -6.389232
v -4.174578 17.829796 -6.218415
v -0.962631 17.831617 -6.218415
v -0.962631 17.831617 -6.218415
v -0.782330 18.011642 -6.389232
v -0.969723 14.662726 -6.218415
v -0.794689 14.240079 -6.389232
v -4.623029 18.014475 -6.389232
v -4.174578 17.829796 -6.218415
v -0.794689 14.240079 -6.389232
v -0.969723 14.662726 -6.218415
v -19.169334 0.857249 -6.389233
v -17.986420 1.254153 -6.389233
v -17.530558 0.857250 -6.389233
v -18.029984 4.560849 -6.389233
v -14.238129 0.710507 -6.389233
v -17.840738 4.107643 -6.218415
v -14.690092 0.901451 -6.218415
v -12.925343 1.623079 -6.389233
v -12.776395 4.195954 -6.389232
v -11.546170 2.903479 -6.389233
v -7.879138 0.941801 -6.389233
v -9.378244 0.712718 -6.389233
v -0.794689 14.240079 -6.389232
v -1.689996 12.892532 -6.389232
v -4.250597 12.745173 -6.389232
v -4.208666 5.526190 -6.389233
v -5.292639 6.630507 -6.389234
v -3.867362 5.832695 -6.389233
v -5.018488 6.981692 -6.389234
v -5.244179 9.386512 -6.389231
v -4.317608 8.469766 -6.389233
v -5.618720 9.074126 -6.389232
v -4.630059 8.088626 -6.389231
v -12.662361 1.621057 -6.218415
v -11.550362 2.651261 -6.218416
v -11.899601 0.889687 -6.218415
v -9.832668 0.901493 -6.218414
v -16.988060 1.375450 -6.218414
v -14.690092 0.901451 -6.218415
v -16.957832 0.896468 -6.218415
v -0.973372 9.791013 -6.218414
v -2.714455 11.513109 -6.218414
v -0.958601 11.864001 -6.218415
v -1.687245 12.628286 -6.218415
v -0.962631 17.831617 -6.218415
v -0.969723 14.662726 -6.218415
v -4.174578 17.829796 -6.218415
v -13.928061 9.582469 -6.218414
v -13.672679 9.578060 -6.389232
v -16.461857 7.138997 -6.218415
v -16.472206 6.873261 -6.389233
v -8.323496 17.307098 -6.218415
v -8.254214 17.491959 -6.389232
v -7.132736 16.498711 -6.218415
v -6.878071 16.508745 -6.389232
v -11.472942 13.221063 -6.218415
v -11.216088 13.224033 -6.389232
v -5.267575 6.978502 -6.218415
v -5.018488 6.981692 -6.389234
v -5.320351 4.148479 -6.218415
v -5.580869 4.149880 -6.389233
v -6.678261 5.489254 -6.218415
v -6.682028 5.237021 -6.389232
v -11.788203 5.399596 -6.218415
v -11.728603 5.596332 -6.389232
v -9.617429 5.819641 -6.218415
v -9.559292 6.016292 -6.389233
v -11.453049 4.790206 -6.218415
v -7.877171 1.194300 -6.218415
v -11.503131 4.583355 -6.389232
v -7.879138 0.941801 -6.389233
v -16.957832 0.896468 -6.218415
v -14.690092 0.901451 -6.218415
v -17.138451 0.714744 -6.389233
v -14.238129 0.710507 -6.389233
v -4.845159 11.415595 -6.218415
v -4.632936 11.467719 -6.389232
v -1.261685 7.829178 -6.218415
v -1.008030 7.830197 -6.389233
v -2.675084 6.139993 -6.389232
v -4.630059 8.088626 -6.389231
v -2.676409 6.394981 -6.218415
v -4.379237 8.091931 -6.218414
v -6.070894 9.514046 -6.389232
v -5.658566 11.689617 -6.389233
v -5.873141 9.574080 -6.218415
v -5.457766 11.750252 -6.218414
v -6.761538 15.227994 -6.389232
v -4.250597 12.745173 -6.389232
v -6.757683 14.969687 -6.218415
v -4.460904 12.693645 -6.218414
v -13.715715 18.332735 -6.218415
v -12.657035 17.332312 -6.218415
v -14.910285 17.173807 -6.218415
v -5.873141 9.574080 -6.218415
v -5.243186 9.640695 -6.218415
v -5.617393 9.326016 -6.218414
v -9.682001 5.186856 -6.218415
v -9.617429 5.819641 -6.218415
v -9.369617 5.562769 -6.218415
v -6.768182 12.796134 -6.389232
v -5.658566 11.689617 -6.389233
v -7.756979 11.829206 -6.389232
v -6.070894 9.514046 -6.389232
v -13.087450 6.718649 -6.218415
v -12.838546 6.716977 -6.389233
v -11.788203 5.399596 -6.218415
v -11.728603 5.596332 -6.389232
v 0.000007 19.112827 -6.389232
v -13.721439 18.595818 -6.389232
v -2.675084 6.139993 -6.389232
v -5.320351 4.148479 -6.218415
v -6.678261 5.489254 -6.218415
v -4.205751 5.264268 -6.218415
v -5.545274 6.625661 -6.218415
v -6.355482 0.705679 -6.389233
v -5.906014 0.895051 -6.218415
v -0.788340 0.713763 -6.389233
v -0.967672 0.895914 -6.218415
v -0.966878 5.842527 -6.218415
v -0.967672 0.895914 -6.218415
v -5.906014 0.895051 -6.218415
v -0.966878 5.842527 -6.218415
v -5.906014 0.895051 -6.218415
v -0.779180 6.288994 -6.389233
v -6.355482 0.705679 -6.389233
v -0.967672 0.895914 -6.218415
v -0.966878 5.842527 -6.218415
v -0.788340 0.713763 -6.389233
v -0.779180 6.288994 -6.389233
v -6.355482 0.705679 -6.389233
v -11.503131 4.583355 -6.389232
v -6.197961 2.611354 -6.389233
v -5.206029 3.118879 -6.389232
v -3.181408 5.148726 -6.389233
v -0.779180 6.288994 -6.389233
v -1.008030 7.830197 -6.389233
v -0.796962 9.365552 -6.389232
v -3.864863 5.576434 -6.218415
v -3.435848 5.148200 -6.218415
v -5.204056 3.374866 -6.218416
v -5.631138 3.805093 -6.218415
v -12.119990 7.714163 -6.218415
v -13.011887 8.635720 -6.218415
v -11.870745 7.710233 -6.389232
v -13.009345 8.885452 -6.389231
v -17.172119 1.197612 -6.389233
v -17.138451 0.714744 -6.389233
v 0.000007 0.000000 -6.389233
v -17.530556 0.000000 -6.389233
v -11.973961 0.702790 -6.389233
v -18.029984 4.560849 -6.389233
v -14.238129 0.710507 -6.389233
v -17.639576 8.205318 -6.389233
v -16.472206 6.873261 -6.389233
v -18.719965 13.703927 -6.389232
v -11.437131 15.362494 -6.389232
v -15.388397 11.399674 -6.389232
v -13.672679 9.578060 -6.389232
v -13.256213 11.177891 -6.389231
v -13.009345 8.885452 -6.389231
v -14.247685 10.221098 -6.389232
v -11.870745 7.710233 -6.389232
v -12.838546 6.716977 -6.389233
v -11.728603 5.596332 -6.389232
v -9.559292 6.016292 -6.389233
v -7.034895 4.961225 -6.389232
v -9.122460 5.564543 -6.389232
v -8.136189 4.566328 -6.389233
v -9.438786 5.188366 -6.389233
v -8.516045 4.250327 -6.389232
v -8.520316 4.001311 -6.218416
v -6.447108 2.613109 -6.218415
v -7.877171 1.194300 -6.218415
v -8.139191 4.320939 -6.218415
v -11.453049 4.790206 -6.218415
v -11.788203 5.399596 -6.218415
v -12.726996 4.402552 -6.218415
v -13.087450 6.718649 -6.218415
v -14.996843 6.706415 -6.218415
v -13.011887 8.635720 -6.218415
v -12.119990 7.714163 -6.218415
v -17.840738 4.107643 -6.218415
v -17.805111 1.430819 -6.218415
v -15.248398 6.709735 -6.389233
v -0.772698 11.937105 -6.389233
v -4.632936 11.467719 -6.389232
v -2.965912 11.507851 -6.389232
v -5.457766 11.750252 -6.218414
v -4.845159 11.415595 -6.218415
v -4.460904 12.693645 -6.218414
v -4.061167 8.472235 -6.218415
v -6.770276 13.056457 -6.218415
v -6.757683 14.969687 -6.218415
v -8.681402 12.978963 -6.218415
v -7.762516 12.084496 -6.218414
v -11.216088 13.224033 -6.389232
v -10.262076 14.218351 -6.389232
v -0.782330 18.011642 -6.389232
v -0.788340 0.713763 -6.389233
v -4.623029 18.014475 -6.389232
v -8.254214 17.491959 -6.389232
v -10.267479 14.477178 -6.218415
v -11.472942 13.221063 -6.218415
v -11.167190 15.373756 -6.218415
v -15.398923 11.132723 -6.218414
v -13.253532 11.435855 -6.218414
v -14.509542 10.226178 -6.218415
v -17.452503 8.277835 -6.218415
v -5.267575 6.978502 -6.218415
v -7.028953 5.211903 -6.218415
v -17.668142 12.489984 -6.389232
v -13.928061 9.582469 -6.218414
v -16.461857 7.138997 -6.218415
v -15.923132 11.720771 -6.218415
v -17.481304 12.561896 -6.218415
v -15.932384 13.624416 -6.218415
v -17.228159 14.918317 -6.218415
v -11.756019 15.898642 -6.218415
v -13.654842 15.907554 -6.218415
v -8.323496 17.307098 -6.218415
v -9.625353 13.897939 -6.218415
v -7.132736 16.498711 -6.218415
v -18.464640 13.689130 -6.218415
v -12.579363 17.521584 -6.389232
v -2.676409 6.394981 -6.218415
v -4.379237 8.091931 -6.218414
v -1.261685 7.829178 -6.218415
v -5.580869 4.149880 -6.389233
v -5.887793 3.809613 -6.389233
v -6.682028 5.237021 -6.389232
v -6.696711 -0.000000 2.897834
v -6.875648 0.180637 3.076902
v -8.610943 0.000001 2.885322
v -8.537165 0.180637 3.088551
v -0.000008 5.354228 4.362409
v -0.000008 5.338250 3.402495
v 5.355027 0.000001 4.362411
v 5.339057 0.000001 3.402493
v 17.530556 0.857249 6.382380
v 17.530556 0.857249 -6.389234
v 19.169334 0.857249 6.382380
v 19.169334 0.857249 -6.389234
v 17.530556 0.000001 6.382380
v 17.530556 0.000001 -6.389234
v 17.530556 0.857249 6.382380
v 17.530556 0.857249 -6.389234
v -0.000007 0.000000 -2.155420
v 5.339057 0.000001 3.402493
v -0.000008 5.338250 3.402495
v -0.000007 13.889339 4.402433
v -0.000008 15.658680 4.170959
v -0.000008 12.074587 2.921259
v -0.000007 15.656183 -5.260059
v -0.000007 12.502400 -5.891195
v -0.000007 12.495398 -3.727143
v -0.000008 6.004830 2.936385
v -0.000007 8.420609 1.710030
v -0.000007 10.157804 1.705487
v -0.000007 6.006874 4.397958
v -0.000008 7.021326 6.382380
v -0.000007 19.112827 6.382381
v -0.000008 17.633831 4.172024
v -0.000007 17.642570 -3.192501
v -0.000007 19.112827 -6.389233
v -0.000008 5.338250 3.402495
v -0.000008 2.011113 -2.433556
v -0.000008 2.019715 -5.892378
v -0.000007 0.000000 -2.155420
v -0.000008 0.000001 -6.389234
v -0.000007 8.318712 -5.895973
v 0.181164 12.322985 -5.712336
v 0.181163 10.984674 -3.884250
v 0.181164 12.316208 -3.908361
v 0.181163 13.882896 -2.252132
v 0.181163 12.309952 -2.259121
v 0.181163 12.066485 1.524737
v 0.181163 10.463697 1.517781
v -0.000007 12.495398 -3.727143
v -0.000007 12.502400 -5.891195
v 0.181164 12.316208 -3.908361
v 0.181164 12.322985 -5.712336
v -0.000007 12.495398 -3.727143
v 0.181164 12.316208 -3.908361
v -0.000008 11.101339 -3.696705
v 0.181163 10.984674 -3.884250
v -0.000007 8.420609 1.710030
v -0.000008 11.101339 -3.696705
v 0.181163 8.306110 1.524806
v 0.181163 10.984674 -3.884250
v -0.000007 8.420609 1.710030
v 0.181163 8.306110 1.524806
v -0.000007 5.886547 1.715091
v 0.181163 5.968468 1.528619
v 0.181163 2.195090 -2.506160
v -0.000008 2.011113 -2.433556
v 0.181163 5.968468 1.528619
v -0.000007 5.886547 1.715091
v -0.000008 2.019715 -5.892378
v -0.000008 2.011113 -2.433556
v 0.181163 2.203350 -5.712375
v 0.181163 2.195090 -2.506160
v -0.000008 2.019715 -5.892378
v 0.181163 2.203350 -5.712375
v -0.000008 2.941167 -5.905436
v 0.181163 2.859377 -5.719502
v -0.000007 6.130897 -2.463945
v 0.181163 6.049156 -2.277545
v -0.000007 6.683058 -2.467550
v 0.181163 6.799544 -2.284427
v -0.000007 12.502400 -5.891195
v -0.000007 8.318712 -5.895973
v 0.181164 12.322985 -5.712336
v 0.181163 8.433451 -5.715596
v 0.181163 12.309952 -2.259121
v 0.181163 13.882896 -2.252132
v -0.000007 12.192665 -2.444587
v -0.000008 14.182458 -2.443058
v -0.000008 14.182458 -2.443058
v 0.181163 13.882896 -2.252132
v -0.000007 12.179774 1.705263
v 0.181163 12.066485 1.524737
v 0.181163 12.066485 1.524737
v 0.181163 10.463697 1.517781
v -0.000007 12.179774 1.705263
v -0.000007 10.157804 1.705487
v -0.000007 10.157804 1.705487
v 0.181163 10.463697 1.517781
v -0.000007 12.192665 -2.444587
v 0.181163 12.309952 -2.259121
v -0.000007 15.656183 -5.260059
v 0.181164 15.846611 -4.784958
v -0.000007 17.642570 -3.192501
v 0.181163 17.458672 -3.118710
v -0.000008 17.633831 4.172024
v -0.000007 17.642570 -3.192501
v 0.181162 17.450584 3.989080
v 0.181163 17.458672 -3.118710
v 0.181162 15.841525 3.989080
v -0.000008 15.658680 4.170959
v 0.181162 17.450584 3.989080
v -0.000008 17.633831 4.172024
v -0.000007 15.656183 -5.260059
v -0.000008 15.658680 4.170959
v 0.181164 15.846611 -4.784958
v 0.181162 15.841525 3.989080
v 0.181163 6.186506 4.216788
v -0.000007 6.006874 4.397958
v 0.181163 13.345890 4.211494
v -0.000007 13.889339 4.402433
v -0.000008 6.004830 2.936385
v 0.181163 6.186506 3.115497
v -0.000008 12.074587 2.921259
v 0.181163 12.000071 3.106230
v 0.181163 6.799544 -2.284427
v 0.181163 8.306110 1.524806
v -0.000007 5.886547 1.715091
v 0.181164 15.846611 -4.784958
v 0.181162 15.841525 3.989080
v 0.181163 17.458672 -3.118710
v 0.181162 17.450584 3.989080
v 19.169334 0.857249 -6.389234
v 19.169336 19.112829 -6.389233
v 19.169334 0.857249 6.382380
v 19.169334 19.112827 6.382381
v -0.000007 12.192665 -2.444587
v -0.000008 11.101339 -3.696705
v 15.745164 13.701658 6.382380
v 17.219337 15.167667 6.382380
v 13.732785 15.718981 6.382380
v 15.190995 17.196089 6.382380
v 12.776395 4.195954 6.382380
v 11.546170 2.903479 6.382380
v 12.925342 1.623079 6.382380
v 16.472206 6.873261 6.382380
v 13.672679 9.578060 6.382380
v 15.248396 6.709733 6.382380
v 13.009345 8.885454 6.382380
v 9.378243 0.712717 6.382380
v 7.879139 0.941800 6.382380
v 7.020113 0.000001 6.382380
v 11.728602 5.596331 6.382380
v 12.838544 6.716978 6.382380
v 11.870744 7.710233 6.382380
v 6.197960 2.611354 6.382380
v 7.034895 4.961225 6.382380
v 5.887794 3.809614 6.382380
v 8.136187 4.566327 6.382380
v 9.122458 5.564542 6.382380
v 11.503472 4.584804 6.382380
v 9.438785 5.188366 6.382380
v 8.516044 4.250326 6.382380
v 2.965913 11.507851 6.382380
v 4.632936 11.467720 6.382380
v 4.250597 12.745173 6.382380
v 0.794689 14.240080 6.382380
v 1.689997 12.892534 6.382380
v 6.878069 16.508747 6.382380
v 6.761538 15.227993 6.382380
v 9.621348 13.641954 6.382380
v 8.937620 12.975772 6.382380
v 7.756979 11.829205 6.382380
v 11.216087 13.224034 6.382380
v 2.675084 6.139993 6.382380
v 3.181408 5.148726 6.382380
v 3.867362 5.832696 6.382380
v 5.244178 9.386512 6.382380
v 4.317608 8.469767 6.382380
v 5.618719 9.074125 6.382380
v 4.630060 8.088626 6.382380
v 11.826268 15.708723 6.382380
v 11.437130 15.362494 6.382380
v 11.472941 13.221064 6.198794
v 5.267575 6.978502 6.198794
v 5.545274 6.625661 6.198794
v 9.832667 0.901493 6.198794
v 11.899600 0.889689 6.198794
v 11.550361 2.651262 6.198794
v 12.662360 1.621058 6.198794
v 16.957832 0.896468 6.198794
v 16.988060 1.375451 6.198794
v 14.690091 0.901451 6.198794
v 1.687245 12.628286 6.198794
v 0.958601 11.864002 6.198794
v 2.714455 11.513111 6.198794
v 0.973370 9.791014 6.198794
v 0.969723 14.662724 6.198794
v 4.174577 17.829794 6.198795
v 0.962632 17.831615 6.198795
v 13.253531 11.435856 6.198794
v 7.028953 5.211902 6.198794
v 13.256213 11.177891 6.382380
v 7.034895 4.961225 6.382380
v 14.509543 10.226181 6.198794
v 13.253531 11.435856 6.198794
v 14.247686 10.221097 6.382380
v 13.256213 11.177891 6.382380
v 14.509543 10.226181 6.198794
v 14.247686 10.221097 6.382380
v 13.928060 9.582468 6.198794
v 13.672679 9.578060 6.382380
v 13.928060 9.582468 6.198794
v 13.672679 9.578060 6.382380
v 16.461857 7.138996 6.198794
v 16.472206 6.873261 6.382380
v 16.472206 6.873261 6.382380
v 17.639574 8.205318 6.382380
v 16.461857 7.138996 6.198794
v 17.452503 8.277838 6.198794
v 17.481308 12.561900 6.198794
v 17.452503 8.277838 6.198794
v 17.668144 12.489985 6.382380
v 17.639574 8.205318 6.382380
v 17.481308 12.561900 6.198794
v 17.668144 12.489985 6.382380
v 18.464642 13.689129 6.198794
v 18.719963 13.703930 6.382380
v 18.464642 13.689129 6.198794
v 18.719963 13.703930 6.382380
v 17.228159 14.918318 6.198794
v 17.219337 15.167667 6.382380
v 17.219337 15.167667 6.382380
v 15.745164 13.701658 6.382380
v 17.228159 14.918318 6.198794
v 15.932383 13.624417 6.198794
v 15.398922 11.132724 6.198794
v 15.820729 11.583082 6.198794
v 15.388395 11.399674 6.382380
v 15.656581 11.699312 6.382380
v 11.167190 15.373756 6.198794
v 11.437130 15.362494 6.382380
v 11.756018 15.898643 6.198794
v 11.826268 15.708723 6.382380
v 13.732785 15.718981 6.382380
v 13.654841 15.907555 6.198794
v 11.826268 15.708723 6.382380
v 11.756018 15.898643 6.198794
v 13.654841 15.907555 6.198794
v 13.732785 15.718981 6.382380
v 14.910284 17.173807 6.198794
v 15.190995 17.196089 6.382380
v 15.190995 17.196089 6.382380
v 13.721438 18.595818 6.382381
v 14.910284 17.173807 6.198794
v 13.715714 18.332735 6.198795
v 13.721438 18.595818 6.382381
v 12.579362 17.521584 6.382380
v 13.715714 18.332735 6.198795
v 12.657032 17.332310 6.198794
v 8.254212 17.491964 6.382380
v 8.323495 17.307098 6.198794
v 12.579362 17.521584 6.382380
v 12.657032 17.332310 6.198794
v 7.132736 16.498709 6.198794
v 6.878069 16.508747 6.382380
v 7.132736 16.498709 6.198794
v 6.878069 16.508747 6.382380
v 9.625352 13.897940 6.198794
v 9.621348 13.641954 6.382380
v 9.621348 13.641954 6.382380
v 10.262076 14.218355 6.382380
v 9.625352 13.897940 6.198794
v 10.267479 14.477178 6.198794
v 11.216087 13.224034 6.382380
v 11.472941 13.221064 6.198794
v 10.262076 14.218355 6.382380
v 10.267479 14.477178 6.198794
v 5.018488 6.981691 6.382380
v 5.267575 6.978502 6.198794
v 11.216087 13.224034 6.382380
v 11.472941 13.221064 6.198794
v 5.545274 6.625661 6.198794
v 5.267575 6.978502 6.198794
v 5.292639 6.630510 6.382380
v 5.018488 6.981691 6.382380
v 4.205751 5.264268 6.198794
v 5.545274 6.625661 6.198794
v 4.208666 5.526190 6.382380
v 5.292639 6.630510 6.382380
v 4.205751 5.264268 6.198794
v 4.208666 5.526190 6.382380
v 3.864862 5.576432 6.198794
v 3.867362 5.832696 6.382380
v 3.867362 5.832696 6.382380
v 3.181408 5.148726 6.382380
v 3.864862 5.576432 6.198794
v 3.435848 5.148200 6.198794
v 5.206029 3.118879 6.382380
v 5.204055 3.374865 6.198794
v 3.181408 5.148726 6.382380
v 3.435848 5.148200 6.198794
v 5.887794 3.809614 6.382380
v 5.631138 3.805093 6.198794
v 5.206029 3.118879 6.382380
v 5.204055 3.374865 6.198794
v 5.320351 4.148479 6.198794
v 5.631138 3.805093 6.198794
v 5.580869 4.149881 6.382380
v 5.887794 3.809614 6.382380
v 5.320351 4.148479 6.198794
v 5.580869 4.149881 6.382380
v 6.678261 5.489256 6.198794
v 6.682028 5.237021 6.382380
v 7.034895 4.961225 6.382380
v 7.028953 5.211902 6.198794
v 6.682028 5.237021 6.382380
v 6.678261 5.489256 6.198794
v 13.011886 8.635721 6.198794
v 14.996844 6.706415 6.198794
v 13.009345 8.885454 6.382380
v 15.248396 6.709733 6.382380
v 12.119989 7.714161 6.198794
v 13.011886 8.635721 6.198794
v 11.870744 7.710233 6.382380
v 13.009345 8.885454 6.382380
v 13.087447 6.718648 6.198794
v 12.119989 7.714161 6.198794
v 12.838544 6.716978 6.382380
v 11.870744 7.710233 6.382380
v 13.087447 6.718648 6.198794
v 12.838544 6.716978 6.382380
v 11.788202 5.399596 6.198794
v 11.728602 5.596331 6.382380
v 9.122458 5.564542 6.382380
v 9.369617 5.562769 6.198794
v 9.559289 6.016291 6.382380
v 9.617428 5.819641 6.198794
v 9.682000 5.186856 6.198794
v 9.369617 5.562769 6.198794
v 9.438785 5.188366 6.382380
v 9.122458 5.564542 6.382380
v 8.520314 4.001308 6.198794
v 9.682000 5.186856 6.198794
v 8.516044 4.250326 6.382380
v 9.438785 5.188366 6.382380
v 8.136187 4.566327 6.382380
v 8.139190 4.320939 6.198794
v 8.516044 4.250326 6.382380
v 8.520314 4.001308 6.198794
v 6.447107 2.613110 6.198794
v 6.197960 2.611354 6.382380
v 7.877171 1.194301 6.198794
v 7.879139 0.941800 6.382380
v 11.453592 4.777611 6.198794
v 7.877171 1.194301 6.198794
v 11.503472 4.584804 6.382380
v 7.879139 0.941800 6.382380
v 11.453592 4.777611 6.198794
v 11.503472 4.584804 6.382380
v 12.726995 4.402551 6.198794
v 12.776395 4.195954 6.382380
v 12.726995 4.402551 6.198794
v 12.776395 4.195954 6.382380
v 14.996844 6.706415 6.198794
v 15.248396 6.709733 6.382380
v 11.550361 2.651262 6.198794
v 11.546170 2.903479 6.382380
v 9.832667 0.901493 6.198794
v 9.378243 0.712717 6.382380
v 9.378243 0.712717 6.382380
v 11.973962 0.702792 6.382380
v 9.832667 0.901493 6.198794
v 11.899600 0.889689 6.198794
v 12.925342 1.623079 6.382380
v 12.662360 1.621058 6.198794
v 11.973962 0.702792 6.382380
v 11.899600 0.889689 6.198794
v 12.925342 1.623079 6.382380
v 11.546170 2.903479 6.382380
v 12.662360 1.621058 6.198794
v 11.550361 2.651262 6.198794
v 16.957832 0.896468 6.198794
v 14.690091 0.901451 6.198794
v 17.138454 0.714743 6.382380
v 14.238128 0.710509 6.382380
v 16.988060 1.375451 6.198794
v 16.957832 0.896468 6.198794
v 17.172119 1.197612 6.382380
v 17.138454 0.714743 6.382380
v 17.986420 1.254153 6.382380
v 17.805111 1.430818 6.198794
v 17.172119 1.197612 6.382380
v 16.988060 1.375451 6.198794
v 17.805111 1.430818 6.198794
v 17.986420 1.254153 6.382380
v 17.840738 4.107641 6.198794
v 18.029984 4.560849 6.382380
v 4.250597 12.745173 6.382380
v 4.632936 11.467720 6.382380
v 4.460904 12.693645 6.198794
v 4.845159 11.415598 6.198794
v 4.845159 11.415598 6.198794
v 4.632936 11.467720 6.382380
v 1.261685 7.829177 6.198794
v 1.008029 7.830197 6.382380
v 1.261685 7.829177 6.198794
v 1.008029 7.830197 6.382380
v 2.676409 6.394982 6.198794
v 2.675084 6.139993 6.382380
v 4.379237 8.091932 6.198794
v 2.676409 6.394982 6.198794
v 4.630060 8.088626 6.382380
v 2.675084 6.139993 6.382380
v 4.630060 8.088626 6.382380
v 4.317608 8.469767 6.382380
v 4.379237 8.091932 6.198794
v 4.061166 8.472235 6.198794
v 5.244178 9.386512 6.382380
v 5.243186 9.640696 6.198794
v 4.317608 8.469767 6.382380
v 4.061166 8.472235 6.198794
v 5.243186 9.640696 6.198794
v 5.244178 9.386512 6.382380
v 5.617393 9.326017 6.198794
v 5.618719 9.074125 6.382380
v 5.873140 9.574081 6.198794
v 5.617393 9.326017 6.198794
v 6.070894 9.514047 6.382380
v 5.618719 9.074125 6.382380
v 5.457768 11.750254 6.198794
v 5.873140 9.574081 6.198794
v 5.658566 11.689617 6.382380
v 6.070894 9.514047 6.382380
v 6.770277 13.056461 6.198794
v 5.457768 11.750254 6.198794
v 6.768183 12.796135 6.382380
v 5.658566 11.689617 6.382380
v 6.770277 13.056461 6.198794
v 6.768183 12.796135 6.382380
v 7.762518 12.084498 6.198794
v 7.756979 11.829205 6.382380
v 8.681402 12.978963 6.198794
v 7.762518 12.084498 6.198794
v 8.937620 12.975772 6.382380
v 7.756979 11.829205 6.382380
v 8.681402 12.978963 6.198794
v 8.937620 12.975772 6.382380
v 6.757681 14.969686 6.198794
v 6.761538 15.227993 6.382380
v 4.460904 12.693645 6.198794
v 6.757681 14.969686 6.198794
v 4.250597 12.745173 6.382380
v 6.761538 15.227993 6.382380
v 2.714455 11.513111 6.198794
v 2.965913 11.507851 6.382380
v 1.687245 12.628286 6.198794
v 1.689997 12.892534 6.382380
v 0.958601 11.864002 6.198794
v 1.687245 12.628286 6.198794
v 0.772698 11.937105 6.382380
v 1.689997 12.892534 6.382380
v 0.958601 11.864002 6.198794
v 0.772698 11.937105 6.382380
v 0.973370 9.791014 6.198794
v 0.796963 9.365183 6.382380
v 2.714455 11.513111 6.198794
v 0.973370 9.791014 6.198794
v 2.965913 11.507851 6.382380
v 0.796963 9.365183 6.382380
v 0.962632 17.831615 6.198795
v 4.174577 17.829794 6.198795
v 0.782329 18.011644 6.382381
v 4.623029 18.014475 6.382381
v 0.962632 17.831615 6.198795
v 0.782329 18.011644 6.382381
v 0.969723 14.662724 6.198794
v 0.794689 14.240080 6.382380
v 11.167190 15.373756 6.198794
v 10.267479 14.477178 6.198794
v 17.452503 8.277838 6.198794
v 14.509543 10.226181 6.198794
v 16.461857 7.138996 6.198794
v 13.928060 9.582468 6.198794
v 15.932383 13.624417 6.198794
v 15.820729 11.583082 6.198794
v 17.481308 12.561900 6.198794
v 17.228159 14.918318 6.198794
v 18.464642 13.689129 6.198794
v 13.715714 18.332735 6.198795
v 12.657032 17.332310 6.198794
v 14.910284 17.173807 6.198794
v 13.654841 15.907555 6.198794
v 8.323495 17.307098 6.198794
v 11.756018 15.898643 6.198794
v 6.770277 13.056461 6.198794
v 7.762518 12.084498 6.198794
v 8.681402 12.978963 6.198794
v 13.011886 8.635721 6.198794
v 12.119989 7.714161 6.198794
v 13.087447 6.718648 6.198794
v 2.676409 6.394982 6.198794
v 4.379237 8.091932 6.198794
v 4.061166 8.472235 6.198794
v 11.973962 0.702792 6.382380
v 14.238128 0.710509 6.382380
v 11.788202 5.399596 6.198794
v 11.453592 4.777611 6.198794
v 12.726995 4.402551 6.198794
v 6.757681 14.969686 6.198794
v 4.460904 12.693645 6.198794
v 17.530556 0.000001 6.382380
v 17.530556 0.857249 6.382380
v 17.138454 0.714743 6.382380
v 17.172119 1.197612 6.382380
v 4.623029 18.014475 6.382381
v 4.174577 17.829794 6.198795
v 0.794689 14.240080 6.382380
v 0.969723 14.662724 6.198794
v -0.000007 0.000000 -2.155420
v 0.752867 0.000001 -4.695003
v 2.688271 0.000000 -2.664859
v 14.559068 0.000001 3.608937
v 13.382712 0.000001 0.991626
v 14.559068 0.000001 -3.193907
v 13.381618 0.000001 -1.339719
v 17.530556 0.000001 6.382380
v 7.020113 0.000001 6.382380
v 16.202522 0.000001 5.050235
v 7.657597 -0.000000 5.057684
v 16.204140 0.000001 -5.072205
v 17.530556 0.000001 -6.389234
v 7.266316 0.000000 -2.661319
v 7.997515 0.000001 -3.202699
v 11.964435 0.000000 -1.353606
v 6.058042 0.000000 -1.792584
v 7.249058 0.000001 -0.526857
v 16.019871 0.180637 -4.889766
v 14.741448 0.180637 -3.377795
v 7.934346 0.180637 -3.390314
v 2.767018 0.180637 -2.848424
v 2.688271 0.000000 -2.664859
v 0.937976 0.180637 -4.764655
v 0.752867 0.000001 -4.695003
v 0.765550 0.000001 -5.075502
v 0.946102 0.180637 -4.895875
v 0.752867 0.000001 -4.695003
v 0.937976 0.180637 -4.764655
v 16.204140 0.000001 -5.072205
v 16.019871 0.180637 -4.889766
v 0.765550 0.000001 -5.075502
v 0.946102 0.180637 -4.895875
v 16.202522 0.000001 5.050235
v 16.019871 0.180636 4.869765
v 16.204140 0.000001 -5.072205
v 16.019871 0.180637 -4.889766
v 7.743557 0.180637 4.874673
v 16.019871 0.180636 4.869765
v 7.657597 -0.000000 5.057684
v 16.202522 0.000001 5.050235
v 6.866454 0.180636 3.822305
v 7.743557 0.180637 4.874673
v 6.682117 0.000001 3.888840
v 7.657597 -0.000000 5.057684
v 6.866454 0.180636 3.822305
v 6.682117 0.000001 3.888840
v 6.875648 0.180637 3.076901
v 6.696711 0.000000 2.897833
v 9.197444 0.180637 3.801126
v 8.537164 0.180637 3.088550
v 9.280860 0.000001 3.614857
v 8.610942 0.000001 2.885321
v 14.743083 0.180637 3.792323
v 9.197444 0.180637 3.801126
v 14.559068 0.000001 3.608937
v 9.280860 0.000001 3.614857
v 14.741448 0.180637 -3.377795
v 14.559068 0.000001 -3.193907
v 7.934346 0.180637 -3.390314
v 7.997515 0.000001 -3.202699
v 7.934346 0.180637 -3.390314
v 7.997515 0.000001 -3.202699
v 7.204174 0.180637 -2.845888
v 7.266316 0.000000 -2.661319
v 6.294400 0.180637 0.817075
v 6.215599 0.000000 1.002174
v 3.991905 0.180637 -1.597108
v 3.540849 0.000000 -1.790598
v 5.977658 0.180637 -1.609138
v 3.991905 0.180637 -1.597108
v 6.058042 0.000000 -1.792584
v 3.540849 0.000000 -1.790598
v 7.167376 0.180637 -0.340456
v 5.977658 0.180637 -1.609138
v 7.249058 0.000001 -0.526857
v 6.058042 0.000000 -1.792584
v 10.839897 0.000001 -0.523924
v 10.902362 0.180637 -0.336270
v 7.249058 0.000001 -0.526857
v 7.167376 0.180637 -0.340456
v 10.902362 0.180637 -0.336270
v 10.839897 0.000001 -0.523924
v 12.026399 0.180637 -1.168172
v 11.964435 0.000000 -1.353606
v 12.026399 0.180637 -1.168172
v 11.964435 0.000000 -1.353606
v 13.200948 0.180637 -1.158121
v 13.381618 0.000001 -1.339719
v 13.200948 0.180637 -1.158121
v 13.381618 0.000001 -1.339719
v 13.200946 0.180637 0.809953
v 13.382712 0.000001 0.991626
v 16.019871 0.180636 4.869765
v 14.743083 0.180637 3.792323
v 14.743083 0.180637 3.792323
v 14.559068 0.000001 3.608937
v 14.741448 0.180637 -3.377795
v 14.559068 0.000001 -3.193907
v -0.000008 14.182458 -2.443058
v -0.000008 2.941167 -5.905436
v -0.000007 6.683058 -2.467550
v -0.000007 6.130897 -2.463945
v -0.000007 12.179774 1.705263
v -0.000008 2.941167 -5.905436
v 0.181163 2.859377 -5.719502
v -0.000007 6.130897 -2.463945
v 0.181163 6.049156 -2.277545
v 0.181163 6.799544 -2.284427
v 0.181163 8.433451 -5.715596
v -0.000007 6.683058 -2.467550
v -0.000007 8.318712 -5.895973
v 0.181163 12.000071 3.106230
v 0.181163 13.345890 4.211494
v -0.000008 12.074587 2.921259
v -0.000007 13.889339 4.402433
v 0.181163 6.186506 3.115497
v -0.000008 6.004830 2.936385
v 0.181163 6.186506 4.216788
v -0.000007 6.006874 4.397958
v 19.169334 19.112827 6.382381
v 15.388395 11.399674 6.382380
v 15.656581 11.699312 6.382380
v 15.820729 11.583082 6.198794
v 15.932383 13.624417 6.198794
v 15.656581 11.699312 6.382380
v 15.745164 13.701658 6.382380
v 9.559289 6.016291 6.382380
v 5.206029 3.118879 6.382380
v 5.018488 6.981691 6.382380
v 5.292639 6.630510 6.382380
v 4.208666 5.526190 6.382380
v -0.000007 19.112827 6.382381
v 0.782329 18.011644 6.382381
v 4.623029 18.014475 6.382381
v 5.243186 9.640696 6.198794
v 5.873140 9.574081 6.198794
v 4.845159 11.415598 6.198794
v 5.457768 11.750254 6.198794
v 11.788202 5.399596 6.198794
v 11.728602 5.596331 6.382380
v 9.617428 5.819641 6.198794
v 9.559289 6.016291 6.382380
v 8.139190 4.320939 6.198794
v 8.136187 4.566327 6.382380
v 6.447107 2.613110 6.198794
v 6.197960 2.611354 6.382380
v 9.682000 5.186856 6.198794
v 8.520314 4.001308 6.198794
v 8.139190 4.320939 6.198794
v 6.447107 2.613110 6.198794
v 9.369617 5.562769 6.198794
v 9.617428 5.819641 6.198794
v 1.261685 7.829177 6.198794
v 19.169334 0.857249 6.382380
v 17.986420 1.254153 6.382380
v 17.805111 1.430818 6.198794
v 17.840738 4.107641 6.198794
v 3.540849 0.000000 -1.790598
v 0.765550 0.000001 -5.075502
v -0.000008 0.000001 -6.389234
v 6.696711 0.000000 2.897833
v 6.682117 0.000001 3.888840
v 5.339057 0.000001 3.402493
v 7.204174 0.180637 -2.845888
v 7.266316 0.000000 -2.661319
v 2.767018 0.180637 -2.848424
v 2.688271 0.000000 -2.664859
v 7.167376 0.180637 -0.340456
v 6.294400 0.180637 0.817075
v 5.977658 0.180637 -1.609138
v 3.991905 0.180637 -1.597108
v 7.743557 0.180637 4.874673
v 9.197444 0.180637 3.801126
v 12.026399 0.180637 -1.168172
v 13.200948 0.180637 -1.158121
v 13.200946 0.180637 0.809953
v 7.020113 0.000001 6.382380
v -0.000008 7.021326 6.382380
v 5.355027 0.000001 4.362411
v -0.000008 5.354228 4.362409
v 0.181163 13.345890 4.211494
v 0.181163 12.000071 3.106230
v 0.181163 6.186506 4.216788
v 0.181163 6.186506 3.115497
v 18.719963 13.703930 6.382380
v 13.256213 11.177891 6.382380
v -0.000008 7.021326 6.382380
v 0.772698 11.937105 6.382380
v 0.796963 9.365183 6.382380
v 13.721438 18.595818 6.382381
v 7.132736 16.498709 6.198794
v 15.398922 11.132724 6.198794
v 13.253531 11.435856 6.198794
v 15.398922 11.132724 6.198794
v 15.388395 11.399674 6.382380
v 11.167190 15.373756 6.198794
v 11.437130 15.362494 6.382380
v 1.008029 7.830197 6.382380
v 6.070894 9.514047 6.382380
v 14.690091 0.901451 6.198794
v 17.840738 4.107641 6.198794
v 14.238128 0.710509 6.382380
v 18.029984 4.560849 6.382380
v 9.625352 13.897940 6.198794
v 19.169334 19.112827 6.382381
v 19.169336 19.112829 -6.389233
v -0.000007 19.112827 6.382381
v -0.000007 19.112827 -6.389233
v 17.639574 8.205318 6.382380
v 18.029984 4.560849 6.382380
v 0.181163 5.968468 1.528619
v 0.181163 6.049156 -2.277545
v 8.254212 17.491964 6.382380
v 6.294400 0.180637 0.817075
v 13.200946 0.180637 0.809953
v 6.215599 0.000000 1.002174
v 13.382712 0.000001 0.991626
v -0.000008 5.354228 4.362409
v 4.205751 5.264268 6.198794
v 3.435848 5.148200 6.198794
v 5.320351 4.148479 6.198794
v 5.204055 3.374865 6.198794
v 3.864862 5.576432 6.198794
v 5.631138 3.805093 6.198794
v 5.355027 0.000001 4.362411
v 2.767018 0.180637 -2.848424
v 7.204174 0.180637 -2.845888
v 9.280860 0.000001 3.614857
v 7.877171 1.194301 6.198794
v 14.996844 6.706415 6.198794
v 5.580869 4.149881 6.382380
v 6.682028 5.237021 6.382380
v 5.617393 9.326017 6.198794
v 10.262076 14.218355 6.382380
v 5.658566 11.689617 6.382380
v 6.768183 12.796135 6.382380
v 17.668144 12.489985 6.382380
v 12.579362 17.521584 6.382380
v 14.247686 10.221097 6.382380
v 0.181163 8.433451 -5.715596
v 0.181163 2.195090 -2.506160
v 0.181163 2.859377 -5.719502
v 0.181163 2.203350 -5.712375
v 6.215599 0.000000 1.002174
v 8.610942 0.000001 2.885321
v 10.902362 0.180637 -0.336270
v 8.537164 0.180637 3.088550
v 6.678261 5.489256 6.198794
v 7.028953 5.211902 6.198794
v 10.839897 0.000001 -0.523924
v 0.946102 0.180637 -4.895875
v 0.937976 0.180637 -4.764655
v 6.875648 0.180637 3.076901
v 6.866454 0.180636 3.822305
v 15.190994 17.196091 -6.389233
v 17.219336 15.167665 -6.389233
v 13.732783 15.718979 -6.389233
v 15.745164 13.701658 -6.389233
v 19.169336 19.112829 -6.389233
v 15.733636 11.789846 -6.389234
v 11.826270 15.708719 -6.389233
v 8.937619 12.975773 -6.389233
v 6.761538 15.227995 -6.389233
v 9.621349 13.641953 -6.389233
v 6.878071 16.508745 -6.389233
v 7.034895 4.961225 -6.389233
v 7.028953 5.211903 -6.218416
v 13.256212 11.177892 -6.389232
v 13.253531 11.435856 -6.218415
v 14.509542 10.226179 -6.218416
v 14.247684 10.221099 -6.389233
v 13.253531 11.435856 -6.218415
v 13.256212 11.177892 -6.389232
v 14.509542 10.226179 -6.218416
v 13.928060 9.582470 -6.218415
v 14.247684 10.221099 -6.389233
v 13.672678 9.578061 -6.389233
v 16.472206 6.873261 -6.389234
v 16.461857 7.138997 -6.218416
v 17.639576 8.205319 -6.389234
v 17.452503 8.277836 -6.218416
v 17.481304 12.561897 -6.218416
v 17.668142 12.489985 -6.389233
v 17.452503 8.277836 -6.218416
v 17.639576 8.205319 -6.389234
v 17.481304 12.561897 -6.218416
v 18.464640 13.689131 -6.218416
v 17.668142 12.489985 -6.389233
v 18.719965 13.703928 -6.389233
v 18.464640 13.689131 -6.218416
v 17.228159 14.918318 -6.218416
v 18.719965 13.703928 -6.389233
v 17.219336 15.167665 -6.389233
v 17.219336 15.167665 -6.389233
v 17.228159 14.918318 -6.218416
v 15.745164 13.701658 -6.389233
v 15.932383 13.624417 -6.218416
v 15.745164 13.701658 -6.389233
v 15.932383 13.624417 -6.218416
v 15.733636 11.789846 -6.389234
v 15.923131 11.720772 -6.218416
v 15.733636 11.789846 -6.389234
v 15.923131 11.720772 -6.218416
v 15.388396 11.399675 -6.389233
v 15.398922 11.132724 -6.218415
v 15.388396 11.399675 -6.389233
v 15.398922 11.132724 -6.218415
v 11.437130 15.362494 -6.389233
v 11.167189 15.373757 -6.218416
v 11.167189 15.373757 -6.218416
v 11.756018 15.898643 -6.218416
v 11.437130 15.362494 -6.389233
v 11.826270 15.708719 -6.389233
v 11.756018 15.898643 -6.218416
v 13.654841 15.907555 -6.218416
v 11.826270 15.708719 -6.389233
v 13.732783 15.718979 -6.389233
v 13.654841 15.907555 -6.218416
v 14.910284 17.173807 -6.218416
v 13.732783 15.718979 -6.389233
v 15.190994 17.196091 -6.389233
v 15.190994 17.196091 -6.389233
v 14.910284 17.173807 -6.218416
v 13.721438 18.595818 -6.389233
v 13.715714 18.332735 -6.218416
v 12.657034 17.332312 -6.218416
v 12.579362 17.521584 -6.389233
v 13.715714 18.332735 -6.218416
v 13.721438 18.595818 -6.389233
v 12.657034 17.332312 -6.218416
v 8.323495 17.307098 -6.218416
v 12.579362 17.521584 -6.389233
v 8.254213 17.491959 -6.389233
v 6.878071 16.508745 -6.389233
v 7.132736 16.498711 -6.218416
v 9.621349 13.641953 -6.389233
v 9.625352 13.897940 -6.218416
v 9.621349 13.641953 -6.389233
v 9.625352 13.897940 -6.218416
v 10.262075 14.218352 -6.389233
v 10.267478 14.477179 -6.218416
v 10.267478 14.477179 -6.218416
v 11.472941 13.221064 -6.218416
v 10.262075 14.218352 -6.389233
v 11.216087 13.224034 -6.389233
v 5.018488 6.981692 -6.389235
v 5.267575 6.978502 -6.218416
v 5.292639 6.630507 -6.389235
v 5.545274 6.625661 -6.218416
v 4.205751 5.264268 -6.218416
v 4.208666 5.526190 -6.389234
v 5.545274 6.625661 -6.218416
v 5.292639 6.630507 -6.389235
v 4.205751 5.264268 -6.218416
v 3.864863 5.576434 -6.218416
v 4.208666 5.526190 -6.389234
v 3.867361 5.832695 -6.389234
v 3.867361 5.832695 -6.389234
v 3.864863 5.576434 -6.218416
v 3.181408 5.148726 -6.389234
v 3.435848 5.148200 -6.218416
v 3.435848 5.148200 -6.218416
v 5.204056 3.374866 -6.218417
v 3.181408 5.148726 -6.389234
v 5.206029 3.118880 -6.389234
v 5.204056 3.374866 -6.218417
v 5.631138 3.805093 -6.218416
v 5.206029 3.118880 -6.389234
v 5.887793 3.809613 -6.389234
v 5.887793 3.809613 -6.389234
v 5.631138 3.805093 -6.218416
v 5.580869 4.149880 -6.389234
v 5.320351 4.148479 -6.218416
v 6.678261 5.489254 -6.218416
v 7.028953 5.211903 -6.218416
v 6.682028 5.237021 -6.389233
v 7.034895 4.961225 -6.389233
v 13.011886 8.635721 -6.218416
v 13.009344 8.885453 -6.389232
v 14.996842 6.706415 -6.218416
v 15.248397 6.709735 -6.389234
v 11.870744 7.710233 -6.389233
v 12.119989 7.714163 -6.218416
v 12.838545 6.716977 -6.389234
v 13.087449 6.718649 -6.218416
v 9.617428 5.819641 -6.218416
v 9.369617 5.562769 -6.218416
v 9.559291 6.016292 -6.389234
v 9.122459 5.564543 -6.389233
v 9.122459 5.564543 -6.389233
v 9.369617 5.562769 -6.218416
v 9.438785 5.188366 -6.389234
v 9.682000 5.186856 -6.218416
v 9.438785 5.188366 -6.389234
v 9.682000 5.186856 -6.218416
v 8.516044 4.250327 -6.389233
v 8.520315 4.001311 -6.218417
v 8.520315 4.001311 -6.218417
v 8.139190 4.320939 -6.218416
v 8.516044 4.250327 -6.389233
v 8.136189 4.566328 -6.389234
v 8.139190 4.320939 -6.218416
v 6.447108 2.613110 -6.218416
v 8.136189 4.566328 -6.389234
v 6.197961 2.611353 -6.389234
v 6.447108 2.613110 -6.218416
v 7.877171 1.194301 -6.218416
v 6.197961 2.611353 -6.389234
v 7.879138 0.941801 -6.389234
v 11.453048 4.790206 -6.218416
v 12.726995 4.402552 -6.218416
v 11.503130 4.583355 -6.389233
v 12.776394 4.195954 -6.389233
v 15.248397 6.709735 -6.389234
v 12.776394 4.195954 -6.389233
v 14.996842 6.706415 -6.218416
v 12.726995 4.402552 -6.218416
v 11.550361 2.651262 -6.218416
v 9.832667 0.901493 -6.218416
v 11.546169 2.903479 -6.389234
v 9.378243 0.712718 -6.389234
v 11.899601 0.889688 -6.218416
v 11.973960 0.702790 -6.389234
v 9.832667 0.901493 -6.218416
v 9.378243 0.712718 -6.389234
v 11.899601 0.889688 -6.218416
v 12.662360 1.621058 -6.218416
v 11.973960 0.702790 -6.389234
v 12.925342 1.623079 -6.389234
v 11.550361 2.651262 -6.218416
v 11.546169 2.903479 -6.389234
v 12.662360 1.621058 -6.218416
v 12.925342 1.623079 -6.389234
v 16.988060 1.375451 -6.218416
v 17.172119 1.197612 -6.389234
v 16.957832 0.896468 -6.218416
v 17.138451 0.714744 -6.389234
v 16.988060 1.375451 -6.218416
v 17.805111 1.430819 -6.218416
v 17.172119 1.197612 -6.389234
v 17.986420 1.254153 -6.389234
v 18.029984 4.560849 -6.389234
v 17.986420 1.254153 -6.389234
v 17.840738 4.107643 -6.218416
v 17.805111 1.430819 -6.218416
v 4.845159 11.415596 -6.218416
v 4.632936 11.467720 -6.389233
v 4.460904 12.693645 -6.218415
v 4.250597 12.745173 -6.389233
v 1.261685 7.829178 -6.218416
v 2.676409 6.394981 -6.218416
v 1.008029 7.830197 -6.389234
v 2.675083 6.139993 -6.389233
v 4.630059 8.088627 -6.389232
v 4.379237 8.091932 -6.218415
v 4.317608 8.469767 -6.389234
v 4.061167 8.472236 -6.218416
v 4.061167 8.472236 -6.218416
v 5.243186 9.640696 -6.218416
v 4.317608 8.469767 -6.389234
v 5.244179 9.386513 -6.389232
v 5.243186 9.640696 -6.218416
v 5.617393 9.326017 -6.218415
v 5.244179 9.386513 -6.389232
v 5.618720 9.074127 -6.389233
v 5.873141 9.574080 -6.218416
v 6.070894 9.514047 -6.389233
v 5.617393 9.326017 -6.218415
v 5.618720 9.074127 -6.389233
v 5.658566 11.689618 -6.389234
v 5.457766 11.750253 -6.218415
v 6.768182 12.796135 -6.389233
v 6.770276 13.056458 -6.218416
v 6.770276 13.056458 -6.218416
v 7.762516 12.084496 -6.218415
v 6.768182 12.796135 -6.389233
v 7.756979 11.829206 -6.389233
v 7.756979 11.829206 -6.389233
v 7.762516 12.084496 -6.218415
v 8.937619 12.975773 -6.389233
v 8.681401 12.978964 -6.218416
v 6.761538 15.227995 -6.389233
v 8.937619 12.975773 -6.389233
v 6.757683 14.969688 -6.218416
v 8.681401 12.978964 -6.218416
v 2.714455 11.513110 -6.218415
v 1.687245 12.628287 -6.218416
v 2.965912 11.507852 -6.389233
v 1.689996 12.892533 -6.389233
v 0.958601 11.864002 -6.218416
v 0.772698 11.937106 -6.389234
v 1.687245 12.628287 -6.218416
v 1.689996 12.892533 -6.389233
v 0.958601 11.864002 -6.218416
v 0.973371 9.791014 -6.218415
v 0.772698 11.937106 -6.389234
v 0.796962 9.365553 -6.389233
v 2.714455 11.513110 -6.218415
v 2.965912 11.507852 -6.389233
v 0.973371 9.791014 -6.218415
v 0.796962 9.365553 -6.389233
v 0.962631 17.831617 -6.218416
v 0.782330 18.011642 -6.389233
v 4.174578 17.829796 -6.218416
v 4.623029 18.014475 -6.389233
v 0.962631 17.831617 -6.218416
v 0.969723 14.662727 -6.218416
v 0.782330 18.011642 -6.389233
v 0.794689 14.240080 -6.389233
v 0.969723 14.662727 -6.218416
v 4.174578 17.829796 -6.218416
v 0.794689 14.240080 -6.389233
v 4.623029 18.014475 -6.389233
v 19.169334 0.857249 -6.389234
v 17.530556 0.857249 -6.389234
v 17.986420 1.254153 -6.389234
v 14.690091 0.901451 -6.218416
v 14.238128 0.710507 -6.389234
v 17.840738 4.107643 -6.218416
v 18.029984 4.560849 -6.389234
v 12.925342 1.623079 -6.389234
v 11.546169 2.903479 -6.389234
v 12.776394 4.195954 -6.389233
v 9.378243 0.712718 -6.389234
v 7.879138 0.941801 -6.389234
v 0.794689 14.240080 -6.389233
v 4.250597 12.745173 -6.389233
v 1.689996 12.892533 -6.389233
v 4.208666 5.526190 -6.389234
v 3.867361 5.832695 -6.389234
v 5.292639 6.630507 -6.389235
v 5.018488 6.981692 -6.389235
v 4.630059 8.088627 -6.389232
v 4.317608 8.469767 -6.389234
v 5.618720 9.074127 -6.389233
v 5.244179 9.386513 -6.389232
v 12.662360 1.621058 -6.218416
v 11.899601 0.889688 -6.218416
v 11.550361 2.651262 -6.218416
v 9.832667 0.901493 -6.218416
v 16.988060 1.375451 -6.218416
v 16.957832 0.896468 -6.218416
v 14.690091 0.901451 -6.218416
v 0.973371 9.791014 -6.218415
v 0.958601 11.864002 -6.218416
v 2.714455 11.513110 -6.218415
v 1.687245 12.628287 -6.218416
v 0.962631 17.831617 -6.218416
v 4.174578 17.829796 -6.218416
v 0.969723 14.662727 -6.218416
v 16.472206 6.873261 -6.389234
v 13.672678 9.578061 -6.389233
v 16.461857 7.138997 -6.218416
v 13.928060 9.582470 -6.218415
v 8.323495 17.307098 -6.218416
v 7.132736 16.498711 -6.218416
v 8.254213 17.491959 -6.389233
v 6.878071 16.508745 -6.389233
v 5.018488 6.981692 -6.389235
v 11.216087 13.224034 -6.389233
v 5.267575 6.978502 -6.218416
v 11.472941 13.221064 -6.218416
v 6.682028 5.237021 -6.389233
v 5.580869 4.149880 -6.389234
v 6.678261 5.489254 -6.218416
v 5.320351 4.148479 -6.218416
v 11.788202 5.399596 -6.218416
v 9.617428 5.819641 -6.218416
v 11.728602 5.596332 -6.389233
v 9.559291 6.016292 -6.389234
v 11.453048 4.790206 -6.218416
v 11.503130 4.583355 -6.389233
v 7.877171 1.194301 -6.218416
v 7.879138 0.941801 -6.389234
v 16.957832 0.896468 -6.218416
v 17.138451 0.714744 -6.389234
v 14.690091 0.901451 -6.218416
v 14.238128 0.710507 -6.389234
v 1.008029 7.830197 -6.389234
v 4.632936 11.467720 -6.389233
v 1.261685 7.829178 -6.218416
v 4.845159 11.415596 -6.218416
v 4.379237 8.091932 -6.218415
v 4.630059 8.088627 -6.389232
v 2.676409 6.394981 -6.218416
v 2.675083 6.139993 -6.389233
v 5.457766 11.750253 -6.218415
v 5.658566 11.689618 -6.389234
v 5.873141 9.574080 -6.218416
v 6.070894 9.514047 -6.389233
v 4.460904 12.693645 -6.218415
v 4.250597 12.745173 -6.389233
v 6.757683 14.969688 -6.218416
v 6.761538 15.227995 -6.389233
v 13.715714 18.332735 -6.218416
v 14.910284 17.173807 -6.218416
v 12.657034 17.332312 -6.218416
v 5.873141 9.574080 -6.218416
v 5.617393 9.326017 -6.218415
v 5.243186 9.640696 -6.218416
v 9.682000 5.186856 -6.218416
v 9.369617 5.562769 -6.218416
v 9.617428 5.819641 -6.218416
v 6.768182 12.796135 -6.389233
v 7.756979 11.829206 -6.389233
v 5.658566 11.689618 -6.389234
v 6.070894 9.514047 -6.389233
v 11.728602 5.596332 -6.389233
v 12.838545 6.716977 -6.389234
v 11.788202 5.399596 -6.218416
v 13.087449 6.718649 -6.218416
v -0.000007 19.112827 -6.389233
v 13.721438 18.595818 -6.389233
v 2.675083 6.139993 -6.389233
v 5.545274 6.625661 -6.218416
v 6.678261 5.489254 -6.218416
v 4.205751 5.264268 -6.218416
v 5.320351 4.148479 -6.218416
v 0.967672 0.895914 -6.218416
v 5.906014 0.895052 -6.218416
v 0.788340 0.713763 -6.389234
v 6.355482 0.705680 -6.389234
v 0.966878 5.842527 -6.218416
v 5.906014 0.895052 -6.218416
v 0.967672 0.895914 -6.218416
v 0.966878 5.842527 -6.218416
v 0.779180 6.288994 -6.389234
v 5.906014 0.895052 -6.218416
v 6.355482 0.705680 -6.389234
v 0.967672 0.895914 -6.218416
v 0.788340 0.713763 -6.389234
v 0.966878 5.842527 -6.218416
v 0.779180 6.288994 -6.389234
v 6.355482 0.705680 -6.389234
v 11.503130 4.583355 -6.389233
v 6.197961 2.611353 -6.389234
v 5.206029 3.118880 -6.389234
v 0.779180 6.288994 -6.389234
v 3.181408 5.148726 -6.389234
v 1.008029 7.830197 -6.389234
v 0.796962 9.365553 -6.389233
v 3.435848 5.148200 -6.218416
v 3.864863 5.576434 -6.218416
v 5.204056 3.374866 -6.218417
v 5.631138 3.805093 -6.218416
v 12.119989 7.714163 -6.218416
v 11.870744 7.710233 -6.389233
v 13.011886 8.635721 -6.218416
v 13.009344 8.885453 -6.389232
v 17.172119 1.197612 -6.389234
v 17.138451 0.714744 -6.389234
v 11.973960 0.702790 -6.389234
v 17.530556 0.000001 -6.389234
v -0.000008 0.000001 -6.389234
v 18.029984 4.560849 -6.389234
v 14.238128 0.710507 -6.389234
v 16.472206 6.873261 -6.389234
v 17.639576 8.205319 -6.389234
v 18.719965 13.703928 -6.389233
v 15.388396 11.399675 -6.389233
v 11.437130 15.362494 -6.389233
v 13.672678 9.578061 -6.389233
v 13.009344 8.885453 -6.389232
v 13.256212 11.177892 -6.389232
v 14.247684 10.221099 -6.389233
v 11.870744 7.710233 -6.389233
v 12.838545 6.716977 -6.389234
v 11.728602 5.596332 -6.389233
v 9.559291 6.016292 -6.389234
v 7.034895 4.961225 -6.389233
v 8.516044 4.250327 -6.389233
v 8.136189 4.566328 -6.389234
v 9.438785 5.188366 -6.389234
v 9.122459 5.564543 -6.389233
v 8.520315 4.001311 -6.218417
v 7.877171 1.194301 -6.218416
v 6.447108 2.613110 -6.218416
v 8.139190 4.320939 -6.218416
v 11.788202 5.399596 -6.218416
v 11.453048 4.790206 -6.218416
v 12.726995 4.402552 -6.218416
v 13.087449 6.718649 -6.218416
v 14.996842 6.706415 -6.218416
v 13.011886 8.635721 -6.218416
v 12.119989 7.714163 -6.218416
v 17.840738 4.107643 -6.218416
v 17.805111 1.430819 -6.218416
v 15.248397 6.709735 -6.389234
v 0.772698 11.937106 -6.389234
v 4.632936 11.467720 -6.389233
v 2.965912 11.507852 -6.389233
v 5.457766 11.750253 -6.218415
v 4.845159 11.415596 -6.218416
v 4.460904 12.693645 -6.218415
v 4.061167 8.472236 -6.218416
v 6.770276 13.056458 -6.218416
v 6.757683 14.969688 -6.218416
v 8.681401 12.978964 -6.218416
v 7.762516 12.084496 -6.218415
v 11.216087 13.224034 -6.389233
v 10.262075 14.218352 -6.389233
v 0.782330 18.011642 -6.389233
v 0.788340 0.713763 -6.389234
v 4.623029 18.014475 -6.389233
v 8.254213 17.491959 -6.389233
v 10.267478 14.477179 -6.218416
v 11.167189 15.373757 -6.218416
v 11.472941 13.221064 -6.218416
v 13.253531 11.435856 -6.218415
v 15.398922 11.132724 -6.218415
v 14.509542 10.226179 -6.218416
v 17.452503 8.277836 -6.218416
v 5.267575 6.978502 -6.218416
v 7.028953 5.211903 -6.218416
v 17.668142 12.489985 -6.389233
v 16.461857 7.138997 -6.218416
v 13.928060 9.582470 -6.218415
v 15.923131 11.720772 -6.218416
v 17.481304 12.561897 -6.218416
v 15.932383 13.624417 -6.218416
v 17.228159 14.918318 -6.218416
v 13.654841 15.907555 -6.218416
v 11.756018 15.898643 -6.218416
v 7.132736 16.498711 -6.218416
v 8.323495 17.307098 -6.218416
v 9.625352 13.897940 -6.218416
v 18.464640 13.689131 -6.218416
v 12.579362 17.521584 -6.389233
v 2.676409 6.394981 -6.218416
v 4.379237 8.091932 -6.218415
v 1.261685 7.829178 -6.218416
v 5.580869 4.149880 -6.389234
v 6.682028 5.237021 -6.389233
v 5.887793 3.809613 -6.389234
v 8.537164 0.180637 3.088550
v 6.875648 0.180637 3.076901
v 8.610942 0.000001 2.885321
v 6.696711 0.000000 2.897833
v -0.000007 -5.354225 4.362410
v 5.355026 0.000002 4.362412
v -0.000007 -5.338247 3.402495
v 5.339056 0.000003 3.402494
v 17.530558 -0.857247 6.382381
v 19.169338 -0.857244 6.382381
v 17.530558 -0.857247 -6.389233
v 19.169338 -0.857245 -6.389233
v 17.530556 0.000002 6.382381
v 17.530558 -0.857247 6.382381
v 17.530556 0.000002 -6.389233
v 17.530558 -0.857247 -6.389233
v -0.000008 0.000003 -2.155419
v -0.000007 -5.338247 3.402495
v 5.339056 0.000003 3.402494
v -0.000007 -13.889333 4.402434
v -0.000007 -12.074584 2.921260
v -0.000008 -15.658673 4.170960
v -0.000007 -15.656178 -5.260059
v -0.000008 -12.495394 -3.727143
v -0.000007 -12.502398 -5.891194
v -0.000008 -10.157802 1.705488
v -0.000008 -8.420606 1.710031
v -0.000008 -6.004827 2.936385
v -0.000008 -6.006871 4.397960
v -0.000008 -7.021323 6.382380
v -0.000009 -19.112822 6.382382
v -0.000007 -17.633829 4.172025
v -0.000009 -19.112822 -6.389232
v -0.000007 -17.642569 -3.192500
v -0.000007 -5.338247 3.402495
v -0.000008 -2.011110 -2.433555
v -0.000008 0.000003 -2.155419
v -0.000008 -2.019711 -5.892377
v -0.000007 0.000003 -6.389233
v -0.000008 -8.318709 -5.895972
v 0.181163 -12.322982 -5.712335
v 0.181163 -12.316203 -3.908360
v 0.181163 -10.984670 -3.884249
v 0.181163 -10.463693 1.517782
v 0.181164 -12.309949 -2.259121
v 0.181163 -12.066482 1.524739
v 0.181163 -13.882890 -2.252131
v -0.000008 -12.495394 -3.727143
v 0.181163 -12.316203 -3.908360
v -0.000007 -12.502398 -5.891194
v 0.181163 -12.322982 -5.712335
v 0.181163 -10.984670 -3.884249
v 0.181163 -12.316203 -3.908360
v -0.000008 -11.101336 -3.696705
v -0.000008 -12.495394 -3.727143
v -0.000008 -8.420606 1.710031
v 0.181163 -8.306108 1.524807
v -0.000008 -11.101336 -3.696705
v 0.181163 -10.984670 -3.884249
v -0.000008 -8.420606 1.710031
v -0.000008 -5.886544 1.715092
v 0.181163 -8.306108 1.524807
v 0.181163 -5.968466 1.528621
v -0.000008 -5.886544 1.715092
v -0.000008 -2.011110 -2.433555
v 0.181163 -5.968466 1.528621
v 0.181163 -2.195087 -2.506159
v -0.000008 -2.019711 -5.892377
v 0.181163 -2.203347 -5.712374
v -0.000008 -2.011110 -2.433555
v 0.181163 -2.195087 -2.506159
v 0.181163 -2.859374 -5.719501
v 0.181163 -2.203347 -5.712374
v -0.000008 -2.941164 -5.905434
v -0.000008 -2.019711 -5.892377
v 0.181163 -6.799541 -2.284426
v 0.181163 -6.049153 -2.277544
v -0.000008 -6.683056 -2.467550
v -0.000008 -6.130894 -2.463944
v 0.181163 -8.433446 -5.715597
v -0.000008 -8.318709 -5.895972
v 0.181163 -12.322982 -5.712335
v -0.000007 -12.502398 -5.891194
v 0.181164 -12.309949 -2.259121
v -0.000008 -12.192660 -2.444587
v 0.181163 -13.882890 -2.252131
v -0.000007 -14.182454 -2.443056
v 0.181163 -12.066482 1.524739
v 0.181163 -13.882890 -2.252131
v -0.000007 -12.179771 1.705264
v -0.000007 -14.182454 -2.443056
v 0.181163 -12.066482 1.524739
v -0.000007 -12.179771 1.705264
v 0.181163 -10.463693 1.517782
v -0.000008 -10.157802 1.705488
v -0.000008 -10.157802 1.705488
v -0.000008 -12.192660 -2.444587
v 0.181163 -10.463693 1.517782
v 0.181164 -12.309949 -2.259121
v 0.181163 -17.458664 -3.118709
v 0.181164 -15.846606 -4.784957
v -0.000007 -17.642569 -3.192500
v -0.000007 -15.656178 -5.260059
v -0.000007 -17.633829 4.172025
v 0.181163 -17.450581 3.989081
v -0.000007 -17.642569 -3.192500
v 0.181163 -17.458664 -3.118709
v 0.181164 -15.841520 3.989081
v 0.181163 -17.450581 3.989081
v -0.000008 -15.658673 4.170960
v -0.000007 -17.633829 4.172025
v 0.181164 -15.841520 3.989081
v -0.000008 -15.658673 4.170960
v 0.181164 -15.846606 -4.784957
v -0.000007 -15.656178 -5.260059
v -0.000007 -13.889333 4.402434
v -0.000008 -6.006871 4.397960
v 0.181164 -13.345883 4.211495
v 0.181163 -6.186503 4.216788
v 0.181163 -12.000070 3.106231
v 0.181163 -6.186503 3.115498
v -0.000007 -12.074584 2.921260
v -0.000008 -6.004827 2.936385
v 0.181163 -6.799541 -2.284426
v 0.181163 -8.306108 1.524807
v -0.000008 -5.886544 1.715092
v 0.181163 -17.450581 3.989081
v 0.181164 -15.841520 3.989081
v 0.181163 -17.458664 -3.118709
v 0.181164 -15.846606 -4.784957
v 19.169338 -0.857245 -6.389233
v 19.169338 -0.857244 6.382381
v 19.169338 -19.112822 -6.389232
v 19.169338 -19.112822 6.382382
v -0.000008 -12.192660 -2.444587
v -0.000008 -11.101336 -3.696705
v 15.745163 -13.701653 6.382382
v 13.732784 -15.718973 6.382382
v 17.219341 -15.167664 6.382382
v 15.190994 -17.196079 6.382382
v 12.776395 -4.195951 6.382381
v 12.925342 -1.623076 6.382381
v 11.546169 -2.903476 6.382381
v 13.009344 -8.885448 6.382381
v 13.672681 -9.578057 6.382382
v 15.248397 -6.709731 6.382382
v 16.472206 -6.873259 6.382380
v 9.378243 -0.712715 6.382381
v 7.020111 0.000002 6.382381
v 7.879139 -0.941798 6.382381
v 11.728602 -5.596330 6.382381
v 11.870746 -7.710233 6.382381
v 12.838544 -6.716973 6.382380
v 6.197960 -2.611351 6.382381
v 5.887794 -3.809610 6.382381
v 7.034895 -4.961223 6.382381
v 8.136188 -4.566325 6.382381
v 9.122460 -5.564540 6.382381
v 11.503471 -4.584803 6.382381
v 8.516044 -4.250325 6.382381
v 9.438785 -5.188363 6.382381
v 2.965911 -11.507849 6.382382
v 4.250597 -12.745171 6.382382
v 4.632935 -11.467718 6.382382
v 1.689996 -12.892528 6.382382
v 0.794689 -14.240073 6.382382
v 8.937617 -12.975766 6.382382
v 6.761537 -15.227986 6.382382
v 9.621348 -13.641948 6.382382
v 6.878069 -16.508738 6.382382
v 11.216089 -13.224028 6.382382
v 7.756978 -11.829202 6.382382
v 2.675083 -6.139990 6.382381
v 3.867361 -5.832692 6.382381
v 3.181408 -5.148724 6.382381
v 4.630058 -8.088624 6.382382
v 4.317607 -8.469761 6.382382
v 5.618720 -9.074122 6.382382
v 5.244179 -9.386510 6.382382
v 11.437130 -15.362488 6.382382
v 11.826269 -15.708717 6.382382
v 11.472943 -13.221059 6.198796
v 5.545274 -6.625658 6.198794
v 5.267575 -6.978498 6.198795
v 12.662360 -1.621054 6.198795
v 11.899601 -0.889684 6.198795
v 11.550361 -2.651258 6.198795
v 9.832667 -0.901489 6.198795
v 16.957830 -0.896466 6.198795
v 14.690091 -0.901449 6.198795
v 16.988064 -1.375446 6.198795
v 0.973371 -9.791011 6.198796
v 0.958600 -11.863998 6.198796
v 2.714455 -11.513108 6.198796
v 1.687244 -12.628284 6.198796
v 0.969723 -14.662721 6.198796
v 0.962631 -17.831610 6.198796
v 4.174578 -17.829788 6.198796
v 13.253531 -11.435854 6.198796
v 13.256211 -11.177888 6.382382
v 7.028953 -5.211900 6.198795
v 7.034895 -4.961223 6.382381
v 13.256211 -11.177888 6.382382
v 13.253531 -11.435854 6.198796
v 14.247684 -10.221098 6.382382
v 14.509542 -10.226178 6.198796
v 13.672681 -9.578057 6.382382
v 14.247684 -10.221098 6.382382
v 13.928060 -9.582467 6.198796
v 14.509542 -10.226178 6.198796
v 13.928060 -9.582467 6.198796
v 16.461857 -7.138996 6.198796
v 13.672681 -9.578057 6.382382
v 16.472206 -6.873259 6.382380
v 17.452503 -8.277833 6.198795
v 17.639574 -8.205314 6.382382
v 16.461857 -7.138996 6.198796
v 16.472206 -6.873259 6.382380
v 17.639574 -8.205314 6.382382
v 17.452503 -8.277833 6.198795
v 17.668140 -12.489982 6.382382
v 17.481308 -12.561893 6.198796
v 18.719961 -13.703922 6.382382
v 17.668140 -12.489982 6.382382
v 18.464642 -13.689120 6.198796
v 17.481308 -12.561893 6.198796
v 18.464642 -13.689120 6.198796
v 17.228157 -14.918310 6.198796
v 18.719961 -13.703922 6.382382
v 17.219341 -15.167664 6.382382
v 15.932382 -13.624412 6.198796
v 15.745163 -13.701653 6.382382
v 17.228157 -14.918310 6.198796
v 17.219341 -15.167664 6.382382
v 15.656581 -11.699311 6.382382
v 15.820729 -11.583081 6.198796
v 15.388395 -11.399673 6.382382
v 15.398924 -11.132721 6.198796
v 11.826269 -15.708717 6.382382
v 11.437130 -15.362488 6.382382
v 11.756017 -15.898639 6.198796
v 11.167190 -15.373754 6.198796
v 13.732784 -15.718973 6.382382
v 11.826269 -15.708717 6.382382
v 13.654840 -15.907552 6.198796
v 11.756017 -15.898639 6.198796
v 15.190994 -17.196079 6.382382
v 13.732784 -15.718973 6.382382
v 14.910283 -17.173801 6.198796
v 13.654840 -15.907552 6.198796
v 13.715714 -18.332731 6.198796
v 13.721440 -18.595814 6.382382
v 14.910283 -17.173801 6.198796
v 15.190994 -17.196079 6.382382
v 12.657032 -17.332304 6.198796
v 12.579361 -17.521574 6.382382
v 13.715714 -18.332731 6.198796
v 13.721440 -18.595814 6.382382
v 8.254212 -17.491957 6.382382
v 12.579361 -17.521574 6.382382
v 8.323495 -17.307095 6.198796
v 12.657032 -17.332304 6.198796
v 6.878069 -16.508738 6.382382
v 7.132734 -16.498701 6.198796
v 7.132734 -16.498701 6.198796
v 9.625354 -13.897935 6.198796
v 6.878069 -16.508738 6.382382
v 9.621348 -13.641948 6.382382
v 10.267481 -14.477171 6.198796
v 10.262076 -14.218349 6.382382
v 9.625354 -13.897935 6.198796
v 9.621348 -13.641948 6.382382
v 11.216089 -13.224028 6.382382
v 10.262076 -14.218349 6.382382
v 11.472943 -13.221059 6.198796
v 10.267481 -14.477171 6.198796
v 5.018488 -6.981690 6.382381
v 11.216089 -13.224028 6.382382
v 5.267575 -6.978498 6.198795
v 11.472943 -13.221059 6.198796
v 5.545274 -6.625658 6.198794
v 5.292638 -6.630506 6.382380
v 5.267575 -6.978498 6.198795
v 5.018488 -6.981690 6.382381
v 4.205751 -5.264265 6.198795
v 4.208665 -5.526188 6.382381
v 5.545274 -6.625658 6.198794
v 5.292638 -6.630506 6.382380
v 3.867361 -5.832692 6.382381
v 4.208665 -5.526188 6.382381
v 3.864862 -5.576431 6.198795
v 4.205751 -5.264265 6.198795
v 3.435848 -5.148197 6.198795
v 3.181408 -5.148724 6.382381
v 3.864862 -5.576431 6.198795
v 3.867361 -5.832692 6.382381
v 5.206029 -3.118876 6.382381
v 3.181408 -5.148724 6.382381
v 5.204056 -3.374863 6.198795
v 3.435848 -5.148197 6.198795
v 5.887794 -3.809610 6.382381
v 5.206029 -3.118876 6.382381
v 5.631138 -3.805089 6.198795
v 5.204056 -3.374863 6.198795
v 5.887794 -3.809610 6.382381
v 5.631138 -3.805089 6.198795
v 5.580868 -4.149878 6.382381
v 5.320350 -4.148477 6.198795
v 6.682027 -5.237019 6.382381
v 5.580868 -4.149878 6.382381
v 6.678260 -5.489251 6.198795
v 5.320350 -4.148477 6.198795
v 7.034895 -4.961223 6.382381
v 6.682027 -5.237019 6.382381
v 7.028953 -5.211900 6.198795
v 6.678260 -5.489251 6.198795
v 13.011886 -8.635718 6.198795
v 13.009344 -8.885448 6.382381
v 14.996842 -6.706414 6.198796
v 15.248397 -6.709731 6.382382
v 12.119991 -7.714163 6.198796
v 11.870746 -7.710233 6.382381
v 13.011886 -8.635718 6.198795
v 13.009344 -8.885448 6.382381
v 11.870746 -7.710233 6.382381
v 12.119991 -7.714163 6.198796
v 12.838544 -6.716973 6.382380
v 13.087447 -6.718647 6.198796
v 11.728602 -5.596330 6.382381
v 12.838544 -6.716973 6.382380
v 11.788203 -5.399592 6.198795
v 13.087447 -6.718647 6.198796
v 9.122460 -5.564540 6.382381
v 9.559288 -6.016289 6.382381
v 9.369617 -5.562766 6.198795
v 9.617425 -5.819637 6.198795
v 9.122460 -5.564540 6.382381
v 9.369617 -5.562766 6.198795
v 9.438785 -5.188363 6.382381
v 9.682001 -5.186852 6.198795
v 9.438785 -5.188363 6.382381
v 9.682001 -5.186852 6.198795
v 8.516044 -4.250325 6.382381
v 8.520315 -4.001307 6.198795
v 8.136188 -4.566325 6.382381
v 8.516044 -4.250325 6.382381
v 8.139190 -4.320935 6.198795
v 8.520315 -4.001307 6.198795
v 6.447107 -2.613107 6.198795
v 7.877171 -1.194298 6.198795
v 6.197960 -2.611351 6.382381
v 7.879139 -0.941798 6.382381
v 7.879139 -0.941798 6.382381
v 7.877171 -1.194298 6.198795
v 11.503471 -4.584803 6.382381
v 11.453591 -4.777610 6.198795
v 12.776395 -4.195951 6.382381
v 11.503471 -4.584803 6.382381
v 12.726995 -4.402551 6.198795
v 11.453591 -4.777610 6.198795
v 15.248397 -6.709731 6.382382
v 12.776395 -4.195951 6.382381
v 14.996842 -6.706414 6.198796
v 12.726995 -4.402551 6.198795
v 9.378243 -0.712715 6.382381
v 11.546169 -2.903476 6.382381
v 9.832667 -0.901489 6.198795
v 11.550361 -2.651258 6.198795
v 11.899601 -0.889684 6.198795
v 11.973960 -0.702787 6.382381
v 9.832667 -0.901489 6.198795
v 9.378243 -0.712715 6.382381
v 12.925342 -1.623076 6.382381
v 11.973960 -0.702787 6.382381
v 12.662360 -1.621054 6.198795
v 11.899601 -0.889684 6.198795
v 11.550361 -2.651258 6.198795
v 11.546169 -2.903476 6.382381
v 12.662360 -1.621054 6.198795
v 12.925342 -1.623076 6.382381
v 16.957830 -0.896466 6.198795
v 17.138456 -0.714740 6.382381
v 14.690091 -0.901449 6.198795
v 14.238127 -0.710504 6.382381
v 16.988064 -1.375446 6.198795
v 17.172119 -1.197608 6.382381
v 16.957830 -0.896466 6.198795
v 17.138456 -0.714740 6.382381
v 17.986420 -1.254150 6.382381
v 17.172119 -1.197608 6.382381
v 17.805111 -1.430817 6.198795
v 16.988064 -1.375446 6.198795
v 18.029984 -4.560846 6.382381
v 17.986420 -1.254150 6.382381
v 17.840738 -4.107641 6.198795
v 17.805111 -1.430817 6.198795
v 4.845158 -11.415593 6.198796
v 4.632935 -11.467718 6.382382
v 4.460902 -12.693643 6.198796
v 4.250597 -12.745171 6.382382
v 1.008029 -7.830194 6.382382
v 4.632935 -11.467718 6.382382
v 1.261685 -7.829176 6.198796
v 4.845158 -11.415593 6.198796
v 1.261685 -7.829176 6.198796
v 2.676409 -6.394979 6.198795
v 1.008029 -7.830194 6.382382
v 2.675083 -6.139990 6.382381
v 2.675083 -6.139990 6.382381
v 2.676409 -6.394979 6.198795
v 4.630058 -8.088624 6.382382
v 4.379236 -8.091929 6.198796
v 4.061166 -8.472234 6.198795
v 4.317607 -8.469761 6.382382
v 4.379236 -8.091929 6.198796
v 4.630058 -8.088624 6.382382
v 5.244179 -9.386510 6.382382
v 4.317607 -8.469761 6.382382
v 5.243184 -9.640691 6.198796
v 4.061166 -8.472234 6.198795
v 5.618720 -9.074122 6.382382
v 5.244179 -9.386510 6.382382
v 5.617392 -9.326015 6.198796
v 5.243184 -9.640691 6.198796
v 5.618720 -9.074122 6.382382
v 5.617392 -9.326015 6.198796
v 6.070893 -9.514044 6.382382
v 5.873140 -9.574079 6.198796
v 6.070893 -9.514044 6.382382
v 5.873140 -9.574079 6.198796
v 5.658566 -11.689614 6.382382
v 5.457767 -11.750250 6.198796
v 6.770277 -13.056456 6.198796
v 6.768183 -12.796133 6.382382
v 5.457767 -11.750250 6.198796
v 5.658566 -11.689614 6.382382
v 7.756978 -11.829202 6.382382
v 6.768183 -12.796133 6.382382
v 7.762518 -12.084494 6.198796
v 6.770277 -13.056456 6.198796
v 8.681401 -12.978959 6.198796
v 8.937617 -12.975766 6.382382
v 7.762518 -12.084494 6.198796
v 7.756978 -11.829202 6.382382
v 8.681401 -12.978959 6.198796
v 6.757682 -14.969682 6.198796
v 8.937617 -12.975766 6.382382
v 6.761537 -15.227986 6.382382
v 6.761537 -15.227986 6.382382
v 6.757682 -14.969682 6.198796
v 4.250597 -12.745171 6.382382
v 4.460902 -12.693643 6.198796
v 2.714455 -11.513108 6.198796
v 1.687244 -12.628284 6.198796
v 2.965911 -11.507849 6.382382
v 1.689996 -12.892528 6.382382
v 0.958600 -11.863998 6.198796
v 0.772698 -11.937104 6.382382
v 1.687244 -12.628284 6.198796
v 1.689996 -12.892528 6.382382
v 0.796963 -9.365180 6.382382
v 0.772698 -11.937104 6.382382
v 0.973371 -9.791011 6.198796
v 0.958600 -11.863998 6.198796
v 2.714455 -11.513108 6.198796
v 2.965911 -11.507849 6.382382
v 0.973371 -9.791011 6.198796
v 0.796963 -9.365180 6.382382
v 4.623030 -18.014471 6.382382
v 4.174578 -17.829788 6.198796
v 0.782329 -18.011637 6.382382
v 0.962631 -17.831610 6.198796
v 0.794689 -14.240073 6.382382
v 0.782329 -18.011637 6.382382
v 0.969723 -14.662721 6.198796
v 0.962631 -17.831610 6.198796
v 11.167190 -15.373754 6.198796
v 10.267481 -14.477171 6.198796
v 13.928060 -9.582467 6.198796
v 14.509542 -10.226178 6.198796
v 16.461857 -7.138996 6.198796
v 17.452503 -8.277833 6.198795
v 15.932382 -13.624412 6.198796
v 17.481308 -12.561893 6.198796
v 15.820729 -11.583081 6.198796
v 18.464642 -13.689120 6.198796
v 17.228157 -14.918310 6.198796
v 13.715714 -18.332731 6.198796
v 14.910283 -17.173801 6.198796
v 12.657032 -17.332304 6.198796
v 13.654840 -15.907552 6.198796
v 11.756017 -15.898639 6.198796
v 8.323495 -17.307095 6.198796
v 6.770277 -13.056456 6.198796
v 8.681401 -12.978959 6.198796
v 7.762518 -12.084494 6.198796
v 13.011886 -8.635718 6.198795
v 13.087447 -6.718647 6.198796
v 12.119991 -7.714163 6.198796
v 2.676409 -6.394979 6.198795
v 4.061166 -8.472234 6.198795
v 4.379236 -8.091929 6.198796
v 14.238127 -0.710504 6.382381
v 11.973960 -0.702787 6.382381
v 11.788203 -5.399592 6.198795
v 12.726995 -4.402551 6.198795
v 11.453591 -4.777610 6.198795
v 6.757682 -14.969682 6.198796
v 4.460902 -12.693643 6.198796
v 17.172119 -1.197608 6.382381
v 17.530558 -0.857247 6.382381
v 17.138456 -0.714740 6.382381
v 17.530556 0.000002 6.382381
v 4.623030 -18.014471 6.382382
v 0.794689 -14.240073 6.382382
v 4.174578 -17.829788 6.198796
v 0.969723 -14.662721 6.198796
v -0.000008 0.000003 -2.155419
v 2.688271 0.000003 -2.664858
v 0.752867 0.000002 -4.695002
v 13.381619 0.000004 -1.339718
v 13.382712 0.000003 0.991627
v 14.559068 0.000003 -3.193906
v 14.559068 0.000003 3.608938
v 7.657597 0.000002 5.057685
v 7.020111 0.000002 6.382381
v 16.202520 0.000003 5.050236
v 17.530556 0.000002 6.382381
v 17.530556 0.000002 -6.389233
v 16.204140 0.000002 -5.072204
v 7.266315 0.000002 -2.661318
v 11.964436 0.000004 -1.353605
v 7.997515 0.000003 -3.202698
v 6.058043 0.000003 -1.792583
v 7.249057 0.000003 -0.526856
v 16.019871 -0.180635 -4.889765
v 7.934345 -0.180633 -3.390313
v 14.741449 -0.180634 -3.377795
v 2.767018 -0.180634 -2.848423
v 0.937976 -0.180634 -4.764654
v 2.688271 0.000003 -2.664858
v 0.752867 0.000002 -4.695002
v 0.937976 -0.180634 -4.764654
v 0.946102 -0.180634 -4.895875
v 0.752867 0.000002 -4.695002
v 0.765549 0.000003 -5.075501
v 16.204140 0.000002 -5.072204
v 0.765549 0.000003 -5.075501
v 16.019871 -0.180635 -4.889765
v 0.946102 -0.180634 -4.895875
v 16.202520 0.000003 5.050236
v 16.204140 0.000002 -5.072204
v 16.019871 -0.180635 4.869766
v 16.019871 -0.180635 -4.889765
v 7.743557 -0.180634 4.874674
v 7.657597 0.000002 5.057685
v 16.019871 -0.180635 4.869766
v 16.202520 0.000003 5.050236
v 6.866453 -0.180634 3.822306
v 6.682117 0.000002 3.888841
v 7.743557 -0.180634 4.874674
v 7.657597 0.000002 5.057685
v 6.696711 0.000003 2.897834
v 6.682117 0.000002 3.888841
v 6.875648 -0.180634 3.076902
v 6.866453 -0.180634 3.822306
v 8.610942 0.000003 2.885322
v 8.537164 -0.180634 3.088551
v 9.280860 0.000003 3.614858
v 9.197446 -0.180634 3.801127
v 14.743085 -0.180633 3.792324
v 14.559068 0.000003 3.608938
v 9.197446 -0.180634 3.801127
v 9.280860 0.000003 3.614858
v 7.997515 0.000003 -3.202698
v 14.559068 0.000003 -3.193906
v 7.934345 -0.180633 -3.390313
v 14.741449 -0.180634 -3.377795
v 7.266315 0.000002 -2.661318
v 7.997515 0.000003 -3.202698
v 7.204174 -0.180634 -2.845887
v 7.934345 -0.180633 -3.390313
v 6.294399 -0.180634 0.817075
v 3.991905 -0.180634 -1.597108
v 6.215598 0.000003 1.002175
v 3.540849 0.000003 -1.790597
v 5.977657 -0.180634 -1.609138
v 6.058043 0.000003 -1.792583
v 3.991905 -0.180634 -1.597108
v 3.540849 0.000003 -1.790597
v 7.167376 -0.180634 -0.340455
v 7.249057 0.000003 -0.526856
v 5.977657 -0.180634 -1.609138
v 6.058043 0.000003 -1.792583
v 10.839896 0.000002 -0.523923
v 7.249057 0.000003 -0.526856
v 10.902360 -0.180634 -0.336269
v 7.167376 -0.180634 -0.340455
v 11.964436 0.000004 -1.353605
v 10.839896 0.000002 -0.523923
v 12.026399 -0.180634 -1.168171
v 10.902360 -0.180634 -0.336269
v 13.381619 0.000004 -1.339718
v 11.964436 0.000004 -1.353605
v 13.200948 -0.180634 -1.158120
v 12.026399 -0.180634 -1.168171
v 13.200948 -0.180634 -1.158120
v 13.200948 -0.180633 0.809954
v 13.381619 0.000004 -1.339718
v 13.382712 0.000003 0.991627
v 14.743085 -0.180633 3.792324
v 16.019871 -0.180635 4.869766
v 14.743085 -0.180633 3.792324
v 14.741449 -0.180634 -3.377795
v 14.559068 0.000003 3.608938
v 14.559068 0.000003 -3.193906
v -0.000007 -14.182454 -2.443056
v -0.000008 -2.941164 -5.905434
v -0.000008 -6.683056 -2.467550
v -0.000008 -6.130894 -2.463944
v -0.000007 -12.179771 1.705264
v 0.181163 -6.049153 -2.277544
v 0.181163 -2.859374 -5.719501
v -0.000008 -6.130894 -2.463944
v -0.000008 -2.941164 -5.905434
v 0.181163 -6.799541 -2.284426
v -0.000008 -6.683056 -2.467550
v 0.181163 -8.433446 -5.715597
v -0.000008 -8.318709 -5.895972
v -0.000007 -13.889333 4.402434
v 0.181164 -13.345883 4.211495
v -0.000007 -12.074584 2.921260
v 0.181163 -12.000070 3.106231
v 0.181163 -6.186503 3.115498
v 0.181163 -6.186503 4.216788
v -0.000008 -6.004827 2.936385
v -0.000008 -6.006871 4.397960
v 19.169338 -19.112822 6.382382
v 15.656581 -11.699311 6.382382
v 15.388395 -11.399673 6.382382
v 15.820729 -11.583081 6.198796
v 15.656581 -11.699311 6.382382
v 15.932382 -13.624412 6.198796
v 15.745163 -13.701653 6.382382
v 9.559288 -6.016289 6.382381
v 5.206029 -3.118876 6.382381
v 4.208665 -5.526188 6.382381
v 5.292638 -6.630506 6.382380
v 5.018488 -6.981690 6.382381
v -0.000009 -19.112822 6.382382
v 4.623030 -18.014471 6.382382
v 0.782329 -18.011637 6.382382
v 5.457767 -11.750250 6.198796
v 5.873140 -9.574079 6.198796
v 4.845158 -11.415593 6.198796
v 5.243184 -9.640691 6.198796
v 11.788203 -5.399592 6.198795
v 9.617425 -5.819637 6.198795
v 11.728602 -5.596330 6.382381
v 9.559288 -6.016289 6.382381
v 8.139190 -4.320935 6.198795
v 6.447107 -2.613107 6.198795
v 8.136188 -4.566325 6.382381
v 6.197960 -2.611351 6.382381
v 9.682001 -5.186852 6.198795
v 8.520315 -4.001307 6.198795
v 6.447107 -2.613107 6.198795
v 8.139190 -4.320935 6.198795
v 9.369617 -5.562766 6.198795
v 9.617425 -5.819637 6.198795
v 1.261685 -7.829176 6.198796
v 19.169338 -0.857244 6.382381
v 17.986420 -1.254150 6.382381
v 17.805111 -1.430817 6.198795
v 17.840738 -4.107641 6.198795
v 3.540849 0.000003 -1.790597
v 0.765549 0.000003 -5.075501
v -0.000007 0.000003 -6.389233
v 6.696711 0.000003 2.897834
v 5.339056 0.000003 3.402494
v 6.682117 0.000002 3.888841
v 2.688271 0.000003 -2.664858
v 7.266315 0.000002 -2.661318
v 2.767018 -0.180634 -2.848423
v 7.204174 -0.180634 -2.845887
v 3.991905 -0.180634 -1.597108
v 6.294399 -0.180634 0.817075
v 5.977657 -0.180634 -1.609138
v 7.167376 -0.180634 -0.340455
v 7.743557 -0.180634 4.874674
v 9.197446 -0.180634 3.801127
v 12.026399 -0.180634 -1.168171
v 13.200948 -0.180633 0.809954
v 13.200948 -0.180634 -1.158120
v 7.020111 0.000002 6.382381
v 5.355026 0.000002 4.362412
v -0.000008 -7.021323 6.382380
v -0.000007 -5.354225 4.362410
v 0.181163 -6.186503 3.115498
v 0.181163 -12.000070 3.106231
v 0.181163 -6.186503 4.216788
v 0.181164 -13.345883 4.211495
v 18.719961 -13.703922 6.382382
v 13.256211 -11.177888 6.382382
v 0.796963 -9.365180 6.382382
v -0.000008 -7.021323 6.382380
v 0.772698 -11.937104 6.382382
v 13.721440 -18.595814 6.382382
v 7.132734 -16.498701 6.198796
v 15.398924 -11.132721 6.198796
v 13.253531 -11.435854 6.198796
v 15.398924 -11.132721 6.198796
v 11.167190 -15.373754 6.198796
v 15.388395 -11.399673 6.382382
v 11.437130 -15.362488 6.382382
v 1.008029 -7.830194 6.382382
v 6.070893 -9.514044 6.382382
v 18.029984 -4.560846 6.382381
v 17.840738 -4.107641 6.198795
v 14.238127 -0.710504 6.382381
v 14.690091 -0.901449 6.198795
v 9.625354 -13.897935 6.198796
v 19.169338 -19.112822 6.382382
v -0.000009 -19.112822 6.382382
v 19.169338 -19.112822 -6.389232
v -0.000009 -19.112822 -6.389232
v 17.639574 -8.205314 6.382382
v 18.029984 -4.560846 6.382381
v 0.181163 -5.968466 1.528621
v 0.181163 -6.049153 -2.277544
v 8.254212 -17.491957 6.382382
v 13.382712 0.000003 0.991627
v 13.200948 -0.180633 0.809954
v 6.215598 0.000003 1.002175
v 6.294399 -0.180634 0.817075
v -0.000007 -5.354225 4.362410
v 4.205751 -5.264265 6.198795
v 5.320350 -4.148477 6.198795
v 3.435848 -5.148197 6.198795
v 5.204056 -3.374863 6.198795
v 3.864862 -5.576431 6.198795
v 5.631138 -3.805089 6.198795
v 5.355026 0.000002 4.362412
v 2.767018 -0.180634 -2.848423
v 7.204174 -0.180634 -2.845887
v 9.280860 0.000003 3.614858
v 7.877171 -1.194298 6.198795
v 14.996842 -6.706414 6.198796
v 6.682027 -5.237019 6.382381
v 5.580868 -4.149878 6.382381
v 5.617392 -9.326015 6.198796
v 10.262076 -14.218349 6.382382
v 5.658566 -11.689614 6.382382
v 6.768183 -12.796133 6.382382
v 17.668140 -12.489982 6.382382
v 12.579361 -17.521574 6.382382
v 14.247684 -10.221098 6.382382
v 0.181163 -8.433446 -5.715597
v 0.181163 -2.195087 -2.506159
v 0.181163 -2.203347 -5.712374
v 0.181163 -2.859374 -5.719501
v 6.215598 0.000003 1.002175
v 8.610942 0.000003 2.885322
v 10.902360 -0.180634 -0.336269
v 8.537164 -0.180634 3.088551
v 6.678260 -5.489251 6.198795
v 7.028953 -5.211900 6.198795
v 10.839896 0.000002 -0.523923
v 0.946102 -0.180634 -4.895875
v 0.937976 -0.180634 -4.764654
v 6.875648 -0.180634 3.076902
v 6.866453 -0.180634 3.822306
v 15.190995 -17.196083 -6.389233
v 13.732784 -15.718973 -6.389233
v 17.219337 -15.167663 -6.389233
v 15.745164 -13.701653 -6.389233
v 19.169338 -19.112822 -6.389232
v 15.733635 -11.789843 -6.389233
v 11.826269 -15.708714 -6.389233
v 6.878069 -16.508738 -6.389233
v 6.761538 -15.227990 -6.389233
v 9.621349 -13.641947 -6.389233
v 8.937619 -12.975768 -6.389233
v 7.034895 -4.961223 -6.389233
v 13.256212 -11.177891 -6.389233
v 7.028953 -5.211900 -6.218415
v 13.253534 -11.435852 -6.218415
v 13.256212 -11.177891 -6.389233
v 14.247685 -10.221095 -6.389233
v 13.253534 -11.435852 -6.218415
v 14.509542 -10.226178 -6.218415
v 13.672676 -9.578058 -6.389233
v 13.928060 -9.582469 -6.218415
v 14.247685 -10.221095 -6.389233
v 14.509542 -10.226178 -6.218415
v 16.472206 -6.873258 -6.389233
v 17.639576 -8.205316 -6.389233
v 16.461857 -7.138996 -6.218415
v 17.452501 -8.277837 -6.218415
v 17.639576 -8.205316 -6.389233
v 17.668142 -12.489981 -6.389233
v 17.452501 -8.277837 -6.218415
v 17.481304 -12.561896 -6.218415
v 18.719965 -13.703923 -6.389233
v 18.464642 -13.689120 -6.218415
v 17.668142 -12.489981 -6.389233
v 17.481304 -12.561896 -6.218415
v 18.464642 -13.689120 -6.218415
v 18.719965 -13.703923 -6.389233
v 17.228157 -14.918310 -6.218415
v 17.219337 -15.167663 -6.389233
v 17.219337 -15.167663 -6.389233
v 15.745164 -13.701653 -6.389233
v 17.228157 -14.918310 -6.218415
v 15.932382 -13.624412 -6.218415
v 15.745164 -13.701653 -6.389233
v 15.733635 -11.789843 -6.389233
v 15.932382 -13.624412 -6.218415
v 15.923131 -11.720771 -6.218415
v 15.733635 -11.789843 -6.389233
v 15.388393 -11.399672 -6.389233
v 15.923131 -11.720771 -6.218415
v 15.398922 -11.132723 -6.218415
v 15.388393 -11.399672 -6.389233
v 11.437132 -15.362490 -6.389233
v 15.398922 -11.132723 -6.218415
v 11.167188 -15.373754 -6.218415
v 11.167188 -15.373754 -6.218415
v 11.437132 -15.362490 -6.389233
v 11.756017 -15.898639 -6.218415
v 11.826269 -15.708714 -6.389233
v 11.756017 -15.898639 -6.218415
v 11.826269 -15.708714 -6.389233
v 13.654840 -15.907548 -6.218415
v 13.732784 -15.718973 -6.389233
v 13.654840 -15.907548 -6.218415
v 13.732784 -15.718973 -6.389233
v 14.910283 -17.173801 -6.218415
v 15.190995 -17.196083 -6.389233
v 15.190995 -17.196083 -6.389233
v 13.721440 -18.595814 -6.389232
v 14.910283 -17.173801 -6.218415
v 13.715713 -18.332727 -6.218415
v 13.721440 -18.595814 -6.389232
v 12.579360 -17.521578 -6.389233
v 13.715713 -18.332727 -6.218415
v 12.657031 -17.332302 -6.218415
v 12.657031 -17.332302 -6.218415
v 12.579360 -17.521578 -6.389233
v 8.323495 -17.307091 -6.218415
v 8.254212 -17.491955 -6.389233
v 6.878069 -16.508738 -6.389233
v 9.621349 -13.641947 -6.389233
v 7.132734 -16.498701 -6.218415
v 9.625354 -13.897935 -6.218415
v 9.621349 -13.641947 -6.389233
v 10.262074 -14.218349 -6.389233
v 9.625354 -13.897935 -6.218415
v 10.267480 -14.477174 -6.218415
v 11.216088 -13.224029 -6.389233
v 11.472944 -13.221056 -6.218415
v 10.262074 -14.218349 -6.389233
v 10.267480 -14.477174 -6.218415
v 5.018487 -6.981688 -6.389233
v 5.292638 -6.630505 -6.389233
v 5.267574 -6.978498 -6.218415
v 5.545274 -6.625658 -6.218415
v 5.292638 -6.630505 -6.389233
v 4.208665 -5.526188 -6.389233
v 5.545274 -6.625658 -6.218415
v 4.205751 -5.264265 -6.218415
v 3.867361 -5.832692 -6.389233
v 3.864863 -5.576431 -6.218415
v 4.208665 -5.526188 -6.389233
v 4.205751 -5.264265 -6.218415
v 3.867361 -5.832692 -6.389233
v 3.181408 -5.148724 -6.389233
v 3.864863 -5.576431 -6.218415
v 3.435848 -5.148196 -6.218415
v 3.435848 -5.148196 -6.218415
v 3.181408 -5.148724 -6.389233
v 5.204056 -3.374863 -6.218415
v 5.206028 -3.118876 -6.389233
v 5.887793 -3.809609 -6.389233
v 5.631138 -3.805089 -6.218415
v 5.206028 -3.118876 -6.389233
v 5.204056 -3.374863 -6.218415
v 5.887793 -3.809609 -6.389233
v 5.580868 -4.149878 -6.389233
v 5.631138 -3.805089 -6.218415
v 5.320350 -4.148476 -6.218415
v 7.034895 -4.961223 -6.389233
v 7.028953 -5.211900 -6.218415
v 6.682028 -5.237020 -6.389233
v 6.678261 -5.489250 -6.218415
v 15.248397 -6.709731 -6.389233
v 13.009345 -8.885451 -6.389233
v 14.996842 -6.706414 -6.218415
v 13.011886 -8.635718 -6.218415
v 11.870743 -7.710232 -6.389233
v 12.838546 -6.716973 -6.389233
v 12.119989 -7.714161 -6.218415
v 13.087450 -6.718647 -6.218415
v 9.122458 -5.564539 -6.389233
v 9.369617 -5.562767 -6.218415
v 9.559290 -6.016290 -6.389233
v 9.617427 -5.819638 -6.218415
v 9.122458 -5.564539 -6.389233
v 9.438785 -5.188363 -6.389233
v 9.369617 -5.562767 -6.218415
v 9.682001 -5.186852 -6.218415
v 9.438785 -5.188363 -6.389233
v 8.516044 -4.250325 -6.389233
v 9.682001 -5.186852 -6.218415
v 8.520315 -4.001307 -6.218415
v 8.136189 -4.566325 -6.389233
v 8.139191 -4.320935 -6.218415
v 8.516044 -4.250325 -6.389233
v 8.520315 -4.001307 -6.218415
v 8.139191 -4.320935 -6.218415
v 8.136189 -4.566325 -6.389233
v 6.447107 -2.613106 -6.218415
v 6.197960 -2.611351 -6.389233
v 6.447107 -2.613106 -6.218415
v 6.197960 -2.611351 -6.389233
v 7.877171 -1.194298 -6.218415
v 7.879139 -0.941798 -6.389233
v 12.776394 -4.195951 -6.389233
v 12.726995 -4.402549 -6.218415
v 11.503129 -4.583354 -6.389233
v 11.453050 -4.790205 -6.218415
v 12.726995 -4.402549 -6.218415
v 12.776394 -4.195951 -6.389233
v 14.996842 -6.706414 -6.218415
v 15.248397 -6.709731 -6.389233
v 9.378243 -0.712714 -6.389233
v 9.832667 -0.901489 -6.218415
v 11.546170 -2.903476 -6.389233
v 11.550361 -2.651258 -6.218415
v 9.378243 -0.712714 -6.389233
v 11.973962 -0.702788 -6.389233
v 9.832667 -0.901489 -6.218415
v 11.899601 -0.889684 -6.218415
v 11.899601 -0.889684 -6.218415
v 11.973962 -0.702788 -6.389233
v 12.662360 -1.621054 -6.218415
v 12.925342 -1.623076 -6.389233
v 12.925342 -1.623076 -6.389233
v 11.546170 -2.903476 -6.389233
v 12.662360 -1.621054 -6.218415
v 11.550361 -2.651258 -6.218415
v 17.138449 -0.714741 -6.389233
v 17.172119 -1.197608 -6.389233
v 16.957830 -0.896466 -6.218415
v 16.988064 -1.375446 -6.218415
v 16.988064 -1.375446 -6.218415
v 17.172119 -1.197608 -6.389233
v 17.805111 -1.430816 -6.218415
v 17.986422 -1.254149 -6.389233
v 17.805111 -1.430816 -6.218415
v 17.986422 -1.254149 -6.389233
v 17.840738 -4.107641 -6.218415
v 18.029987 -4.560843 -6.389233
v 4.250597 -12.745171 -6.389233
v 4.632936 -11.467717 -6.389233
v 4.460903 -12.693644 -6.218415
v 4.845159 -11.415595 -6.218415
v 2.675083 -6.139990 -6.389233
v 2.676409 -6.394979 -6.218415
v 1.008029 -7.830193 -6.389233
v 1.261686 -7.829175 -6.218415
v 4.630059 -8.088626 -6.389233
v 4.317609 -8.469762 -6.389233
v 4.379236 -8.091928 -6.218415
v 4.061165 -8.472232 -6.218415
v 4.061165 -8.472232 -6.218415
v 4.317609 -8.469762 -6.389233
v 5.243185 -9.640693 -6.218415
v 5.244179 -9.386510 -6.389233
v 5.618720 -9.074122 -6.389233
v 5.617392 -9.326015 -6.218415
v 5.244179 -9.386510 -6.389233
v 5.243185 -9.640693 -6.218415
v 5.618720 -9.074122 -6.389233
v 6.070894 -9.514043 -6.389233
v 5.617392 -9.326015 -6.218415
v 5.873140 -9.574079 -6.218415
v 5.658566 -11.689614 -6.389233
v 6.768182 -12.796132 -6.389233
v 5.457767 -11.750251 -6.218415
v 6.770275 -13.056453 -6.218415
v 7.756978 -11.829202 -6.389233
v 7.762517 -12.084495 -6.218415
v 6.768182 -12.796132 -6.389233
v 6.770275 -13.056453 -6.218415
v 7.756978 -11.829202 -6.389233
v 8.937619 -12.975768 -6.389233
v 7.762517 -12.084495 -6.218415
v 8.681401 -12.978959 -6.218415
v 8.681401 -12.978959 -6.218415
v 8.937619 -12.975768 -6.389233
v 6.757683 -14.969681 -6.218415
v 6.761538 -15.227990 -6.389233
v 1.689996 -12.892528 -6.389233
v 1.687244 -12.628284 -6.218415
v 2.965912 -11.507848 -6.389233
v 2.714454 -11.513108 -6.218415
v 1.689996 -12.892528 -6.389233
v 0.772697 -11.937102 -6.389233
v 1.687244 -12.628284 -6.218415
v 0.958600 -11.863999 -6.218415
v 0.958600 -11.863999 -6.218415
v 0.772697 -11.937102 -6.389233
v 0.973371 -9.791011 -6.218415
v 0.796962 -9.365550 -6.389233
v 0.796962 -9.365550 -6.389233
v 2.965912 -11.507848 -6.389233
v 0.973371 -9.791011 -6.218415
v 2.714454 -11.513108 -6.218415
v 4.623030 -18.014471 -6.389232
v 0.782329 -18.011637 -6.389232
v 4.174578 -17.829788 -6.218415
v 0.962631 -17.831610 -6.218415
v 0.962631 -17.831610 -6.218415
v 0.782329 -18.011637 -6.389232
v 0.969723 -14.662721 -6.218415
v 0.794689 -14.240075 -6.389233
v 4.623030 -18.014471 -6.389232
v 4.174578 -17.829788 -6.218415
v 0.794689 -14.240075 -6.389233
v 0.969723 -14.662721 -6.218415
v 19.169338 -0.857245 -6.389233
v 17.986422 -1.254149 -6.389233
v 17.530558 -0.857247 -6.389233
v 18.029987 -4.560843 -6.389233
v 14.238128 -0.710505 -6.389233
v 17.840738 -4.107641 -6.218415
v 14.690089 -0.901448 -6.218415
v 12.925342 -1.623076 -6.389233
v 12.776394 -4.195951 -6.389233
v 11.546170 -2.903476 -6.389233
v 7.879139 -0.941798 -6.389233
v 9.378243 -0.712714 -6.389233
v 0.794689 -14.240075 -6.389233
v 1.689996 -12.892528 -6.389233
v 4.250597 -12.745171 -6.389233
v 4.208665 -5.526188 -6.389233
v 5.292638 -6.630505 -6.389233
v 3.867361 -5.832692 -6.389233
v 5.018487 -6.981688 -6.389233
v 5.244179 -9.386510 -6.389233
v 4.317609 -8.469762 -6.389233
v 5.618720 -9.074122 -6.389233
v 4.630059 -8.088626 -6.389233
v 12.662360 -1.621054 -6.218415
v 11.550361 -2.651258 -6.218415
v 11.899601 -0.889684 -6.218415
v 9.832667 -0.901489 -6.218415
v 16.988064 -1.375446 -6.218415
v 14.690089 -0.901448 -6.218415
v 16.957830 -0.896466 -6.218415
v 0.973371 -9.791011 -6.218415
v 2.714454 -11.513108 -6.218415
v 0.958600 -11.863999 -6.218415
v 1.687244 -12.628284 -6.218415
v 0.962631 -17.831610 -6.218415
v 0.969723 -14.662721 -6.218415
v 4.174578 -17.829788 -6.218415
v 13.928060 -9.582469 -6.218415
v 13.672676 -9.578058 -6.389233
v 16.461857 -7.138996 -6.218415
v 16.472206 -6.873258 -6.389233
v 8.323495 -17.307091 -6.218415
v 8.254212 -17.491955 -6.389233
v 7.132734 -16.498701 -6.218415
v 6.878069 -16.508738 -6.389233
v 11.472944 -13.221056 -6.218415
v 11.216088 -13.224029 -6.389233
v 5.267574 -6.978498 -6.218415
v 5.018487 -6.981688 -6.389233
v 5.320350 -4.148476 -6.218415
v 5.580868 -4.149878 -6.389233
v 6.678261 -5.489250 -6.218415
v 6.682028 -5.237020 -6.389233
v 11.788204 -5.399593 -6.218415
v 11.728604 -5.596328 -6.389233
v 9.617427 -5.819638 -6.218415
v 9.559290 -6.016290 -6.389233
v 11.453050 -4.790205 -6.218415
v 7.877171 -1.194298 -6.218415
v 11.503129 -4.583354 -6.389233
v 7.879139 -0.941798 -6.389233
v 16.957830 -0.896466 -6.218415
v 14.690089 -0.901448 -6.218415
v 17.138449 -0.714741 -6.389233
v 14.238128 -0.710505 -6.389233
v 4.845159 -11.415595 -6.218415
v 4.632936 -11.467717 -6.389233
v 1.261686 -7.829175 -6.218415
v 1.008029 -7.830193 -6.389233
v 2.675083 -6.139990 -6.389233
v 4.630059 -8.088626 -6.389233
v 2.676409 -6.394979 -6.218415
v 4.379236 -8.091928 -6.218415
v 6.070894 -9.514043 -6.389233
v 5.658566 -11.689614 -6.389233
v 5.873140 -9.574079 -6.218415
v 5.457767 -11.750251 -6.218415
v 6.761538 -15.227990 -6.389233
v 4.250597 -12.745171 -6.389233
v 6.757683 -14.969681 -6.218415
v 4.460903 -12.693644 -6.218415
v 13.715713 -18.332727 -6.218415
v 12.657031 -17.332302 -6.218415
v 14.910283 -17.173801 -6.218415
v 5.873140 -9.574079 -6.218415
v 5.243185 -9.640693 -6.218415
v 5.617392 -9.326015 -6.218415
v 9.682001 -5.186852 -6.218415
v 9.617427 -5.819638 -6.218415
v 9.369617 -5.562767 -6.218415
v 6.768182 -12.796132 -6.389233
v 5.658566 -11.689614 -6.389233
v 7.756978 -11.829202 -6.389233
v 6.070894 -9.514043 -6.389233
v 13.087450 -6.718647 -6.218415
v 12.838546 -6.716973 -6.389233
v 11.788204 -5.399593 -6.218415
v 11.728604 -5.596328 -6.389233
v -0.000009 -19.112822 -6.389232
v 13.721440 -18.595814 -6.389232
v 2.675083 -6.139990 -6.389233
v 5.320350 -4.148476 -6.218415
v 6.678261 -5.489250 -6.218415
v 4.205751 -5.264265 -6.218415
v 5.545274 -6.625658 -6.218415
v 6.355481 -0.705677 -6.389233
v 5.906013 -0.895048 -6.218415
v 0.788340 -0.713760 -6.389233
v 0.967672 -0.895912 -6.218415
v 0.966877 -5.842524 -6.218415
v 0.967672 -0.895912 -6.218415
v 5.906013 -0.895048 -6.218415
v 0.966877 -5.842524 -6.218415
v 5.906013 -0.895048 -6.218415
v 0.779180 -6.288991 -6.389233
v 6.355481 -0.705677 -6.389233
v 0.967672 -0.895912 -6.218415
v 0.966877 -5.842524 -6.218415
v 0.788340 -0.713760 -6.389233
v 0.779180 -6.288991 -6.389233
v 6.355481 -0.705677 -6.389233
v 11.503129 -4.583354 -6.389233
v 6.197960 -2.611351 -6.389233
v 5.206028 -3.118876 -6.389233
v 3.181408 -5.148724 -6.389233
v 0.779180 -6.288991 -6.389233
v 1.008029 -7.830193 -6.389233
v 0.796962 -9.365550 -6.389233
v 3.864863 -5.576431 -6.218415
v 3.435848 -5.148196 -6.218415
v 5.204056 -3.374863 -6.218415
v 5.631138 -3.805089 -6.218415
v 12.119989 -7.714161 -6.218415
v 13.011886 -8.635718 -6.218415
v 11.870743 -7.710232 -6.389233
v 13.009345 -8.885451 -6.389233
v 17.172119 -1.197608 -6.389233
v 17.138449 -0.714741 -6.389233
v -0.000007 0.000003 -6.389233
v 17.530556 0.000002 -6.389233
v 11.973962 -0.702788 -6.389233
v 18.029987 -4.560843 -6.389233
v 14.238128 -0.710505 -6.389233
v 17.639576 -8.205316 -6.389233
v 16.472206 -6.873258 -6.389233
v 18.719965 -13.703923 -6.389233
v 11.437132 -15.362490 -6.389233
v 15.388393 -11.399672 -6.389233
v 13.672676 -9.578058 -6.389233
v 13.256212 -11.177891 -6.389233
v 13.009345 -8.885451 -6.389233
v 14.247685 -10.221095 -6.389233
v 11.870743 -7.710232 -6.389233
v 12.838546 -6.716973 -6.389233
v 11.728604 -5.596328 -6.389233
v 9.559290 -6.016290 -6.389233
v 7.034895 -4.961223 -6.389233
v 9.122458 -5.564539 -6.389233
v 8.136189 -4.566325 -6.389233
v 9.438785 -5.188363 -6.389233
v 8.516044 -4.250325 -6.389233
v 8.520315 -4.001307 -6.218415
v 6.447107 -2.613106 -6.218415
v 7.877171 -1.194298 -6.218415
v 8.139191 -4.320935 -6.218415
v 11.453050 -4.790205 -6.218415
v 11.788204 -5.399593 -6.218415
v 12.726995 -4.402549 -6.218415
v 13.087450 -6.718647 -6.218415
v 14.996842 -6.706414 -6.218415
v 13.011886 -8.635718 -6.218415
v 12.119989 -7.714161 -6.218415
v 17.840738 -4.107641 -6.218415
v 17.805111 -1.430816 -6.218415
v 15.248397 -6.709731 -6.389233
v 0.772697 -11.937102 -6.389233
v 4.632936 -11.467717 -6.389233
v 2.965912 -11.507848 -6.389233
v 5.457767 -11.750251 -6.218415
v 4.845159 -11.415595 -6.218415
v 4.460903 -12.693644 -6.218415
v 4.061165 -8.472232 -6.218415
v 6.770275 -13.056453 -6.218415
v 6.757683 -14.969681 -6.218415
v 8.681401 -12.978959 -6.218415
v 7.762517 -12.084495 -6.218415
v 11.216088 -13.224029 -6.389233
v 10.262074 -14.218349 -6.389233
v 0.782329 -18.011637 -6.389232
v 0.788340 -0.713760 -6.389233
v 4.623030 -18.014471 -6.389232
v 8.254212 -17.491955 -6.389233
v 10.267480 -14.477174 -6.218415
v 11.472944 -13.221056 -6.218415
v 11.167188 -15.373754 -6.218415
v 15.398922 -11.132723 -6.218415
v 13.253534 -11.435852 -6.218415
v 14.509542 -10.226178 -6.218415
v 17.452501 -8.277837 -6.218415
v 5.267574 -6.978498 -6.218415
v 7.028953 -5.211900 -6.218415
v 17.668142 -12.489981 -6.389233
v 13.928060 -9.582469 -6.218415
v 16.461857 -7.138996 -6.218415
v 15.923131 -11.720771 -6.218415
v 17.481304 -12.561896 -6.218415
v 15.932382 -13.624412 -6.218415
v 17.228157 -14.918310 -6.218415
v 11.756017 -15.898639 -6.218415
v 13.654840 -15.907548 -6.218415
v 8.323495 -17.307091 -6.218415
v 9.625354 -13.897935 -6.218415
v 7.132734 -16.498701 -6.218415
v 18.464642 -13.689120 -6.218415
v 12.579360 -17.521578 -6.389233
v 2.676409 -6.394979 -6.218415
v 4.379236 -8.091928 -6.218415
v 1.261686 -7.829175 -6.218415
v 5.580868 -4.149878 -6.389233
v 5.887793 -3.809609 -6.389233
v 6.682028 -5.237020 -6.389233
v 6.696711 0.000003 2.897834
v 6.875648 -0.180634 3.076902
v 8.610942 0.000003 2.885322
v 8.537164 -0.180634 3.088551
v -17.530556 -0.857247 6.382383
v -17.530554 -0.857246 19.154282
v -17.530554 0.000002 6.382383
v -17.530556 0.000001 19.154282
v -12.721438 0.000003 15.492240
v -12.708046 -0.000000 14.400809
v -13.170545 0.000001 15.330875
v -13.184833 -0.000001 14.267704
v -9.559810 0.000003 9.803740
v -8.935080 0.000001 9.753001
v -12.068837 0.000002 9.822880
v -15.647637 -0.000000 14.231047
v -17.092007 -0.000001 13.563224
v -14.076347 0.000001 9.831346
v -17.076487 0.000002 9.796245
v -15.887298 -0.180488 16.842907
v -15.855465 -0.180487 15.466381
v -16.895775 -0.180490 16.845535
v -16.020260 -0.180489 14.408257
v -15.647637 -0.000000 14.231047
v -12.157179 -0.180487 9.637016
v -12.068837 0.000002 9.822880
v -12.157179 -0.180487 9.637016
v -12.068837 0.000002 9.822880
v -9.650373 -0.180487 9.625492
v -9.559810 0.000003 9.803740
v -9.566298 -0.180488 9.527122
v -9.387771 0.000001 9.599607
v -9.579911 -0.180488 8.711576
v -9.396535 0.000002 8.530241
v -9.579911 -0.180488 8.711576
v -9.396535 0.000002 8.530241
v -16.895807 -0.180488 8.711576
v -17.076881 0.000001 8.529234
v -16.895807 -0.180488 9.613810
v -16.895807 -0.180488 8.711576
v -17.076487 0.000002 9.796245
v -17.076881 0.000001 8.529234
v -17.076487 0.000002 9.796245
v -14.076347 0.000001 9.831346
v -16.895807 -0.180488 9.613810
v -13.675305 -0.180489 9.640507
v -13.675305 -0.180489 9.640507
v -14.076347 0.000001 9.831346
v -16.905138 -0.180489 13.629686
v -17.092007 -0.000001 13.563224
v -17.076338 0.000003 17.027203
v -16.895775 -0.180490 16.845535
v -17.092007 -0.000001 13.563224
v -16.905138 -0.180489 13.629686
v -16.895775 -0.180490 16.845535
v -17.076338 0.000003 17.027203
v -15.887298 -0.180488 16.842907
v -15.704149 0.000001 17.021805
v -15.855465 -0.180487 15.466381
v -15.887298 -0.180488 16.842907
v -15.672927 0.000001 15.648948
v -15.704149 0.000001 17.021805
v -15.855465 -0.180487 15.466381
v -15.672927 0.000001 15.648948
v -13.513837 -0.180486 15.441204
v -13.428918 0.000001 15.625926
v -13.356946 -0.180488 15.262199
v -13.513837 -0.180486 15.441204
v -13.170545 0.000001 15.330875
v -13.428918 0.000001 15.625926
v -17.076881 0.000001 8.529234
v -9.396535 0.000002 8.530241
v -17.530554 0.000002 6.382383
v -7.020111 0.000002 6.382383
v -19.169336 -19.112823 6.382382
v -19.169336 -19.112823 19.154282
v -19.169336 -0.857245 6.382383
v -19.169336 -0.857246 19.154282
v 0.000009 -13.171971 15.330602
v 0.000007 -12.709115 14.401486
v 0.000009 -12.720624 15.492248
v 0.000008 -8.934269 9.753008
v 0.000008 -9.557778 9.802548
v 0.000008 -13.183757 14.268285
v 0.000009 -9.385738 9.598416
v 0.000008 -8.921004 8.665837
v -0.178856 -16.904327 13.629693
v -0.185485 -13.700455 9.652898
v -0.185486 -16.038197 14.419866
v -0.180627 -16.894991 9.613816
v -0.180626 -16.894993 8.711583
v 0.000008 -17.088715 13.564050
v 0.000008 -17.073757 9.794835
v 0.000009 -14.075535 9.831346
v -0.180638 -16.894960 16.845543
v -0.185006 -15.852950 15.467607
v -0.180620 -15.886479 16.842903
v 0.000008 -13.183757 14.268285
v 0.000009 -13.171971 15.330602
v -0.185831 -13.359578 14.443120
v -0.178882 -13.356261 15.262357
v 0.000008 -12.068027 9.822886
v 0.000008 -15.646826 14.231053
v -0.185083 -12.156369 9.637015
v -0.185486 -16.038197 14.419866
v 0.000008 -9.395505 8.528831
v 0.000009 -9.385738 9.598416
v -0.180624 -9.579098 8.711576
v -0.178850 -9.565399 9.527043
v -0.180624 -9.579098 8.711576
v -0.180626 -16.894993 8.711583
v 0.000008 -9.395505 8.528831
v 0.000008 -17.075832 8.532329
v 0.000008 -17.073757 9.794835
v 0.000008 -17.075832 8.532329
v -0.180627 -16.894991 9.613816
v -0.180626 -16.894993 8.711583
v 0.000008 -17.088715 13.564050
v 0.000009 -14.075535 9.831346
v -0.178856 -16.904327 13.629693
v -0.185485 -13.700455 9.652898
v 0.000006 -17.075134 17.027992
v 0.000008 -17.088715 13.564050
v -0.180638 -16.894960 16.845543
v -0.178856 -16.904327 13.629693
v 0.000009 -15.704610 17.021847
v 0.000006 -17.075134 17.027992
v -0.180620 -15.886479 16.842903
v -0.180638 -16.894960 16.845543
v 0.000009 -15.704610 17.021847
v -0.180620 -15.886479 16.842903
v 0.000008 -15.672111 15.648961
v -0.185006 -15.852950 15.467607
v -8.921815 0.000001 8.665831
v 0.000008 -8.921004 8.665837
v -7.020111 0.000002 6.382383
v 0.000008 -7.021323 6.382384
v -12.708046 -0.000000 14.400809
v -12.721438 0.000003 15.492240
v 0.000007 -12.709115 14.401486
v 0.000009 -12.720624 15.492248
v 0.000008 -8.921004 8.665837
v -8.921815 0.000001 8.665831
v 0.000008 -8.934269 9.753008
v -8.935080 0.000001 9.753001
v 0.000008 -8.934269 9.753008
v -8.935080 0.000001 9.753001
v 0.000007 -12.709115 14.401486
v -12.708046 -0.000000 14.400809
v -13.428918 0.000001 15.625926
v -15.704149 0.000001 17.021805
v -15.869454 -0.000001 19.154282
v -9.387771 0.000001 9.599607
v -8.921815 0.000001 8.665831
v -17.076338 0.000003 17.027203
v -17.530556 0.000001 19.154282
v -13.513837 -0.180486 15.441204
v -13.356946 -0.180488 15.262199
v -13.365864 -0.180488 14.448583
v -13.184833 -0.000001 14.267704
v -13.365864 -0.180488 14.448583
v -13.170545 0.000001 15.330875
v -13.356946 -0.180488 15.262199
v -16.020260 -0.180489 14.408257
v -13.365864 -0.180488 14.448583
v -15.647637 -0.000000 14.231047
v -13.184833 -0.000001 14.267704
v -17.530556 -0.857247 6.382383
v -19.169336 -0.857245 6.382383
v -17.530554 -0.857246 19.154282
v -19.169336 -0.857246 19.154282
v 0.000008 -9.557778 9.802548
v -0.179102 -9.649476 9.625413
v 0.000009 -9.385738 9.598416
v -0.178850 -9.565399 9.527043
v 0.000008 -17.073757 9.794835
v -0.180627 -16.894991 9.613816
v 0.000009 -14.075535 9.831346
v -0.185485 -13.700455 9.652898
v -15.672927 0.000001 15.648948
v -16.020260 -0.180489 14.408257
v 0.000008 -9.395505 8.528831
v 0.000008 -15.646826 14.231053
v 0.000008 -12.068027 9.822886
v -12.721438 0.000003 15.492240
v -15.869454 -0.000001 19.154282
v 0.000009 -12.720624 15.492248
v 0.000008 -15.868638 19.154282
v 0.000010 -19.112823 6.382382
v 0.000010 -19.112823 19.154282
v -19.169336 -19.112823 6.382382
v -19.169336 -19.112823 19.154282
v -16.905138 -0.180489 13.629686
v -9.559810 0.000003 9.803740
v -9.387771 0.000001 9.599607
v -9.650373 -0.180487 9.625492
v -9.566298 -0.180488 9.527122
v 0.000008 -13.428840 15.624272
v -0.179067 -13.512870 15.441037
v 0.000009 -13.171971 15.330602
v -0.178882 -13.356261 15.262357
v 0.000008 -13.428840 15.624272
v 0.000008 -15.868638 19.154282
v -12.157179 -0.180487 9.637016
v -9.650373 -0.180487 9.625492
v -9.579911 -0.180488 8.711576
v -11.484378 -13.828187 6.382382
v -12.407630 -13.931672 6.382382
v -9.952574 -11.496590 6.382382
v -16.646872 -15.543781 6.382382
v -15.571138 -16.619516 6.382382
v -19.169336 -19.112823 6.382382
v -9.069901 -12.346368 6.382382
v -9.743190 -15.433522 6.382382
v -12.771693 -13.319728 6.565396
v -10.345026 -10.853733 6.565396
v -12.408536 -13.677516 6.565396
v -9.951636 -11.236859 6.565396
v -15.103260 -16.810659 6.565396
v -11.159665 -16.805925 6.565396
v -14.002007 -17.893574 6.565396
v -11.139512 -17.885387 6.565396
v -7.650694 -18.077393 6.382382
v -7.576130 -17.893541 6.565396
v -3.251513 -18.078176 6.382382
v -3.322384 -17.894094 6.565396
v -9.101870 -16.429934 6.565396
v -7.576130 -17.893541 6.565396
v -9.177650 -16.616762 6.382382
v -7.650694 -18.077393 6.382382
v -9.101870 -16.429934 6.565396
v -9.177650 -16.616762 6.382382
v -9.648637 -16.417101 6.565396
v -9.724157 -16.600882 6.382382
v -9.648637 -16.417101 6.565396
v -9.724157 -16.600882 6.382382
v -11.753284 -14.324760 6.565396
v -12.014404 -14.321560 6.382382
v -11.485558 -14.074949 6.565396
v -11.753284 -14.324760 6.565396
v -11.484378 -13.828187 6.382382
v -12.014404 -14.321560 6.382382
v -9.816078 -15.621586 6.565396
v -11.485558 -14.074949 6.565396
v -9.743190 -15.433522 6.382382
v -11.484378 -13.828187 6.382382
v -5.137826 -16.647655 6.565396
v -6.267691 -15.575340 6.565396
v -5.062750 -16.460485 6.382382
v -6.194777 -15.389089 6.382382
v -5.137826 -16.647655 6.565396
v -5.062750 -16.460485 6.382382
v -3.928159 -16.642752 6.565396
v -4.000706 -16.456081 6.382382
v -7.204597 -12.318971 6.382382
v -7.282915 -12.136337 6.565396
v -3.574225 -8.644142 6.382382
v -3.579501 -8.380437 6.565396
v -7.282915 -12.136337 6.565396
v -7.204597 -12.318971 6.382382
v -8.994975 -12.161592 6.565396
v -9.069901 -12.346368 6.382382
v -9.069901 -12.346368 6.382382
v -9.952574 -11.496590 6.382382
v -8.994975 -12.161592 6.565396
v -9.951636 -11.236859 6.565396
v -9.951636 -11.236859 6.565396
v -9.952574 -11.496590 6.382382
v -12.408536 -13.677516 6.565396
v -12.407630 -13.931672 6.382382
v -12.771693 -13.319728 6.565396
v -12.408536 -13.677516 6.565396
v -13.017664 -13.345114 6.382382
v -12.407630 -13.931672 6.382382
v -2.268422 -8.987447 6.382382
v -2.261304 -13.759538 6.382382
v -2.449801 -9.083653 6.565397
v -2.431605 -13.859555 6.565396
v -0.540462 -15.307942 6.382382
v -3.251513 -18.078176 6.382382
v -0.806328 -15.317689 6.565396
v -3.322384 -17.894094 6.565396
v -15.571138 -16.619516 6.382382
v -10.979695 -16.624914 6.382382
v -15.103260 -16.810659 6.565396
v -11.159665 -16.805925 6.565396
v -11.159665 -16.805925 6.565396
v -10.979695 -16.624914 6.382382
v -11.139512 -17.885387 6.565396
v -10.957722 -18.066057 6.382382
v -10.957722 -18.066057 6.382382
v -14.076359 -18.077442 6.382382
v -11.139512 -17.885387 6.565396
v -14.002007 -17.893574 6.565396
v -14.002007 -17.893574 6.565396
v -14.076359 -18.077442 6.382382
v -15.103260 -16.810659 6.565396
v -15.571138 -16.619516 6.382382
v -7.282915 -12.136337 6.565396
v -12.163697 -7.255561 6.565397
v -3.579501 -8.380437 6.565396
v -8.407794 -3.552147 6.565397
v -11.485558 -14.074949 6.565396
v -9.816078 -15.621586 6.565396
v -11.753284 -14.324760 6.565396
v -9.648637 -16.417101 6.565396
v -12.014404 -14.321560 6.382382
v -9.724157 -16.600882 6.382382
v -10.979695 -16.624914 6.382382
v -9.816078 -15.621586 6.565396
v -9.743190 -15.433522 6.382382
v -6.267691 -15.575340 6.565396
v -6.194777 -15.389089 6.382382
v -7.650694 -18.077393 6.382382
v 0.000010 -19.112823 6.382382
v -10.957722 -18.066057 6.382382
v -6.194777 -15.389089 6.382382
v -2.887110 -15.358027 6.382382
v -5.062750 -16.460485 6.382382
v -4.000706 -16.456081 6.382382
v -2.449801 -9.083653 6.565397
v -9.111009 -2.422449 6.565397
v -2.268422 -8.987447 6.382382
v -9.014807 -2.241069 6.382383
v -3.322384 -17.894094 6.565396
v -7.576130 -17.893541 6.565396
v -5.137826 -16.647655 6.565396
v -2.711639 -9.212701 6.565395
v -2.449801 -9.083653 6.565397
v -13.017664 -13.345114 6.382382
v -10.589833 -10.882142 6.382382
v -12.771693 -13.319728 6.565396
v -10.345026 -10.853733 6.565396
v -13.017664 -13.345114 6.382382
v -13.372476 -12.990308 6.382382
v -10.589833 -10.882142 6.382382
v -10.909501 -10.562478 6.382382
v -2.431605 -13.859555 6.565396
v -2.261304 -13.759538 6.382382
v -0.806328 -15.317689 6.565396
v -0.540462 -15.307942 6.382382
v 0.000008 -7.021323 6.382384
v -2.261304 -13.759538 6.382382
v -2.268422 -8.987447 6.382382
v -2.887110 -15.358027 6.382382
v -2.709476 -15.473741 6.565396
v -4.000706 -16.456081 6.382382
v -3.928159 -16.642752 6.565396
v -2.888167 -9.293683 6.382382
v -2.711639 -9.212701 6.565395
v -2.887110 -15.358027 6.382382
v -2.709476 -15.473741 6.565396
v -3.579501 -8.380437 6.565396
v -2.711639 -9.212701 6.565395
v -3.574225 -8.644142 6.382382
v -2.888167 -9.293683 6.382382
v -2.431605 -13.859555 6.565396
v -2.709476 -15.473741 6.565396
v -0.806328 -15.317689 6.565396
v -10.345026 -10.853733 6.565396
v -10.589833 -10.882142 6.382382
v -10.881097 -10.317674 6.565396
v -10.909501 -10.562478 6.382382
v -11.523951 -9.925217 6.382382
v -13.959029 -12.380269 6.382382
v -13.855545 -11.457022 6.382382
v -18.104801 -14.049002 6.382382
v -7.020111 0.000002 6.382383
v -9.014807 -2.241069 6.382383
v -16.652269 -10.952339 6.382382
v -18.093414 -10.930369 6.382382
v -16.628237 -9.696800 6.382382
v -13.347085 -12.744336 6.565396
v -13.704876 -12.381180 6.565396
v -10.881097 -10.317674 6.565396
v -11.264218 -9.924279 6.565396
v -17.912743 -11.112155 6.565396
v -16.833281 -11.132312 6.565396
v -17.920937 -13.974649 6.565396
v -16.838017 -15.075902 6.565396
v -16.457291 -9.074513 6.565395
v -16.444458 -9.621279 6.565396
v -16.644119 -9.150296 6.382382
v -16.628237 -9.696800 6.382382
v -14.102309 -11.458203 6.565396
v -13.855545 -11.457022 6.382382
v -14.352118 -11.725926 6.565396
v -14.348920 -11.987050 6.382382
v -15.648946 -9.788724 6.565396
v -15.460884 -9.715836 6.382382
v -14.102309 -11.458203 6.565396
v -13.855545 -11.457022 6.382382
v -15.416448 -6.167422 6.382383
v -15.602696 -6.240335 6.565398
v -16.487841 -5.035396 6.382383
v -16.675013 -5.110470 6.565397
v -16.675013 -5.110470 6.565397
v -16.670105 -3.900804 6.565397
v -16.487841 -5.035396 6.382383
v -16.483435 -3.973350 6.382383
v -8.407794 -3.552147 6.565397
v -12.163697 -7.255561 6.565397
v -8.671498 -3.546873 6.382383
v -12.346329 -7.177240 6.382383
v -12.163697 -7.255561 6.565397
v -12.188950 -8.967619 6.565395
v -12.346329 -7.177240 6.382383
v -12.373726 -9.042545 6.382381
v -12.373726 -9.042545 6.382381
v -12.188950 -8.967619 6.565395
v -11.523951 -9.925217 6.382382
v -11.264218 -9.924279 6.565396
v -13.959029 -12.380269 6.382382
v -11.523951 -9.925217 6.382382
v -13.704876 -12.381180 6.565396
v -11.264218 -9.924279 6.565396
v -13.959029 -12.380269 6.382382
v -13.704876 -12.381180 6.565396
v -13.372476 -12.990308 6.382382
v -13.347085 -12.744336 6.565396
v -17.921450 -3.295027 6.565397
v -18.105534 -3.224156 6.382383
v -15.345047 -0.778973 6.565397
v -15.335298 -0.513107 6.382383
v -16.833281 -11.132312 6.565396
v -16.652269 -10.952339 6.382382
v -16.838017 -15.075902 6.565396
v -16.646872 -15.543781 6.382382
v -16.833281 -11.132312 6.565396
v -17.912743 -11.112155 6.565396
v -16.652269 -10.952339 6.382382
v -18.093414 -10.930369 6.382382
v -17.920937 -13.974649 6.565396
v -18.104801 -14.049002 6.382382
v -17.912743 -11.112155 6.565396
v -18.093414 -10.930369 6.382382
v -16.646872 -15.543781 6.382382
v -18.104801 -14.049002 6.382382
v -16.838017 -15.075902 6.565396
v -17.920937 -13.974649 6.565396
v -15.345047 -0.778973 6.565397
v -15.501094 -2.682122 6.565397
v -17.921450 -3.295027 6.565397
v -16.670105 -3.900804 6.565397
v -16.457291 -9.074513 6.565395
v -15.648946 -9.788724 6.565396
v -16.444458 -9.621279 6.565396
v -12.373726 -9.042545 6.382381
v -16.675013 -5.110470 6.565397
v -14.348920 -11.987050 6.382382
v -14.348920 -11.987050 6.382382
v -16.628237 -9.696800 6.382382
v -14.352118 -11.725926 6.565396
v -16.444458 -9.621279 6.565396
v -14.102309 -11.458203 6.565396
v -14.352118 -11.725926 6.565396
v -15.648946 -9.788724 6.565396
v -15.602696 -6.240335 6.565398
v -15.460884 -9.715836 6.382382
v -15.416448 -6.167422 6.382383
v -15.602696 -6.240335 6.565398
v -17.921450 -3.295027 6.565397
v -17.920898 -7.548778 6.565396
v -18.105534 -3.224156 6.382383
v -18.104750 -7.623338 6.382382
v -18.104750 -7.623338 6.382382
v -19.169336 -0.857245 6.382383
v -18.105534 -3.224156 6.382383
v -9.240059 -2.684288 6.565397
v -9.111009 -2.422449 6.565397
v -17.920898 -7.548778 6.565396
v -18.104750 -7.623338 6.382382
v -17.920898 -7.548778 6.565396
v -16.644119 -9.150296 6.382382
v -16.457291 -9.074513 6.565395
v -16.644119 -9.150296 6.382382
v -15.385388 -2.859756 6.382383
v -16.483435 -3.973350 6.382383
v -15.501094 -2.682122 6.565397
v -16.670105 -3.900804 6.565397
v -10.881097 -10.317674 6.565396
v -10.909501 -10.562478 6.382382
v -13.347085 -12.744336 6.565396
v -13.372476 -12.990308 6.382382
v -13.790444 -2.227381 6.382383
v -15.335298 -0.513107 6.382383
v -15.335298 -0.513107 6.382383
v -13.790444 -2.227381 6.382383
v -15.345047 -0.778973 6.565397
v -13.881753 -2.397224 6.565397
v -13.881753 -2.397224 6.565397
v -13.790444 -2.227381 6.382383
v -9.111009 -2.422449 6.565397
v -9.014807 -2.241069 6.382383
v -17.530556 -0.857247 6.382383
v -13.881753 -2.397224 6.565397
v -8.671498 -3.546873 6.382383
v -12.346329 -7.177240 6.382383
v -9.321041 -2.860813 6.382383
v -15.385388 -2.859756 6.382383
v -15.501094 -2.682122 6.565397
v -9.240059 -2.684288 6.565397
v -15.385388 -2.859756 6.382383
v -9.321041 -2.860813 6.382383
v -9.321041 -2.860813 6.382383
v -9.240059 -2.684288 6.565397
v -8.671498 -3.546873 6.382383
v -8.407794 -3.552147 6.565397
v -0.540462 -15.307942 6.382382
v -9.177650 -16.616762 6.382382
v -14.076359 -18.077442 6.382382
v -15.460884 -9.715836 6.382382
v -15.416448 -6.167422 6.382383
v -17.530554 0.000002 6.382383
v -3.928159 -16.642752 6.565396
v 0.000008 -7.021323 6.382384
v 0.000010 -19.112823 6.382382
v 0.000008 -17.075832 8.532329
v -0.179067 -13.512870 15.441037
v -0.185831 -13.359578 14.443120
v -0.185486 -16.038197 14.419866
v 0.000008 -15.646826 14.231053
v -0.185831 -13.359578 14.443120
v 0.000008 -13.183757 14.268285
v 0.000008 -15.672111 15.648961
v 0.000009 -15.704610 17.021847
v 0.000008 -13.428840 15.624272
v 0.000008 -15.672111 15.648961
v -0.179067 -13.512870 15.441037
v -0.185006 -15.852950 15.467607
v -0.178882 -13.356261 15.262357
v -0.185083 -12.156369 9.637015
v -0.180624 -9.579098 8.711576
v -0.179102 -9.649476 9.625413
v -0.178850 -9.565399 9.527043
v 0.000006 -17.075134 17.027992
v 0.000010 -19.112823 19.154282
v -0.185083 -12.156369 9.637015
v -0.179102 -9.649476 9.625413
v 0.000008 -12.068027 9.822886
v 0.000008 -9.557778 9.802548
v -3.251513 -18.078176 6.382382
v -8.994975 -12.161592 6.565396
v -12.188950 -8.967619 6.565395
v -9.101870 -16.429934 6.565396
v -6.267691 -15.575340 6.565396
v -16.487841 -5.035396 6.382383
v -16.483435 -3.973350 6.382383
v -3.574225 -8.644142 6.382382
v -2.888167 -9.293683 6.382382
v -7.204597 -12.318971 6.382382
v -9.566298 -0.180488 9.527122
v -13.675305 -0.180489 9.640507
v -16.895807 -0.180488 8.711576
v -16.895807 -0.180488 9.613810
v -19.169336 -19.112823 19.154282
v 0.000010 -19.112823 19.154282
v -19.169336 -0.857246 19.154282
v -17.530554 -0.857246 19.154282
v -15.869454 -0.000001 19.154282
v -17.530556 0.000001 19.154282
v 0.000008 -15.868638 19.154282
v -17.530558 0.857250 6.382383
v -17.530556 0.000000 6.382383
v -17.530558 0.857250 19.154282
v -17.530556 0.000001 19.154282
v -13.184834 0.000001 14.267705
v -12.708046 0.000001 14.400810
v -13.170546 0.000002 15.330876
v -12.721439 0.000002 15.492241
v -8.935081 0.000001 9.753000
v -9.559811 0.000001 9.803740
v -15.647638 0.000000 14.231048
v -12.068838 0.000001 9.822880
v -17.092009 0.000001 13.563225
v -17.076488 -0.000001 9.796244
v -14.076349 0.000001 9.831346
v -15.887299 0.180491 16.842907
v -16.895779 0.180489 16.845535
v -15.855467 0.180490 15.466380
v -12.068838 0.000001 9.822880
v -15.647638 0.000000 14.231048
v -12.157178 0.180489 9.637015
v -16.020262 0.180489 14.408256
v -9.559811 0.000001 9.803740
v -12.068838 0.000001 9.822880
v -9.650374 0.180490 9.625492
v -12.157178 0.180489 9.637015
v -9.396536 0.000001 8.530241
v -9.387774 0.000002 9.599607
v -9.579910 0.180490 8.711576
v -9.566299 0.180490 9.527122
v -9.579910 0.180490 8.711576
v -16.895809 0.180491 8.711576
v -9.396536 0.000001 8.530241
v -17.076887 0.000001 8.529234
v -16.895809 0.180491 9.613811
v -17.076488 -0.000001 9.796244
v -16.895809 0.180491 8.711576
v -17.076887 0.000001 8.529234
v -17.076488 -0.000001 9.796244
v -16.895809 0.180491 9.613811
v -14.076349 0.000001 9.831346
v -13.675306 0.180489 9.640507
v -13.675306 0.180489 9.640507
v -16.905144 0.180491 13.629685
v -14.076349 0.000001 9.831346
v -17.092009 0.000001 13.563225
v -17.076340 0.000002 17.027203
v -17.092009 0.000001 13.563225
v -16.895779 0.180489 16.845535
v -16.905144 0.180491 13.629685
v -16.895779 0.180489 16.845535
v -15.887299 0.180491 16.842907
v -17.076340 0.000002 17.027203
v -15.704148 0.000001 17.021805
v -15.855467 0.180490 15.466380
v -15.672928 0.000002 15.648949
v -15.887299 0.180491 16.842907
v -15.704148 0.000001 17.021805
v -13.428920 0.000001 15.625927
v -15.672928 0.000002 15.648949
v -13.513836 0.180489 15.441203
v -15.855467 0.180490 15.466380
v -13.428920 0.000001 15.625927
v -13.513836 0.180489 15.441203
v -13.170546 0.000002 15.330876
v -13.356947 0.180490 15.262198
v -17.076887 0.000001 8.529234
v -17.530556 0.000000 6.382383
v -9.396536 0.000001 8.530241
v -7.020113 0.000001 6.382383
v -19.169334 19.112827 6.382382
v -19.169334 0.857249 6.382383
v -19.169334 19.112827 19.154282
v -19.169334 0.857249 19.154282
v 0.000007 13.171973 15.330601
v 0.000007 12.720626 15.492247
v 0.000007 12.709116 14.401487
v 0.000008 8.934270 9.753007
v 0.000007 9.557780 9.802549
v 0.000007 13.183761 14.268284
v 0.000007 9.385740 9.598417
v 0.000007 8.921006 8.665836
v -0.178856 16.904331 13.629691
v -0.185488 16.038200 14.419865
v -0.185486 13.700459 9.652897
v -0.180627 16.894995 9.613816
v -0.180627 16.894999 8.711582
v 0.000007 17.088718 13.564048
v 0.000007 14.075540 9.831346
v 0.000007 17.073761 9.794834
v -0.180639 16.894966 16.845543
v -0.180620 15.886479 16.842907
v -0.185007 15.852954 15.467607
v -0.178884 13.356265 15.262358
v 0.000007 13.171973 15.330601
v -0.185834 13.359582 14.443119
v 0.000007 13.183761 14.268284
v -0.185488 16.038200 14.419865
v 0.000008 15.646827 14.231052
v -0.185084 12.156369 9.637015
v 0.000008 12.068028 9.822886
v 0.000008 9.395509 8.528831
v -0.180625 9.579101 8.711576
v 0.000007 9.385740 9.598417
v -0.178851 9.565402 9.527042
v -0.180625 9.579101 8.711576
v 0.000008 9.395509 8.528831
v -0.180627 16.894999 8.711582
v 0.000007 17.075836 8.532329
v 0.000007 17.073761 9.794834
v -0.180627 16.894995 9.613816
v 0.000007 17.075836 8.532329
v -0.180627 16.894999 8.711582
v 0.000007 17.088718 13.564048
v -0.178856 16.904331 13.629691
v 0.000007 14.075540 9.831346
v -0.185486 13.700459 9.652897
v 0.000007 17.075138 17.027996
v -0.180639 16.894966 16.845543
v 0.000007 17.088718 13.564048
v -0.178856 16.904331 13.629691
v 0.000009 15.704610 17.021847
v -0.180620 15.886479 16.842907
v 0.000007 17.075138 17.027996
v -0.180639 16.894966 16.845543
v -0.185007 15.852954 15.467607
v -0.180620 15.886479 16.842907
v 0.000007 15.672113 15.648960
v 0.000009 15.704610 17.021847
v -8.921816 0.000001 8.665831
v -7.020113 0.000001 6.382383
v 0.000007 8.921006 8.665836
v 0.000007 7.021327 6.382383
v -12.708046 0.000001 14.400810
v 0.000007 12.709116 14.401487
v -12.721439 0.000002 15.492241
v 0.000007 12.720626 15.492247
v 0.000007 8.921006 8.665836
v 0.000008 8.934270 9.753007
v -8.921816 0.000001 8.665831
v -8.935081 0.000001 9.753000
v 0.000008 8.934270 9.753007
v 0.000007 12.709116 14.401487
v -8.935081 0.000001 9.753000
v -12.708046 0.000001 14.400810
v -13.428920 0.000001 15.625927
v -15.869455 0.000002 19.154282
v -15.704148 0.000001 17.021805
v -9.387774 0.000002 9.599607
v -8.921816 0.000001 8.665831
v -17.076340 0.000002 17.027203
v -17.530556 0.000001 19.154282
v -13.513836 0.180489 15.441203
v -13.365864 0.180490 14.448582
v -13.356947 0.180490 15.262198
v -13.184834 0.000001 14.267705
v -13.170546 0.000002 15.330876
v -13.365864 0.180490 14.448582
v -13.356947 0.180490 15.262198
v -13.184834 0.000001 14.267705
v -13.365864 0.180490 14.448582
v -15.647638 0.000000 14.231048
v -16.020262 0.180489 14.408256
v -17.530558 0.857250 6.382383
v -17.530558 0.857250 19.154282
v -19.169334 0.857249 6.382383
v -19.169334 0.857249 19.154282
v 0.000007 9.557780 9.802549
v 0.000007 9.385740 9.598417
v -0.179102 9.649477 9.625413
v -0.178851 9.565402 9.527042
v -0.185486 13.700459 9.652897
v -0.180627 16.894995 9.613816
v 0.000007 14.075540 9.831346
v 0.000007 17.073761 9.794834
v -15.672928 0.000002 15.648949
v -16.020262 0.180489 14.408256
v 0.000008 9.395509 8.528831
v 0.000008 12.068028 9.822886
v 0.000008 15.646827 14.231052
v -12.721439 0.000002 15.492241
v 0.000007 12.720626 15.492247
v -15.869455 0.000002 19.154282
v 0.000008 15.868644 19.154282
v 0.000007 19.112827 6.382382
v -19.169334 19.112827 6.382382
v 0.000007 19.112827 19.154282
v -19.169334 19.112827 19.154282
v -16.905144 0.180491 13.629685
v -9.559811 0.000001 9.803740
v -9.650374 0.180490 9.625492
v -9.387774 0.000002 9.599607
v -9.566299 0.180490 9.527122
v 0.000007 13.428843 15.624271
v 0.000007 13.171973 15.330601
v -0.179067 13.512874 15.441038
v -0.178884 13.356265 15.262358
v 0.000007 13.428843 15.624271
v 0.000008 15.868644 19.154282
v -12.157178 0.180489 9.637015
v -9.579910 0.180490 8.711576
v -9.650374 0.180490 9.625492
v -11.484379 13.828189 6.382383
v -9.952573 11.496592 6.382383
v -12.407629 13.931676 6.382383
v -16.646873 15.543784 6.382383
v -19.169334 19.112827 6.382382
v -15.571138 16.619516 6.382383
v -9.069903 12.346369 6.382382
v -9.743191 15.433526 6.382383
v -12.771695 13.319731 6.565397
v -12.408537 13.677520 6.565397
v -10.345028 10.853738 6.565397
v -9.951637 11.236861 6.565397
v -11.139513 17.885391 6.565397
v -11.159667 16.805929 6.565397
v -14.002008 17.893579 6.565397
v -15.103263 16.810665 6.565397
v -7.650695 18.077396 6.382382
v -3.251512 18.078180 6.382382
v -7.576129 17.893545 6.565397
v -3.322384 17.894098 6.565397
v -7.650695 18.077396 6.382382
v -7.576129 17.893545 6.565397
v -9.177652 16.616766 6.382383
v -9.101869 16.429935 6.565397
v -9.724157 16.600885 6.382383
v -9.177652 16.616766 6.382383
v -9.648637 16.417105 6.565397
v -9.101869 16.429935 6.565397
v -12.014403 14.321562 6.382383
v -9.724157 16.600885 6.382383
v -11.753286 14.324763 6.565397
v -9.648637 16.417105 6.565397
v -11.485559 14.074954 6.565397
v -11.484379 13.828189 6.382383
v -11.753286 14.324763 6.565397
v -12.014403 14.321562 6.382383
v -11.484379 13.828189 6.382383
v -11.485559 14.074954 6.565397
v -9.743191 15.433526 6.382383
v -9.816079 15.621592 6.565397
v -5.137826 16.647659 6.565397
v -5.062749 16.460489 6.382383
v -6.267691 15.575342 6.565397
v -6.194778 15.389092 6.382383
v -4.000706 16.456085 6.382383
v -5.062749 16.460489 6.382383
v -3.928159 16.642756 6.565397
v -5.137826 16.647659 6.565397
v -7.204596 12.318972 6.382382
v -3.574226 8.644145 6.382383
v -7.282917 12.136340 6.565397
v -3.579500 8.380439 6.565397
v -9.069903 12.346369 6.382382
v -7.204596 12.318972 6.382382
v -8.994975 12.161592 6.565397
v -7.282917 12.136340 6.565397
v -9.951637 11.236861 6.565397
v -9.952573 11.496592 6.382383
v -8.994975 12.161592 6.565397
v -9.069903 12.346369 6.382382
v -12.407629 13.931676 6.382383
v -9.952573 11.496592 6.382383
v -12.408537 13.677520 6.565397
v -9.951637 11.236861 6.565397
v -12.407629 13.931676 6.382383
v -12.408537 13.677520 6.565397
v -13.017666 13.345119 6.382383
v -12.771695 13.319731 6.565397
v -2.268424 8.987451 6.382383
v -2.449800 9.083653 6.565397
v -2.261303 13.759541 6.382383
v -2.431604 13.859561 6.565397
v -3.322384 17.894098 6.565397
v -3.251512 18.078180 6.382382
v -0.806329 15.317691 6.565397
v -0.540463 15.307946 6.382383
v -11.159667 16.805929 6.565397
v -10.979696 16.624916 6.382383
v -15.103263 16.810665 6.565397
v -15.571138 16.619516 6.382383
v -11.159667 16.805929 6.565397
v -11.139513 17.885391 6.565397
v -10.979696 16.624916 6.382383
v -10.957724 18.066061 6.382382
v -14.002008 17.893579 6.565397
v -14.076358 18.077444 6.382382
v -11.139513 17.885391 6.565397
v -10.957724 18.066061 6.382382
v -15.571138 16.619516 6.382383
v -14.076358 18.077444 6.382382
v -15.103263 16.810665 6.565397
v -14.002008 17.893579 6.565397
v -7.282917 12.136340 6.565397
v -3.579500 8.380439 6.565397
v -12.163696 7.255563 6.565397
v -8.407795 3.552150 6.565397
v -11.485559 14.074954 6.565397
v -11.753286 14.324763 6.565397
v -9.816079 15.621592 6.565397
v -9.648637 16.417105 6.565397
v -12.014403 14.321562 6.382383
v -10.979696 16.624916 6.382383
v -9.724157 16.600885 6.382383
v -6.194778 15.389092 6.382383
v -9.743191 15.433526 6.382383
v -6.267691 15.575342 6.565397
v -9.816079 15.621592 6.565397
v 0.000007 19.112827 6.382382
v -10.957724 18.066061 6.382382
v -7.650695 18.077396 6.382382
v -6.194778 15.389092 6.382383
v -5.062749 16.460489 6.382383
v -2.887110 15.358031 6.382383
v -4.000706 16.456085 6.382383
v -2.449800 9.083653 6.565397
v -2.268424 8.987451 6.382383
v -9.111010 2.422449 6.565397
v -9.014807 2.241072 6.382383
v -3.322384 17.894098 6.565397
v -5.137826 16.647659 6.565397
v -7.576129 17.893545 6.565397
v -2.711641 9.212703 6.565397
v -2.449800 9.083653 6.565397
v -10.345028 10.853738 6.565397
v -10.589834 10.882142 6.382383
v -12.771695 13.319731 6.565397
v -13.017666 13.345119 6.382383
v -13.017666 13.345119 6.382383
v -10.589834 10.882142 6.382383
v -13.372476 12.990313 6.382383
v -10.909502 10.562480 6.382383
v -2.431604 13.859561 6.565397
v -0.806329 15.317691 6.565397
v -2.261303 13.759541 6.382383
v -0.540463 15.307946 6.382383
v 0.000007 7.021327 6.382383
v -2.268424 8.987451 6.382383
v -2.261303 13.759541 6.382383
v -3.928159 16.642756 6.565397
v -2.709478 15.473744 6.565397
v -4.000706 16.456085 6.382383
v -2.887110 15.358031 6.382383
v -2.709478 15.473744 6.565397
v -2.711641 9.212703 6.565397
v -2.887110 15.358031 6.382383
v -2.888167 9.293687 6.382383
v -3.579500 8.380439 6.565397
v -3.574226 8.644145 6.382383
v -2.711641 9.212703 6.565397
v -2.888167 9.293687 6.382383
v -2.431604 13.859561 6.565397
v -2.709478 15.473744 6.565397
v -0.806329 15.317691 6.565397
v -10.345028 10.853738 6.565397
v -10.881097 10.317675 6.565397
v -10.589834 10.882142 6.382383
v -10.909502 10.562480 6.382383
v -11.523950 9.925220 6.382383
v -13.855549 11.457025 6.382383
v -13.959033 12.380272 6.382382
v -18.104803 14.049005 6.382383
v -9.014807 2.241072 6.382383
v -7.020113 0.000001 6.382383
v -16.652273 10.952341 6.382383
v -16.628239 9.696803 6.382383
v -18.093420 10.930369 6.382383
v -13.347088 12.744338 6.565397
v -10.881097 10.317675 6.565397
v -13.704878 12.381183 6.565397
v -11.264218 9.924280 6.565397
v -16.838018 15.075908 6.565397
v -16.833281 11.132313 6.565397
v -17.920938 13.974654 6.565397
v -17.912746 11.112157 6.565397
v -16.628239 9.696803 6.382383
v -16.444460 9.621282 6.565397
v -16.644123 9.150300 6.382383
v -16.457293 9.074517 6.565397
v -14.348920 11.987055 6.382382
v -13.855549 11.457025 6.382383
v -14.352120 11.725929 6.565397
v -14.102310 11.458205 6.565397
v -13.855549 11.457025 6.382383
v -15.460883 9.715837 6.382383
v -14.102310 11.458205 6.565397
v -15.648947 9.788726 6.565397
v -15.416448 6.167426 6.382383
v -16.487841 5.035397 6.382383
v -15.602697 6.240337 6.565397
v -16.675014 5.110473 6.565397
v -16.675014 5.110473 6.565397
v -16.487841 5.035397 6.382383
v -16.670109 3.900806 6.565397
v -16.483435 3.973352 6.382383
v -8.407795 3.552150 6.565397
v -8.671499 3.546872 6.382383
v -12.163696 7.255563 6.565397
v -12.346331 7.177244 6.382383
v -12.163696 7.255563 6.565397
v -12.346331 7.177244 6.382383
v -12.188951 8.967624 6.565397
v -12.373729 9.042547 6.382383
v -12.373729 9.042547 6.382383
v -11.523950 9.925220 6.382383
v -12.188951 8.967624 6.565397
v -11.264218 9.924280 6.565397
v -11.264218 9.924280 6.565397
v -11.523950 9.925220 6.382383
v -13.704878 12.381183 6.565397
v -13.959033 12.380272 6.382382
v -13.347088 12.744338 6.565397
v -13.704878 12.381183 6.565397
v -13.372476 12.990313 6.382383
v -13.959033 12.380272 6.382382
v -15.335297 0.513109 6.382383
v -18.105534 3.224160 6.382383
v -15.345049 0.778976 6.565397
v -17.921452 3.295030 6.565397
v -16.646873 15.543784 6.382383
v -16.652273 10.952341 6.382383
v -16.838018 15.075908 6.565397
v -16.833281 11.132313 6.565397
v -16.833281 11.132313 6.565397
v -16.652273 10.952341 6.382383
v -17.912746 11.112157 6.565397
v -18.093420 10.930369 6.382383
v -18.093420 10.930369 6.382383
v -18.104803 14.049005 6.382383
v -17.912746 11.112157 6.565397
v -17.920938 13.974654 6.565397
v -17.920938 13.974654 6.565397
v -18.104803 14.049005 6.382383
v -16.838018 15.075908 6.565397
v -16.646873 15.543784 6.382383
v -15.345049 0.778976 6.565397
v -17.921452 3.295030 6.565397
v -15.501097 2.682124 6.565397
v -16.670109 3.900806 6.565397
v -16.457293 9.074517 6.565397
v -16.444460 9.621282 6.565397
v -15.648947 9.788726 6.565397
v -12.373729 9.042547 6.382383
v -16.675014 5.110473 6.565397
v -14.348920 11.987055 6.382382
v -16.444460 9.621282 6.565397
v -16.628239 9.696803 6.382383
v -14.352120 11.725929 6.565397
v -14.348920 11.987055 6.382382
v -14.352120 11.725929 6.565397
v -14.102310 11.458205 6.565397
v -15.648947 9.788726 6.565397
v -15.460883 9.715837 6.382383
v -15.602697 6.240337 6.565397
v -15.416448 6.167426 6.382383
v -15.602697 6.240337 6.565397
v -18.104752 7.623341 6.382383
v -17.920900 7.548780 6.565397
v -18.105534 3.224160 6.382383
v -17.921452 3.295030 6.565397
v -18.104752 7.623341 6.382383
v -18.105534 3.224160 6.382383
v -19.169334 0.857249 6.382383
v -9.240060 2.684290 6.565397
v -9.111010 2.422449 6.565397
v -17.920900 7.548780 6.565397
v -18.104752 7.623341 6.382383
v -16.644123 9.150300 6.382383
v -17.920900 7.548780 6.565397
v -16.457293 9.074517 6.565397
v -16.644123 9.150300 6.382383
v -16.670109 3.900806 6.565397
v -16.483435 3.973352 6.382383
v -15.501097 2.682124 6.565397
v -15.385388 2.859759 6.382383
v -13.372476 12.990313 6.382383
v -10.909502 10.562480 6.382383
v -13.347088 12.744338 6.565397
v -10.881097 10.317675 6.565397
v -13.790444 2.227381 6.382383
v -15.335297 0.513109 6.382383
v -13.881754 2.397228 6.565397
v -13.790444 2.227381 6.382383
v -15.345049 0.778976 6.565397
v -15.335297 0.513109 6.382383
v -9.014807 2.241072 6.382383
v -13.790444 2.227381 6.382383
v -9.111010 2.422449 6.565397
v -13.881754 2.397228 6.565397
v -17.530558 0.857250 6.382383
v -13.881754 2.397228 6.565397
v -8.671499 3.546872 6.382383
v -9.321043 2.860814 6.382383
v -12.346331 7.177244 6.382383
v -15.385388 2.859759 6.382383
v -9.321043 2.860814 6.382383
v -9.240060 2.684290 6.565397
v -15.385388 2.859759 6.382383
v -15.501097 2.682124 6.565397
v -9.321043 2.860814 6.382383
v -8.671499 3.546872 6.382383
v -9.240060 2.684290 6.565397
v -8.407795 3.552150 6.565397
v -0.540463 15.307946 6.382383
v -9.177652 16.616766 6.382383
v -14.076358 18.077444 6.382382
v -15.416448 6.167426 6.382383
v -15.460883 9.715837 6.382383
v -17.530556 0.000000 6.382383
v -3.928159 16.642756 6.565397
v 0.000007 7.021327 6.382383
v 0.000007 19.112827 6.382382
v 0.000007 17.075836 8.532329
v -0.179067 13.512874 15.441038
v -0.185834 13.359582 14.443119
v 0.000007 13.183761 14.268284
v 0.000008 15.646827 14.231052
v -0.185834 13.359582 14.443119
v -0.185488 16.038200 14.419865
v 0.000007 15.672113 15.648960
v 0.000009 15.704610 17.021847
v -0.185007 15.852954 15.467607
v 0.000007 15.672113 15.648960
v -0.179067 13.512874 15.441038
v 0.000007 13.428843 15.624271
v -0.178884 13.356265 15.262358
v -0.185084 12.156369 9.637015
v -0.179102 9.649477 9.625413
v -0.180625 9.579101 8.711576
v -0.178851 9.565402 9.527042
v 0.000007 17.075138 17.027996
v 0.000007 19.112827 19.154282
v 0.000007 9.557780 9.802549
v -0.179102 9.649477 9.625413
v 0.000008 12.068028 9.822886
v -0.185084 12.156369 9.637015
v -3.251512 18.078180 6.382382
v -8.994975 12.161592 6.565397
v -12.188951 8.967624 6.565397
v -9.101869 16.429935 6.565397
v -6.267691 15.575342 6.565397
v -16.487841 5.035397 6.382383
v -16.483435 3.973352 6.382383
v -3.574226 8.644145 6.382383
v -7.204596 12.318972 6.382382
v -2.888167 9.293687 6.382383
v -9.566299 0.180490 9.527122
v -13.675306 0.180489 9.640507
v -16.895809 0.180491 9.613811
v -16.895809 0.180491 8.711576
v -19.169334 19.112827 19.154282
v -19.169334 0.857249 19.154282
v 0.000007 19.112827 19.154282
v -17.530558 0.857250 19.154282
v -17.530556 0.000001 19.154282
v -15.869455 0.000002 19.154282
v 0.000008 15.868644 19.154282
v 17.530558 0.857250 6.382382
v 17.530558 0.857250 19.154282
v 17.530556 0.000001 6.382382
v 17.530556 0.000002 19.154282
v 12.721438 0.000002 15.492240
v 12.708045 0.000001 14.400809
v 13.170545 0.000002 15.330875
v 13.184833 0.000001 14.267704
v 9.559810 0.000001 9.803739
v 8.935081 0.000002 9.752999
v 12.068837 0.000001 9.822879
v 15.647637 0.000001 14.231047
v 17.092009 0.000002 13.563224
v 14.076348 0.000001 9.831345
v 17.076488 -0.000000 9.796243
v 15.887298 0.180492 16.842905
v 15.855466 0.180491 15.466379
v 16.895779 0.180489 16.845535
v 16.020262 0.180490 14.408255
v 15.647637 0.000001 14.231047
v 12.157177 0.180489 9.637014
v 12.068837 0.000001 9.822879
v 12.157177 0.180489 9.637014
v 12.068837 0.000001 9.822879
v 9.650373 0.180490 9.625491
v 9.559810 0.000001 9.803739
v 9.566298 0.180490 9.527121
v 9.387773 0.000002 9.599607
v 9.579909 0.180490 8.711576
v 9.396535 0.000001 8.530240
v 9.579909 0.180490 8.711576
v 9.396535 0.000001 8.530240
v 16.895809 0.180491 8.711576
v 17.076887 0.000002 8.529233
v 16.895809 0.180491 9.613810
v 16.895809 0.180491 8.711576
v 17.076488 -0.000000 9.796243
v 17.076887 0.000002 8.529233
v 17.076488 -0.000000 9.796243
v 14.076348 0.000001 9.831345
v 16.895809 0.180491 9.613810
v 13.675305 0.180489 9.640506
v 13.675305 0.180489 9.640506
v 14.076348 0.000001 9.831345
v 16.905144 0.180491 13.629684
v 17.092009 0.000002 13.563224
v 17.076340 0.000003 17.027203
v 16.895779 0.180489 16.845535
v 17.092009 0.000002 13.563224
v 16.905144 0.180491 13.629684
v 16.895779 0.180489 16.845535
v 17.076340 0.000003 17.027203
v 15.887298 0.180492 16.842905
v 15.704147 0.000002 17.021805
v 15.855466 0.180491 15.466379
v 15.887298 0.180492 16.842905
v 15.672927 0.000003 15.648948
v 15.704147 0.000002 17.021805
v 15.855466 0.180491 15.466379
v 15.672927 0.000003 15.648948
v 13.513835 0.180490 15.441202
v 13.428919 0.000002 15.625926
v 13.356946 0.180491 15.262197
v 13.513835 0.180490 15.441202
v 13.170545 0.000002 15.330875
v 13.428919 0.000002 15.625926
v 17.076887 0.000002 8.529233
v 9.396535 0.000001 8.530240
v 17.530556 0.000001 6.382382
v 7.020113 0.000001 6.382382
v 19.169334 19.112827 6.382381
v 19.169334 19.112827 19.154282
v 19.169334 0.857249 6.382382
v 19.169334 0.857249 19.154282
v -0.000007 13.171974 15.330600
v -0.000007 12.709117 14.401486
v -0.000007 12.720627 15.492246
v -0.000008 8.934271 9.753006
v -0.000007 9.557781 9.802548
v -0.000007 13.183762 14.268283
v -0.000007 9.385741 9.598416
v -0.000007 8.921007 8.665835
v 0.178856 16.904331 13.629690
v 0.185486 13.700460 9.652896
v 0.185488 16.038200 14.419864
v 0.180627 16.894995 9.613815
v 0.180627 16.894999 8.711581
v -0.000007 17.088718 13.564047
v -0.000007 17.073761 9.794833
v -0.000007 14.075541 9.831345
v 0.180639 16.894966 16.845541
v 0.185007 15.852955 15.467606
v 0.180620 15.886480 16.842905
v -0.000007 13.183762 14.268283
v -0.000007 13.171974 15.330600
v 0.185833 13.359583 14.443118
v 0.178883 13.356266 15.262357
v -0.000008 12.068029 9.822886
v -0.000008 15.646828 14.231051
v 0.185084 12.156370 9.637014
v 0.185488 16.038200 14.419864
v -0.000008 9.395510 8.528830
v -0.000007 9.385741 9.598416
v 0.180624 9.579102 8.711576
v 0.178851 9.565403 9.527041
v 0.180624 9.579102 8.711576
v 0.180627 16.894999 8.711581
v -0.000008 9.395510 8.528830
v -0.000007 17.075836 8.532328
v -0.000007 17.073761 9.794833
v -0.000007 17.075836 8.532328
v 0.180627 16.894995 9.613815
v 0.180627 16.894999 8.711581
v -0.000007 17.088718 13.564047
v -0.000007 14.075541 9.831345
v 0.178856 16.904331 13.629690
v 0.185486 13.700460 9.652896
v -0.000007 17.075138 17.027994
v -0.000007 17.088718 13.564047
v 0.180639 16.894966 16.845541
v 0.178856 16.904331 13.629690
v -0.000009 15.704611 17.021847
v -0.000007 17.075138 17.027994
v 0.180620 15.886480 16.842905
v 0.180639 16.894966 16.845541
v -0.000009 15.704611 17.021847
v 0.180620 15.886480 16.842905
v -0.000007 15.672114 15.648959
v 0.185007 15.852955 15.467606
v 8.921815 0.000001 8.665830
v -0.000007 8.921007 8.665835
v 7.020113 0.000001 6.382382
v -0.000007 7.021327 6.382382
v 12.708045 0.000001 14.400809
v 12.721438 0.000002 15.492240
v -0.000007 12.709117 14.401486
v -0.000007 12.720627 15.492246
v -0.000007 8.921007 8.665835
v 8.921815 0.000001 8.665830
v -0.000008 8.934271 9.753006
v 8.935081 0.000002 9.752999
v -0.000008 8.934271 9.753006
v 8.935081 0.000002 9.752999
v -0.000007 12.709117 14.401486
v 12.708045 0.000001 14.400809
v 13.428919 0.000002 15.625926
v 15.704147 0.000002 17.021805
v 15.869454 0.000002 19.154282
v 9.387773 0.000002 9.599607
v 8.921815 0.000001 8.665830
v 17.076340 0.000003 17.027203
v 17.530556 0.000002 19.154282
v 13.513835 0.180490 15.441202
v 13.356946 0.180491 15.262197
v 13.365863 0.180491 14.448581
v 13.184833 0.000001 14.267704
v 13.365863 0.180491 14.448581
v 13.170545 0.000002 15.330875
v 13.356946 0.180491 15.262197
v 16.020262 0.180490 14.408255
v 13.365863 0.180491 14.448581
v 15.647637 0.000001 14.231047
v 13.184833 0.000001 14.267704
v 17.530558 0.857250 6.382382
v 19.169334 0.857249 6.382382
v 17.530558 0.857250 19.154282
v 19.169334 0.857249 19.154282
v -0.000007 9.557781 9.802548
v 0.179101 9.649478 9.625412
v -0.000007 9.385741 9.598416
v 0.178851 9.565403 9.527041
v -0.000007 17.073761 9.794833
v 0.180627 16.894995 9.613815
v -0.000007 14.075541 9.831345
v 0.185486 13.700460 9.652896
v 15.672927 0.000003 15.648948
v 16.020262 0.180490 14.408255
v -0.000008 9.395510 8.528830
v -0.000008 15.646828 14.231051
v -0.000008 12.068029 9.822886
v 12.721438 0.000002 15.492240
v 15.869454 0.000002 19.154282
v -0.000007 12.720627 15.492246
v -0.000008 15.868645 19.154282
v -0.000007 19.112827 6.382381
v -0.000007 19.112827 19.154282
v 19.169334 19.112827 6.382381
v 19.169334 19.112827 19.154282
v 16.905144 0.180491 13.629684
v 9.559810 0.000001 9.803739
v 9.387773 0.000002 9.599607
v 9.650373 0.180490 9.625491
v 9.566298 0.180490 9.527121
v -0.000007 13.428844 15.624270
v 0.179067 13.512875 15.441037
v -0.000007 13.171974 15.330600
v 0.178883 13.356266 15.262357
v -0.000007 13.428844 15.624270
v -0.000008 15.868645 19.154282
v 12.157177 0.180489 9.637014
v 9.650373 0.180490 9.625491
v 9.579909 0.180490 8.711576
v 11.484378 13.828190 6.382382
v 12.407628 13.931677 6.382382
v 9.952572 11.496593 6.382382
v 16.646873 15.543785 6.382382
v 15.571137 16.619516 6.382382
v 19.169334 19.112827 6.382381
v 9.069902 12.346370 6.382381
v 9.743190 15.433527 6.382382
v 12.771694 13.319732 6.565396
v 10.345027 10.853739 6.565396
v 12.408536 13.677521 6.565396
v 9.951636 11.236862 6.565396
v 15.103262 16.810665 6.565396
v 11.159666 16.805929 6.565396
v 14.002007 17.893579 6.565396
v 11.139512 17.885391 6.565396
v 7.650695 18.077396 6.382381
v 7.576129 17.893545 6.565396
v 3.251512 18.078180 6.382381
v 3.322384 17.894098 6.565396
v 9.101868 16.429935 6.565396
v 7.576129 17.893545 6.565396
v 9.177651 16.616766 6.382382
v 7.650695 18.077396 6.382381
v 9.101868 16.429935 6.565396
v 9.177651 16.616766 6.382382
v 9.648636 16.417105 6.565396
v 9.724156 16.600885 6.382382
v 9.648636 16.417105 6.565396
v 9.724156 16.600885 6.382382
v 11.753285 14.324764 6.565396
v 12.014402 14.321563 6.382382
v 11.485559 14.074955 6.565396
v 11.753285 14.324764 6.565396
v 11.484378 13.828190 6.382382
v 12.014402 14.321563 6.382382
v 9.816078 15.621593 6.565396
v 11.485559 14.074955 6.565396
v 9.743190 15.433527 6.382382
v 11.484378 13.828190 6.382382
v 5.137826 16.647659 6.565396
v 6.267691 15.575343 6.565396
v 5.062749 16.460489 6.382382
v 6.194778 15.389093 6.382382
v 5.137826 16.647659 6.565396
v 5.062749 16.460489 6.382382
v 3.928159 16.642756 6.565396
v 4.000706 16.456085 6.382382
v 7.204596 12.318973 6.382381
v 7.282917 12.136341 6.565396
v 3.574225 8.644146 6.382382
v 3.579500 8.380440 6.565396
v 7.282917 12.136341 6.565396
v 7.204596 12.318973 6.382381
v 8.994974 12.161593 6.565396
v 9.069902 12.346370 6.382381
v 9.069902 12.346370 6.382381
v 9.952572 11.496593 6.382382
v 8.994974 12.161593 6.565396
v 9.951636 11.236862 6.565396
v 9.951636 11.236862 6.565396
v 9.952572 11.496593 6.382382
v 12.408536 13.677521 6.565396
v 12.407628 13.931677 6.382382
v 12.771694 13.319732 6.565396
v 12.408536 13.677521 6.565396
v 13.017665 13.345119 6.382382
v 12.407628 13.931677 6.382382
v 2.268423 8.987452 6.382382
v 2.261303 13.759542 6.382382
v 2.449800 9.083654 6.565396
v 2.431604 13.859562 6.565396
v 0.540462 15.307947 6.382382
v 3.251512 18.078180 6.382381
v 0.806329 15.317692 6.565396
v 3.322384 17.894098 6.565396
v 15.571137 16.619516 6.382382
v 10.979695 16.624916 6.382382
v 15.103262 16.810665 6.565396
v 11.159666 16.805929 6.565396
v 11.159666 16.805929 6.565396
v 10.979695 16.624916 6.382382
v 11.139512 17.885391 6.565396
v 10.957723 18.066061 6.382381
v 10.957723 18.066061 6.382381
v 14.076357 18.077444 6.382381
v 11.139512 17.885391 6.565396
v 14.002007 17.893579 6.565396
v 14.002007 17.893579 6.565396
v 14.076357 18.077444 6.382381
v 15.103262 16.810665 6.565396
v 15.571137 16.619516 6.382382
v 7.282917 12.136341 6.565396
v 12.163695 7.255563 6.565396
v 3.579500 8.380440 6.565396
v 8.407794 3.552150 6.565396
v 11.485559 14.074955 6.565396
v 9.816078 15.621593 6.565396
v 11.753285 14.324764 6.565396
v 9.648636 16.417105 6.565396
v 12.014402 14.321563 6.382382
v 9.724156 16.600885 6.382382
v 10.979695 16.624916 6.382382
v 9.816078 15.621593 6.565396
v 9.743190 15.433527 6.382382
v 6.267691 15.575343 6.565396
v 6.194778 15.389093 6.382382
v 7.650695 18.077396 6.382381
v -0.000007 19.112827 6.382381
v 10.957723 18.066061 6.382381
v 6.194778 15.389093 6.382382
v 2.887110 15.358032 6.382382
v 5.062749 16.460489 6.382382
v 4.000706 16.456085 6.382382
v 2.449800 9.083654 6.565396
v 9.111009 2.422449 6.565396
v 2.268423 8.987452 6.382382
v 9.014806 2.241073 6.382382
v 3.322384 17.894098 6.565396
v 7.576129 17.893545 6.565396
v 5.137826 16.647659 6.565396
v 2.711640 9.212704 6.565396
v 2.449800 9.083654 6.565396
v 13.017665 13.345119 6.382382
v 10.589833 10.882143 6.382382
v 12.771694 13.319732 6.565396
v 10.345027 10.853739 6.565396
v 13.017665 13.345119 6.382382
v 13.372475 12.990314 6.382382
v 10.589833 10.882143 6.382382
v 10.909501 10.562481 6.382382
v 2.431604 13.859562 6.565396
v 2.261303 13.759542 6.382382
v 0.806329 15.317692 6.565396
v 0.540462 15.307947 6.382382
v -0.000007 7.021327 6.382382
v 2.261303 13.759542 6.382382
v 2.268423 8.987452 6.382382
v 2.887110 15.358032 6.382382
v 2.709478 15.473745 6.565396
v 4.000706 16.456085 6.382382
v 3.928159 16.642756 6.565396
v 2.888167 9.293688 6.382382
v 2.711640 9.212704 6.565396
v 2.887110 15.358032 6.382382
v 2.709478 15.473745 6.565396
v 3.579500 8.380440 6.565396
v 2.711640 9.212704 6.565396
v 3.574225 8.644146 6.382382
v 2.888167 9.293688 6.382382
v 2.431604 13.859562 6.565396
v 2.709478 15.473745 6.565396
v 0.806329 15.317692 6.565396
v 10.345027 10.853739 6.565396
v 10.589833 10.882143 6.382382
v 10.881096 10.317676 6.565396
v 10.909501 10.562481 6.382382
v 11.523949 9.925221 6.382382
v 13.959032 12.380273 6.382381
v 13.855548 11.457026 6.382382
v 18.104803 14.049006 6.382382
v 7.020113 0.000001 6.382382
v 9.014806 2.241073 6.382382
v 16.652273 10.952342 6.382382
v 18.093420 10.930370 6.382382
v 16.628239 9.696804 6.382382
v 13.347087 12.744339 6.565396
v 13.704877 12.381184 6.565396
v 10.881096 10.317676 6.565396
v 11.264217 9.924281 6.565396
v 17.912746 11.112158 6.565396
v 16.833281 11.132314 6.565396
v 17.920938 13.974655 6.565396
v 16.838018 15.075909 6.565396
v 16.457293 9.074518 6.565396
v 16.444460 9.621283 6.565396
v 16.644123 9.150301 6.382382
v 16.628239 9.696804 6.382382
v 14.102309 11.458206 6.565396
v 13.855548 11.457026 6.382382
v 14.352119 11.725930 6.565396
v 14.348919 11.987056 6.382381
v 15.648946 9.788727 6.565396
v 15.460882 9.715838 6.382382
v 14.102309 11.458206 6.565396
v 13.855548 11.457026 6.382382
v 15.416447 6.167426 6.382382
v 15.602696 6.240337 6.565396
v 16.487841 5.035397 6.382382
v 16.675014 5.110473 6.565396
v 16.675014 5.110473 6.565396
v 16.670109 3.900806 6.565396
v 16.487841 5.035397 6.382382
v 16.483435 3.973352 6.382382
v 8.407794 3.552150 6.565396
v 12.163695 7.255563 6.565396
v 8.671498 3.546873 6.382382
v 12.346330 7.177244 6.382382
v 12.163695 7.255563 6.565396
v 12.188951 8.967625 6.565396
v 12.346330 7.177244 6.382382
v 12.373728 9.042548 6.382382
v 12.373728 9.042548 6.382382
v 12.188951 8.967625 6.565396
v 11.523949 9.925221 6.382382
v 11.264217 9.924281 6.565396
v 13.959032 12.380273 6.382381
v 11.523949 9.925221 6.382382
v 13.704877 12.381184 6.565396
v 11.264217 9.924281 6.565396
v 13.959032 12.380273 6.382381
v 13.704877 12.381184 6.565396
v 13.372475 12.990314 6.382382
v 13.347087 12.744339 6.565396
v 17.921452 3.295030 6.565396
v 18.105534 3.224160 6.382382
v 15.345048 0.778977 6.565396
v 15.335296 0.513109 6.382382
v 16.833281 11.132314 6.565396
v 16.652273 10.952342 6.382382
v 16.838018 15.075909 6.565396
v 16.646873 15.543785 6.382382
v 16.833281 11.132314 6.565396
v 17.912746 11.112158 6.565396
v 16.652273 10.952342 6.382382
v 18.093420 10.930370 6.382382
v 17.920938 13.974655 6.565396
v 18.104803 14.049006 6.382382
v 17.912746 11.112158 6.565396
v 18.093420 10.930370 6.382382
v 16.646873 15.543785 6.382382
v 18.104803 14.049006 6.382382
v 16.838018 15.075909 6.565396
v 17.920938 13.974655 6.565396
v 15.345048 0.778977 6.565396
v 15.501096 2.682124 6.565396
v 17.921452 3.295030 6.565396
v 16.670109 3.900806 6.565396
v 16.457293 9.074518 6.565396
v 15.648946 9.788727 6.565396
v 16.444460 9.621283 6.565396
v 12.373728 9.042548 6.382382
v 16.675014 5.110473 6.565396
v 14.348919 11.987056 6.382381
v 14.348919 11.987056 6.382381
v 16.628239 9.696804 6.382382
v 14.352119 11.725930 6.565396
v 16.444460 9.621283 6.565396
v 14.102309 11.458206 6.565396
v 14.352119 11.725930 6.565396
v 15.648946 9.788727 6.565396
v 15.602696 6.240337 6.565396
v 15.460882 9.715838 6.382382
v 15.416447 6.167426 6.382382
v 15.602696 6.240337 6.565396
v 17.921452 3.295030 6.565396
v 17.920900 7.548780 6.565396
v 18.105534 3.224160 6.382382
v 18.104752 7.623341 6.382382
v 18.104752 7.623341 6.382382
v 19.169334 0.857249 6.382382
v 18.105534 3.224160 6.382382
v 9.240059 2.684291 6.565396
v 9.111009 2.422449 6.565396
v 17.920900 7.548780 6.565396
v 18.104752 7.623341 6.382382
v 17.920900 7.548780 6.565396
v 16.644123 9.150301 6.382382
v 16.457293 9.074518 6.565396
v 16.644123 9.150301 6.382382
v 15.385387 2.859759 6.382382
v 16.483435 3.973352 6.382382
v 15.501096 2.682124 6.565396
v 16.670109 3.900806 6.565396
v 10.881096 10.317676 6.565396
v 10.909501 10.562481 6.382382
v 13.347087 12.744339 6.565396
v 13.372475 12.990314 6.382382
v 13.790443 2.227381 6.382382
v 15.335296 0.513109 6.382382
v 15.335296 0.513109 6.382382
v 13.790443 2.227381 6.382382
v 15.345048 0.778977 6.565396
v 13.881753 2.397228 6.565396
v 13.881753 2.397228 6.565396
v 13.790443 2.227381 6.382382
v 9.111009 2.422449 6.565396
v 9.014806 2.241073 6.382382
v 17.530558 0.857250 6.382382
v 13.881753 2.397228 6.565396
v 8.671498 3.546873 6.382382
v 12.346330 7.177244 6.382382
v 9.321042 2.860815 6.382382
v 15.385387 2.859759 6.382382
v 15.501096 2.682124 6.565396
v 9.240059 2.684291 6.565396
v 15.385387 2.859759 6.382382
v 9.321042 2.860815 6.382382
v 9.321042 2.860815 6.382382
v 9.240059 2.684291 6.565396
v 8.671498 3.546873 6.382382
v 8.407794 3.552150 6.565396
v 0.540462 15.307947 6.382382
v 9.177651 16.616766 6.382382
v 14.076357 18.077444 6.382381
v 15.460882 9.715838 6.382382
v 15.416447 6.167426 6.382382
v 17.530556 0.000001 6.382382
v 3.928159 16.642756 6.565396
v -0.000007 7.021327 6.382382
v -0.000007 19.112827 6.382381
v -0.000007 17.075836 8.532328
v 0.179067 13.512875 15.441037
v 0.185833 13.359583 14.443118
v 0.185488 16.038200 14.419864
v -0.000008 15.646828 14.231051
v 0.185833 13.359583 14.443118
v -0.000007 13.183762 14.268283
v -0.000007 15.672114 15.648959
v -0.000009 15.704611 17.021847
v -0.000007 13.428844 15.624270
v -0.000007 15.672114 15.648959
v 0.179067 13.512875 15.441037
v 0.185007 15.852955 15.467606
v 0.178883 13.356266 15.262357
v 0.185084 12.156370 9.637014
v 0.180624 9.579102 8.711576
v 0.179101 9.649478 9.625412
v 0.178851 9.565403 9.527041
v -0.000007 17.075138 17.027994
v -0.000007 19.112827 19.154282
v 0.185084 12.156370 9.637014
v 0.179101 9.649478 9.625412
v -0.000008 12.068029 9.822886
v -0.000007 9.557781 9.802548
v 3.251512 18.078180 6.382381
v 8.994974 12.161593 6.565396
v 12.188951 8.967625 6.565396
v 9.101868 16.429935 6.565396
v 6.267691 15.575343 6.565396
v 16.487841 5.035397 6.382382
v 16.483435 3.973352 6.382382
v 3.574225 8.644146 6.382382
v 2.888167 9.293688 6.382382
v 7.204596 12.318973 6.382381
v 9.566298 0.180490 9.527121
v 13.675305 0.180489 9.640506
v 16.895809 0.180491 8.711576
v 16.895809 0.180491 9.613810
v 19.169334 19.112827 19.154282
v -0.000007 19.112827 19.154282
v 19.169334 0.857249 19.154282
v 17.530558 0.857250 19.154282
v 15.869454 0.000002 19.154282
v 17.530556 0.000002 19.154282
v -0.000008 15.868645 19.154282
v 17.530558 -0.857247 6.382383
v 17.530556 0.000002 6.382383
v 17.530556 -0.857245 19.154282
v 17.530558 0.000001 19.154282
v 13.184833 -0.000000 14.267704
v 12.708046 0.000000 14.400809
v 13.170545 0.000001 15.330875
v 12.721438 0.000003 15.492240
v 8.935080 0.000001 9.753001
v 9.559810 0.000003 9.803740
v 15.647637 0.000000 14.231047
v 12.068837 0.000003 9.822880
v 17.092009 -0.000001 13.563224
v 17.076488 0.000002 9.796245
v 14.076347 0.000001 9.831346
v 15.887298 -0.180487 16.842907
v 16.895777 -0.180489 16.845535
v 15.855465 -0.180486 15.466381
v 12.068837 0.000003 9.822880
v 15.647637 0.000000 14.231047
v 12.157179 -0.180486 9.637016
v 16.020262 -0.180489 14.408257
v 9.559810 0.000003 9.803740
v 12.068837 0.000003 9.822880
v 9.650373 -0.180486 9.625492
v 12.157179 -0.180486 9.637016
v 9.396535 0.000002 8.530241
v 9.387771 0.000002 9.599607
v 9.579911 -0.180488 8.711576
v 9.566298 -0.180487 9.527122
v 9.579911 -0.180488 8.711576
v 16.895809 -0.180487 8.711576
v 9.396535 0.000002 8.530241
v 17.076883 0.000001 8.529234
v 16.895809 -0.180487 9.613810
v 17.076488 0.000002 9.796245
v 16.895809 -0.180487 8.711576
v 17.076883 0.000001 8.529234
v 17.076488 0.000002 9.796245
v 16.895809 -0.180487 9.613810
v 14.076347 0.000001 9.831346
v 13.675305 -0.180488 9.640507
v 13.675305 -0.180488 9.640507
v 16.905140 -0.180488 13.629686
v 14.076347 0.000001 9.831346
v 17.092009 -0.000001 13.563224
v 17.076340 0.000003 17.027203
v 17.092009 -0.000001 13.563224
v 16.895777 -0.180489 16.845535
v 16.905140 -0.180488 13.629686
v 16.895777 -0.180489 16.845535
v 15.887298 -0.180487 16.842907
v 17.076340 0.000003 17.027203
v 15.704149 0.000001 17.021805
v 15.855465 -0.180486 15.466381
v 15.672927 0.000001 15.648948
v 15.887298 -0.180487 16.842907
v 15.704149 0.000001 17.021805
v 13.428918 0.000001 15.625926
v 15.672927 0.000001 15.648948
v 13.513837 -0.180486 15.441204
v 15.855465 -0.180486 15.466381
v 13.428918 0.000001 15.625926
v 13.513837 -0.180486 15.441204
v 13.170545 0.000001 15.330875
v 13.356946 -0.180487 15.262199
v 17.076883 0.000001 8.529234
v 17.530556 0.000002 6.382383
v 9.396535 0.000002 8.530241
v 7.020111 0.000002 6.382383
v 19.169338 -19.112822 6.382382
v 19.169338 -0.857244 6.382383
v 19.169338 -19.112822 19.154282
v 19.169338 -0.857245 19.154282
v -0.000008 -13.171971 15.330602
v -0.000008 -12.720624 15.492248
v -0.000007 -12.709115 14.401486
v -0.000007 -8.934269 9.753008
v -0.000007 -9.557778 9.802548
v -0.000008 -13.183757 14.268285
v -0.000008 -9.385738 9.598416
v -0.000008 -8.921004 8.665837
v 0.178856 -16.904325 13.629693
v 0.185486 -16.038195 14.419866
v 0.185485 -13.700455 9.652898
v 0.180627 -16.894989 9.613816
v 0.180626 -16.894991 8.711583
v -0.000007 -17.088713 13.564050
v -0.000008 -14.075535 9.831346
v -0.000007 -17.073755 9.794835
v 0.180639 -16.894958 16.845543
v 0.180620 -15.886479 16.842903
v 0.185006 -15.852950 15.467607
v 0.178882 -13.356261 15.262357
v -0.000008 -13.171971 15.330602
v 0.185832 -13.359578 14.443120
v -0.000008 -13.183757 14.268285
v 0.185486 -16.038195 14.419866
v -0.000007 -15.646826 14.231053
v 0.185084 -12.156369 9.637015
v -0.000008 -12.068027 9.822886
v -0.000008 -9.395505 8.528831
v 0.180624 -9.579098 8.711576
v -0.000008 -9.385738 9.598416
v 0.178850 -9.565399 9.527043
v 0.180624 -9.579098 8.711576
v -0.000008 -9.395505 8.528831
v 0.180626 -16.894991 8.711583
v -0.000007 -17.075830 8.532329
v -0.000007 -17.073755 9.794835
v 0.180627 -16.894989 9.613816
v -0.000007 -17.075830 8.532329
v 0.180626 -16.894991 8.711583
v -0.000007 -17.088713 13.564050
v 0.178856 -16.904325 13.629693
v -0.000008 -14.075535 9.831346
v 0.185485 -13.700455 9.652898
v -0.000005 -17.075132 17.027992
v 0.180639 -16.894958 16.845543
v -0.000007 -17.088713 13.564050
v 0.178856 -16.904325 13.629693
v -0.000008 -15.704610 17.021847
v 0.180620 -15.886479 16.842903
v -0.000005 -17.075132 17.027992
v 0.180639 -16.894958 16.845543
v 0.185006 -15.852950 15.467607
v 0.180620 -15.886479 16.842903
v -0.000007 -15.672111 15.648961
v -0.000008 -15.704610 17.021847
v 8.921815 0.000002 8.665831
v 7.020111 0.000002 6.382383
v -0.000008 -8.921004 8.665837
v -0.000008 -7.021323 6.382384
v 12.708046 0.000000 14.400809
v -0.000007 -12.709115 14.401486
v 12.721438 0.000003 15.492240
v -0.000008 -12.720624 15.492248
v -0.000008 -8.921004 8.665837
v -0.000007 -8.934269 9.753008
v 8.921815 0.000002 8.665831
v 8.935080 0.000001 9.753001
v -0.000007 -8.934269 9.753008
v -0.000007 -12.709115 14.401486
v 8.935080 0.000001 9.753001
v 12.708046 0.000000 14.400809
v 13.428918 0.000001 15.625926
v 15.869454 -0.000000 19.154282
v 15.704149 0.000001 17.021805
v 9.387771 0.000002 9.599607
v 8.921815 0.000002 8.665831
v 17.076340 0.000003 17.027203
v 17.530558 0.000001 19.154282
v 13.513837 -0.180486 15.441204
v 13.365864 -0.180487 14.448583
v 13.356946 -0.180487 15.262199
v 13.184833 -0.000000 14.267704
v 13.170545 0.000001 15.330875
v 13.365864 -0.180487 14.448583
v 13.356946 -0.180487 15.262199
v 13.184833 -0.000000 14.267704
v 13.365864 -0.180487 14.448583
v 15.647637 0.000000 14.231047
v 16.020262 -0.180489 14.408257
v 17.530558 -0.857247 6.382383
v 17.530556 -0.857245 19.154282
v 19.169338 -0.857244 6.382383
v 19.169338 -0.857245 19.154282
v -0.000007 -9.557778 9.802548
v -0.000008 -9.385738 9.598416
v 0.179102 -9.649476 9.625413
v 0.178850 -9.565399 9.527043
v 0.185485 -13.700455 9.652898
v 0.180627 -16.894989 9.613816
v -0.000008 -14.075535 9.831346
v -0.000007 -17.073755 9.794835
v 15.672927 0.000001 15.648948
v 16.020262 -0.180489 14.408257
v -0.000008 -9.395505 8.528831
v -0.000008 -12.068027 9.822886
v -0.000007 -15.646826 14.231053
v 12.721438 0.000003 15.492240
v -0.000008 -12.720624 15.492248
v 15.869454 -0.000000 19.154282
v -0.000007 -15.868638 19.154282
v -0.000009 -19.112822 6.382382
v 19.169338 -19.112822 6.382382
v -0.000009 -19.112822 19.154282
v 19.169338 -19.112822 19.154282
v 16.905140 -0.180488 13.629686
v 9.559810 0.000003 9.803740
v 9.650373 -0.180486 9.625492
v 9.387771 0.000002 9.599607
v 9.566298 -0.180487 9.527122
v -0.000008 -13.428840 15.624272
v -0.000008 -13.171971 15.330602
v 0.179068 -13.512870 15.441037
v 0.178882 -13.356261 15.262357
v -0.000008 -13.428840 15.624272
v -0.000007 -15.868638 19.154282
v 12.157179 -0.180486 9.637016
v 9.579911 -0.180488 8.711576
v 9.650373 -0.180486 9.625492
v 11.484378 -13.828187 6.382382
v 9.952574 -11.496590 6.382382
v 12.407630 -13.931672 6.382382
v 16.646873 -15.543781 6.382382
v 19.169338 -19.112822 6.382382
v 15.571138 -16.619514 6.382382
v 9.069901 -12.346368 6.382382
v 9.743190 -15.433522 6.382382
v 12.771693 -13.319728 6.565396
v 12.408536 -13.677516 6.565396
v 10.345026 -10.853733 6.565396
v 9.951636 -11.236859 6.565396
v 11.139512 -17.885386 6.565396
v 11.159665 -16.805923 6.565396
v 14.002007 -17.893572 6.565396
v 15.103260 -16.810658 6.565396
v 7.650694 -18.077391 6.382382
v 3.251514 -18.078175 6.382382
v 7.576130 -17.893539 6.565396
v 3.322385 -17.894093 6.565396
v 7.650694 -18.077391 6.382382
v 7.576130 -17.893539 6.565396
v 9.177650 -16.616760 6.382382
v 9.101870 -16.429932 6.565396
v 9.724157 -16.600880 6.382382
v 9.177650 -16.616760 6.382382
v 9.648637 -16.417099 6.565396
v 9.101870 -16.429932 6.565396
v 12.014404 -14.321560 6.382382
v 9.724157 -16.600880 6.382382
v 11.753284 -14.324760 6.565396
v 9.648637 -16.417099 6.565396
v 11.485558 -14.074949 6.565396
v 11.484378 -13.828187 6.382382
v 11.753284 -14.324760 6.565396
v 12.014404 -14.321560 6.382382
v 11.484378 -13.828187 6.382382
v 11.485558 -14.074949 6.565396
v 9.743190 -15.433522 6.382382
v 9.816078 -15.621586 6.565396
v 5.137826 -16.647654 6.565396
v 5.062750 -16.460484 6.382382
v 6.267691 -15.575340 6.565396
v 6.194777 -15.389089 6.382382
v 4.000706 -16.456079 6.382382
v 5.062750 -16.460484 6.382382
v 3.928159 -16.642750 6.565396
v 5.137826 -16.647654 6.565396
v 7.204597 -12.318971 6.382382
v 3.574225 -8.644142 6.382382
v 7.282915 -12.136337 6.565396
v 3.579501 -8.380437 6.565396
v 9.069901 -12.346368 6.382382
v 7.204597 -12.318971 6.382382
v 8.994975 -12.161592 6.565396
v 7.282915 -12.136337 6.565396
v 9.951636 -11.236859 6.565396
v 9.952574 -11.496590 6.382382
v 8.994975 -12.161592 6.565396
v 9.069901 -12.346368 6.382382
v 12.407630 -13.931672 6.382382
v 9.952574 -11.496590 6.382382
v 12.408536 -13.677516 6.565396
v 9.951636 -11.236859 6.565396
v 12.407630 -13.931672 6.382382
v 12.408536 -13.677516 6.565396
v 13.017664 -13.345114 6.382382
v 12.771693 -13.319728 6.565396
v 2.268423 -8.987447 6.382382
v 2.449802 -9.083653 6.565397
v 2.261305 -13.759538 6.382382
v 2.431605 -13.859555 6.565396
v 3.322385 -17.894093 6.565396
v 3.251514 -18.078175 6.382382
v 0.806329 -15.317689 6.565396
v 0.540463 -15.307942 6.382382
v 11.159665 -16.805923 6.565396
v 10.979695 -16.624912 6.382382
v 15.103260 -16.810658 6.565396
v 15.571138 -16.619514 6.382382
v 11.159665 -16.805923 6.565396
v 11.139512 -17.885386 6.565396
v 10.979695 -16.624912 6.382382
v 10.957722 -18.066055 6.382382
v 14.002007 -17.893572 6.565396
v 14.076359 -18.077440 6.382382
v 11.139512 -17.885386 6.565396
v 10.957722 -18.066055 6.382382
v 15.571138 -16.619514 6.382382
v 14.076359 -18.077440 6.382382
v 15.103260 -16.810658 6.565396
v 14.002007 -17.893572 6.565396
v 7.282915 -12.136337 6.565396
v 3.579501 -8.380437 6.565396
v 12.163697 -7.255561 6.565397
v 8.407794 -3.552147 6.565397
v 11.485558 -14.074949 6.565396
v 11.753284 -14.324760 6.565396
v 9.816078 -15.621586 6.565396
v 9.648637 -16.417099 6.565396
v 12.014404 -14.321560 6.382382
v 10.979695 -16.624912 6.382382
v 9.724157 -16.600880 6.382382
v 6.194777 -15.389089 6.382382
v 9.743190 -15.433522 6.382382
v 6.267691 -15.575340 6.565396
v 9.816078 -15.621586 6.565396
v -0.000009 -19.112822 6.382382
v 10.957722 -18.066055 6.382382
v 7.650694 -18.077391 6.382382
v 6.194777 -15.389089 6.382382
v 5.062750 -16.460484 6.382382
v 2.887111 -15.358027 6.382382
v 4.000706 -16.456079 6.382382
v 2.449802 -9.083653 6.565397
v 2.268423 -8.987447 6.382382
v 9.111009 -2.422448 6.565397
v 9.014807 -2.241069 6.382383
v 3.322385 -17.894093 6.565396
v 5.137826 -16.647654 6.565396
v 7.576130 -17.893539 6.565396
v 2.711640 -9.212701 6.565395
v 2.449802 -9.083653 6.565397
v 10.345026 -10.853733 6.565396
v 10.589833 -10.882142 6.382382
v 12.771693 -13.319728 6.565396
v 13.017664 -13.345114 6.382382
v 13.017664 -13.345114 6.382382
v 10.589833 -10.882142 6.382382
v 13.372476 -12.990308 6.382382
v 10.909501 -10.562478 6.382382
v 2.431605 -13.859555 6.565396
v 0.806329 -15.317689 6.565396
v 2.261305 -13.759538 6.382382
v 0.540463 -15.307942 6.382382
v -0.000008 -7.021323 6.382384
v 2.268423 -8.987447 6.382382
v 2.261305 -13.759538 6.382382
v 3.928159 -16.642750 6.565396
v 2.709476 -15.473741 6.565396
v 4.000706 -16.456079 6.382382
v 2.887111 -15.358027 6.382382
v 2.709476 -15.473741 6.565396
v 2.711640 -9.212701 6.565395
v 2.887111 -15.358027 6.382382
v 2.888167 -9.293683 6.382382
v 3.579501 -8.380437 6.565396
v 3.574225 -8.644142 6.382382
v 2.711640 -9.212701 6.565395
v 2.888167 -9.293683 6.382382
v 2.431605 -13.859555 6.565396
v 2.709476 -15.473741 6.565396
v 0.806329 -15.317689 6.565396
v 10.345026 -10.853733 6.565396
v 10.881097 -10.317674 6.565396
v 10.589833 -10.882142 6.382382
v 10.909501 -10.562478 6.382382
v 11.523951 -9.925217 6.382382
v 13.855545 -11.457022 6.382382
v 13.959029 -12.380269 6.382382
v 18.104803 -14.049002 6.382382
v 9.014807 -2.241069 6.382383
v 7.020111 0.000002 6.382383
v 16.652271 -10.952339 6.382382
v 16.628239 -9.696800 6.382382
v 18.093416 -10.930369 6.382382
v 13.347085 -12.744336 6.565396
v 10.881097 -10.317674 6.565396
v 13.704876 -12.381180 6.565396
v 11.264218 -9.924279 6.565396
v 16.838018 -15.075902 6.565396
v 16.833282 -11.132312 6.565396
v 17.920938 -13.974649 6.565396
v 17.912745 -11.112155 6.565396
v 16.628239 -9.696800 6.382382
v 16.444460 -9.621279 6.565396
v 16.644121 -9.150296 6.382382
v 16.457293 -9.074513 6.565395
v 14.348920 -11.987050 6.382382
v 13.855545 -11.457022 6.382382
v 14.352118 -11.725926 6.565396
v 14.102309 -11.458203 6.565396
v 13.855545 -11.457022 6.382382
v 15.460884 -9.715836 6.382382
v 14.102309 -11.458203 6.565396
v 15.648946 -9.788724 6.565396
v 15.416448 -6.167422 6.382383
v 16.487843 -5.035396 6.382383
v 15.602696 -6.240335 6.565398
v 16.675014 -5.110470 6.565397
v 16.675014 -5.110470 6.565397
v 16.487843 -5.035396 6.382383
v 16.670107 -3.900803 6.565397
v 16.483437 -3.973350 6.382383
v 8.407794 -3.552147 6.565397
v 8.671498 -3.546872 6.382383
v 12.163697 -7.255561 6.565397
v 12.346329 -7.177240 6.382383
v 12.163697 -7.255561 6.565397
v 12.346329 -7.177240 6.382383
v 12.188950 -8.967619 6.565395
v 12.373726 -9.042545 6.382381
v 12.373726 -9.042545 6.382381
v 11.523951 -9.925217 6.382382
v 12.188950 -8.967619 6.565395
v 11.264218 -9.924279 6.565396
v 11.264218 -9.924279 6.565396
v 11.523951 -9.925217 6.382382
v 13.704876 -12.381180 6.565396
v 13.959029 -12.380269 6.382382
v 13.347085 -12.744336 6.565396
v 13.704876 -12.381180 6.565396
v 13.372476 -12.990308 6.382382
v 13.959029 -12.380269 6.382382
v 15.335298 -0.513107 6.382383
v 18.105536 -3.224156 6.382383
v 15.345047 -0.778972 6.565397
v 17.921452 -3.295027 6.565397
v 16.646873 -15.543781 6.382382
v 16.652271 -10.952339 6.382382
v 16.838018 -15.075902 6.565396
v 16.833282 -11.132312 6.565396
v 16.833282 -11.132312 6.565396
v 16.652271 -10.952339 6.382382
v 17.912745 -11.112155 6.565396
v 18.093416 -10.930369 6.382382
v 18.093416 -10.930369 6.382382
v 18.104803 -14.049002 6.382382
v 17.912745 -11.112155 6.565396
v 17.920938 -13.974649 6.565396
v 17.920938 -13.974649 6.565396
v 18.104803 -14.049002 6.382382
v 16.838018 -15.075902 6.565396
v 16.646873 -15.543781 6.382382
v 15.345047 -0.778972 6.565397
v 17.921452 -3.295027 6.565397
v 15.501094 -2.682122 6.565397
v 16.670107 -3.900803 6.565397
v 16.457293 -9.074513 6.565395
v 16.444460 -9.621279 6.565396
v 15.648946 -9.788724 6.565396
v 12.373726 -9.042545 6.382381
v 16.675014 -5.110470 6.565397
v 14.348920 -11.987050 6.382382
v 16.444460 -9.621279 6.565396
v 16.628239 -9.696800 6.382382
v 14.352118 -11.725926 6.565396
v 14.348920 -11.987050 6.382382
v 14.352118 -11.725926 6.565396
v 14.102309 -11.458203 6.565396
v 15.648946 -9.788724 6.565396
v 15.460884 -9.715836 6.382382
v 15.602696 -6.240335 6.565398
v 15.416448 -6.167422 6.382383
v 15.602696 -6.240335 6.565398
v 18.104752 -7.623338 6.382382
v 17.920900 -7.548778 6.565396
v 18.105536 -3.224156 6.382383
v 17.921452 -3.295027 6.565397
v 18.104752 -7.623338 6.382382
v 18.105536 -3.224156 6.382383
v 19.169338 -0.857244 6.382383
v 9.240059 -2.684287 6.565397
v 9.111009 -2.422448 6.565397
v 17.920900 -7.548778 6.565396
v 18.104752 -7.623338 6.382382
v 16.644121 -9.150296 6.382382
v 17.920900 -7.548778 6.565396
v 16.457293 -9.074513 6.565395
v 16.644121 -9.150296 6.382382
v 16.670107 -3.900803 6.565397
v 16.483437 -3.973350 6.382383
v 15.501094 -2.682122 6.565397
v 15.385388 -2.859755 6.382383
v 13.372476 -12.990308 6.382382
v 10.909501 -10.562478 6.382382
v 13.347085 -12.744336 6.565396
v 10.881097 -10.317674 6.565396
v 13.790444 -2.227380 6.382383
v 15.335298 -0.513107 6.382383
v 13.881753 -2.397223 6.565397
v 13.790444 -2.227380 6.382383
v 15.345047 -0.778972 6.565397
v 15.335298 -0.513107 6.382383
v 9.014807 -2.241069 6.382383
v 13.790444 -2.227380 6.382383
v 9.111009 -2.422448 6.565397
v 13.881753 -2.397223 6.565397
v 17.530558 -0.857247 6.382383
v 13.881753 -2.397223 6.565397
v 8.671498 -3.546872 6.382383
v 9.321041 -2.860812 6.382383
v 12.346329 -7.177240 6.382383
v 15.385388 -2.859755 6.382383
v 9.321041 -2.860812 6.382383
v 9.240059 -2.684287 6.565397
v 15.385388 -2.859755 6.382383
v 15.501094 -2.682122 6.565397
v 9.321041 -2.860812 6.382383
v 8.671498 -3.546872 6.382383
v 9.240059 -2.684287 6.565397
v 8.407794 -3.552147 6.565397
v 0.540463 -15.307942 6.382382
v 9.177650 -16.616760 6.382382
v 14.076359 -18.077440 6.382382
v 15.416448 -6.167422 6.382383
v 15.460884 -9.715836 6.382382
v 17.530556 0.000002 6.382383
v 3.928159 -16.642750 6.565396
v -0.000008 -7.021323 6.382384
v -0.000009 -19.112822 6.382382
v -0.000007 -17.075830 8.532329
v 0.179068 -13.512870 15.441037
v 0.185832 -13.359578 14.443120
v -0.000008 -13.183757 14.268285
v -0.000007 -15.646826 14.231053
v 0.185832 -13.359578 14.443120
v 0.185486 -16.038195 14.419866
v -0.000007 -15.672111 15.648961
v -0.000008 -15.704610 17.021847
v 0.185006 -15.852950 15.467607
v -0.000007 -15.672111 15.648961
v 0.179068 -13.512870 15.441037
v -0.000008 -13.428840 15.624272
v 0.178882 -13.356261 15.262357
v 0.185084 -12.156369 9.637015
v 0.179102 -9.649476 9.625413
v 0.180624 -9.579098 8.711576
v 0.178850 -9.565399 9.527043
v -0.000005 -17.075132 17.027992
v -0.000009 -19.112822 19.154282
v -0.000007 -9.557778 9.802548
v 0.179102 -9.649476 9.625413
v -0.000008 -12.068027 9.822886
v 0.185084 -12.156369 9.637015
v 3.251514 -18.078175 6.382382
v 8.994975 -12.161592 6.565396
v 12.188950 -8.967619 6.565395
v 9.101870 -16.429932 6.565396
v 6.267691 -15.575340 6.565396
v 16.487843 -5.035396 6.382383
v 16.483437 -3.973350 6.382383
v 3.574225 -8.644142 6.382382
v 7.204597 -12.318971 6.382382
v 2.888167 -9.293683 6.382382
v 9.566298 -0.180487 9.527122
v 13.675305 -0.180488 9.640507
v 16.895809 -0.180487 9.613810
v 16.895809 -0.180487 8.711576
v 19.169338 -19.112822 19.154282
v 19.169338 -0.857245 19.154282
v -0.000009 -19.112822 19.154282
v 17.530556 -0.857245 19.154282
v 17.530558 0.000001 19.154282
v 15.869454 -0.000000 19.154282
v -0.000007 -15.868638 19.154282
vn -0.0000 0.7288 0.6848
vn -0.0000 0.8577 0.5142
vn -0.0000 0.7288 0.6847
vn 0.6628 0.6418 0.3857
vn 0.6705 0.5433 0.5053
vn 0.6628 0.6422 0.3850
vn 0.6628 0.6419 0.3856
vn 0.6726 0.5397 0.5063
vn 0.6690 0.4443 0.5958
vn 0.6741 0.4284 0.6017
vn 0.6705 0.5432 0.5053
vn -0.4087 -0.7271 0.5516
vn -0.3418 -0.5529 0.7599
vn -0.2833 -0.5960 0.7513
vn -0.5653 -0.6863 0.4576
vn -0.3972 -0.7321 0.5535
vn -0.4587 -0.7240 0.5152
vn -0.5654 -0.6863 0.4576
vn -0.6632 -0.6694 0.3348
vn -0.6635 -0.6694 0.3342
vn -0.5834 -0.6713 0.4571
vn -0.6632 -0.6694 0.3347
vn -0.7203 -0.6692 0.1825
vn -0.6635 -0.6694 0.3341
vn -0.7201 -0.6692 0.1831
vn -0.7443 -0.6675 0.0207
vn -0.7203 -0.6692 0.1824
vn -0.7202 -0.6692 0.1831
vn -0.7443 -0.6675 0.0205
vn -0.7289 -0.6686 -0.1474
vn -0.7443 -0.6675 0.0204
vn -0.7290 -0.6686 -0.1470
vn -0.6787 -0.6675 -0.3062
vn -0.7289 -0.6685 -0.1475
vn -0.7290 -0.6685 -0.1471
vn -0.6785 -0.6675 -0.3066
vn -0.7289 -0.6686 -0.1475
vn -0.6787 -0.6675 -0.3063
vn -0.6072 -0.6677 -0.4307
vn -0.6065 -0.6677 -0.4316
vn -0.5639 -0.6661 -0.4881
vn -0.5639 -0.6662 -0.4881
vn 0.6621 0.7435 0.0941
vn 0.6536 0.7564 0.0256
vn 0.6404 0.7680 0.0107
vn 0.6681 0.7346 0.1187
vn 0.6616 0.7104 0.2401
vn 0.6616 0.7105 0.2398
vn 0.6621 0.7435 0.0942
vn 0.6616 0.7104 0.2402
vn 0.6628 0.6423 0.3849
vn 0.5897 0.2969 0.7510
vn 0.6077 0.2836 0.7418
vn 0.5588 0.3355 0.7584
vn -0.3633 0.1783 0.9145
vn -0.3865 0.1276 0.9134
vn -0.4065 0.0814 0.9100
vn -0.2731 0.2713 0.9229
vn -0.3865 0.1277 0.9134
vn -0.3261 0.2169 0.9201
vn -0.2041 0.3238 0.9238
vn -0.1195 0.3731 0.9201
vn -0.0711 0.3923 0.9171
vn -0.1616 0.3530 0.9215
vn 0.5125 -0.3368 0.7899
vn 0.4282 -0.4290 0.7954
vn 0.5122 -0.3371 0.7899
vn 0.4289 -0.4283 0.7954
vn 0.4282 -0.4290 0.7953
vn -0.8929 -0.0000 0.4503
vn -0.9692 -0.0000 0.2463
vn -0.0000 0.8577 0.5141
vn -0.0000 0.9473 0.3204
vn -0.9112 -0.0000 -0.4119
vn -0.8156 -0.0000 -0.5786
vn -0.9801 -0.0000 -0.1983
vn -0.9113 -0.0000 -0.4118
vn 0.1430 -0.6718 0.7268
vn -0.0000 -0.6575 0.7535
vn 0.1458 -0.6817 0.7169
vn 0.2941 -0.6942 0.6570
vn 0.1459 -0.6817 0.7169
vn 0.1431 -0.6718 0.7268
vn 0.5422 -0.5441 0.6403
vn 0.6509 -0.4130 0.6370
vn 0.6614 -0.3616 0.6571
vn 0.5450 -0.5412 0.6404
vn 0.4155 -0.6542 0.6320
vn 0.5421 -0.5441 0.6403
vn 0.3616 -0.6677 0.6507
vn 0.4155 -0.6541 0.6320
vn 0.6862 -0.1327 0.7152
vn 0.6796 -0.0000 0.7336
vn 0.6892 -0.1324 0.7124
vn 0.6691 0.4443 0.5957
vn 0.6809 0.4850 0.5487
vn 0.6690 0.4444 0.5958
vn 0.6726 0.5396 0.5063
vn 0.3471 -0.5238 0.7779
vn 0.3234 -0.5558 0.7658
vn 0.3494 -0.5207 0.7790
vn 0.5419 -0.3066 0.7825
vn -0.4262 -0.7514 0.5038
vn -0.0000 0.7287 0.6848
vn -0.0000 0.5742 0.8187
vn -0.0000 0.4233 0.9060
vn -0.0000 0.4234 0.9059
vn 0.6741 0.4283 0.6017
vn 0.4288 -0.4283 0.7954
vn 0.3494 -0.5206 0.7790
vn 0.3472 -0.5238 0.7779
vn -0.7564 -0.0000 0.6541
vn -0.5850 -0.0000 0.8111
vn -0.0000 0.9888 0.1492
vn -0.7572 -0.0000 -0.6531
vn -0.5849 -0.0000 0.8111
vn -0.4253 -0.0000 0.9050
vn -0.4251 -0.0000 0.9052
vn -0.9996 -0.0000 0.0277
vn -0.9692 -0.0000 0.2462
vn 0.6509 -0.4129 0.6370
vn 0.6894 -0.2887 0.6643
vn -0.2518 -0.6300 0.7346
vn -0.2833 -0.5961 0.7513
vn -0.3417 -0.5530 0.7599
vn 0.5897 0.2969 0.7511
vn -0.0201 0.6446 0.7643
vn -0.0090 0.6420 0.7666
vn -0.0000 0.6437 0.7653
vn -0.7473 -0.0000 0.6645
vn -0.7472 0.0160 0.6644
vn 0.2937 -0.6944 0.6569
vn 0.6894 -0.2886 0.6644
vn 0.6892 -0.1325 0.7123
vn 0.2938 -0.6944 0.6568
vn -0.3260 0.2169 0.9201
vn -0.0000 0.6399 0.7685
vn -0.0000 0.9974 0.0719
vn -0.0000 0.3604 0.9328
vn -0.0000 0.4234 0.9060
vn -0.0000 -0.0000 1.0000
vn -0.9996 -0.0000 0.0276
vn -0.9802 -0.0000 -0.1982
vn -0.3318 -0.0000 0.9434
vn -0.4250 -0.0000 0.9052
vn -0.4253 -0.0000 0.9051
vn -0.7565 -0.0000 0.6540
vn -0.5834 -0.6713 0.4572
vn -0.4588 -0.7240 0.5152
vn -0.3971 -0.7321 0.5535
vn -0.1583 0.9756 -0.1522
vn -0.3664 0.8923 -0.2636
vn -0.3027 0.9530 -0.0112
vn -0.3665 0.8923 -0.2636
vn -0.5353 0.8447 -0.0033
vn -0.3027 0.9530 -0.0111
vn -0.6204 0.7377 -0.2663
vn -0.7444 0.6677 -0.0037
vn -0.5353 0.8446 -0.0033
vn -0.4589 0.7310 -0.5050
vn -0.6203 0.7377 -0.2664
vn -0.1844 0.8549 -0.4849
vn -0.3665 0.8923 -0.2637
vn -0.2538 0.6475 -0.7185
vn -0.1844 0.8549 -0.4850
vn -0.8206 0.5112 -0.2556
vn -0.8872 0.4613 -0.0040
vn -0.7445 0.6677 -0.0037
vn -0.6886 0.5265 -0.4987
vn -0.8206 0.5112 -0.2557
vn -0.4590 0.7310 -0.5050
vn -0.6885 0.5265 -0.4987
vn -0.6204 0.7377 -0.2664
vn -0.4994 0.5009 -0.7069
vn -0.6885 0.5265 -0.4988
vn -0.2539 0.6475 -0.7185
vn -0.4993 0.5009 -0.7070
vn -0.2791 0.4354 -0.8559
vn -0.0000 0.8947 -0.4466
vn -0.0000 0.7111 -0.7031
vn -0.1843 0.8549 -0.4849
vn -0.0001 0.4892 -0.8722
vn -0.2791 0.4353 -0.8559
vn -0.2538 0.6475 -0.7186
vn -0.3348 0.5365 0.7747
vn -0.2601 0.5981 0.7580
vn -0.2930 0.6726 0.6795
vn -0.2448 0.9204 0.3050
vn -0.2127 0.9656 0.1498
vn -0.3749 0.8874 0.2682
vn -0.2510 0.8411 0.4791
vn -0.2448 0.9203 0.3050
vn -0.3749 0.8874 0.2681
vn -0.3028 0.9530 -0.0111
vn -0.4477 0.7413 0.4999
vn -0.2930 0.6727 0.6795
vn -0.2510 0.8411 0.4792
vn -0.4477 0.7414 0.4999
vn -0.6217 0.7391 0.2592
vn -0.4478 0.7414 0.4999
vn -0.5353 0.8447 -0.0032
vn -0.6218 0.7391 0.2592
vn -0.5353 0.8446 -0.0032
vn -0.5005 0.5116 0.6984
vn -0.4477 0.7413 0.5000
vn -0.2931 0.6726 0.6795
vn -0.6920 0.5318 0.4881
vn -0.5006 0.5116 0.6983
vn -0.4478 0.7413 0.4999
vn -0.6921 0.5318 0.4881
vn -0.8233 0.5108 0.2475
vn -0.6218 0.7390 0.2592
vn -0.8233 0.5108 0.2474
vn -0.9456 0.2825 -0.1613
vn -0.9477 0.2810 0.1510
vn -0.9811 0.1928 0.0172
vn -0.9460 0.1929 0.2605
vn -0.9478 0.2810 0.1510
vn -0.9456 0.2825 -0.1614
vn -0.9811 0.1929 0.0172
vn -0.9591 0.1850 -0.2141
vn -0.1889 0.2431 -0.9514
vn -0.4324 0.2512 -0.8660
vn -0.3050 -0.0000 -0.9524
vn -0.5403 -0.0000 -0.8415
vn -0.4325 0.2511 -0.8660
vn -0.1890 0.2431 -0.9514
vn -0.3049 -0.0000 -0.9524
vn -0.4324 0.2511 -0.8660
vn -0.6406 0.1883 -0.7444
vn -0.5404 -0.0000 -0.8414
vn -0.6641 0.3093 -0.6806
vn -0.7842 0.2323 -0.5753
vn -0.8476 0.3017 -0.4366
vn -0.9591 0.1851 -0.2141
vn -0.8476 0.3017 -0.4365
vn -0.9013 0.1932 -0.3878
vn -0.9591 0.1851 -0.2142
vn -0.4993 0.5008 -0.7070
vn -0.6641 0.3094 -0.6806
vn -0.4994 0.5008 -0.7070
vn -0.4325 0.2512 -0.8659
vn -0.6885 0.5264 -0.4988
vn -0.6886 0.5264 -0.4988
vn -0.6886 0.5264 -0.4987
vn -0.9456 0.2826 -0.1614
vn -0.8206 0.5111 -0.2556
vn -0.0000 0.4892 -0.8722
vn -0.1889 0.2432 -0.9514
vn -0.8535 0.3021 0.4245
vn -0.9477 0.2810 0.1511
vn -0.9460 0.1929 0.2606
vn -0.7740 0.2160 0.5952
vn -0.8535 0.3020 0.4246
vn -0.8755 0.1874 0.4454
vn -0.6794 0.3147 0.6628
vn -0.8535 0.3021 0.4246
vn -0.7739 0.2160 0.5953
vn -0.5869 0.2660 0.7647
vn -0.6794 0.3147 0.6629
vn -0.6653 0.2022 0.7187
vn -0.5006 0.5116 0.6984
vn -0.5334 0.3334 0.7774
vn -0.9477 0.2811 0.1510
vn -0.6921 0.5317 0.4881
vn -0.4292 0.4287 0.7949
vn -0.2538 0.6476 -0.7185
vn -0.0000 0.7110 -0.7032
vn -0.0000 0.4892 -0.8721
vn -0.2118 0.8283 0.5187
vn -0.2105 0.7313 0.6488
vn -0.2106 0.7313 0.6488
vn -0.2118 0.8283 0.5188
vn -0.2601 0.5982 0.7580
vn -0.2105 0.7312 0.6488
vn -0.0000 0.2639 -0.9645
vn -0.0000 0.2638 -0.9646
vn -0.0000 -0.0000 -1.0000
vn -0.0000 0.9656 -0.2601
vn -0.0000 0.9852 -0.1716
vn -0.5869 0.2661 0.7647
vn -0.6653 0.2021 0.7187
vn -0.8536 0.3020 0.4245
vn -0.6407 0.1883 -0.7444
vn -0.7842 0.2322 -0.5753
vn -0.7843 0.2322 -0.5753
vn -0.9013 0.1931 -0.3878
vn -0.6503 -0.0000 -0.7597
vn -0.6406 0.1882 -0.7444
vn -0.3418 -0.5530 0.7599
vn -0.4293 0.4287 0.7949
vn -0.2535 0.2682 0.9294
vn -0.2731 0.2713 0.9230
vn -0.0000 0.8948 -0.4465
vn -0.0000 0.9656 -0.2602
vn -0.6705 0.5433 0.5053
vn -0.6628 0.6418 0.3857
vn -0.6628 0.6422 0.3850
vn -0.6726 0.5397 0.5063
vn -0.6628 0.6419 0.3856
vn -0.6741 0.4284 0.6017
vn -0.6690 0.4443 0.5958
vn -0.6705 0.5432 0.5053
vn 0.3418 -0.5529 0.7599
vn 0.4087 -0.7271 0.5516
vn 0.2833 -0.5960 0.7513
vn 0.3972 -0.7321 0.5535
vn 0.5653 -0.6863 0.4576
vn 0.4587 -0.7240 0.5152
vn 0.6632 -0.6694 0.3348
vn 0.5654 -0.6863 0.4576
vn 0.6635 -0.6694 0.3342
vn 0.5834 -0.6713 0.4571
vn 0.7203 -0.6692 0.1825
vn 0.6632 -0.6694 0.3347
vn 0.6635 -0.6694 0.3341
vn 0.7202 -0.6692 0.1831
vn 0.7443 -0.6675 0.0207
vn 0.7443 -0.6675 0.0205
vn 0.7203 -0.6692 0.1824
vn 0.7289 -0.6686 -0.1474
vn 0.7443 -0.6675 0.0204
vn 0.7290 -0.6686 -0.1470
vn 0.6787 -0.6675 -0.3062
vn 0.7289 -0.6686 -0.1475
vn 0.6785 -0.6675 -0.3066
vn 0.7290 -0.6686 -0.1471
vn 0.6072 -0.6677 -0.4307
vn 0.6787 -0.6675 -0.3063
vn 0.6065 -0.6677 -0.4316
vn 0.5639 -0.6662 -0.4881
vn 0.5639 -0.6661 -0.4881
vn -0.6536 0.7564 0.0256
vn -0.6621 0.7435 0.0941
vn -0.6404 0.7680 0.0107
vn -0.6616 0.7104 0.2401
vn -0.6681 0.7346 0.1187
vn -0.6616 0.7105 0.2398
vn -0.6621 0.7435 0.0942
vn -0.6616 0.7104 0.2402
vn -0.6628 0.6423 0.3850
vn -0.6077 0.2836 0.7418
vn -0.5897 0.2969 0.7510
vn -0.5588 0.3355 0.7584
vn 0.3865 0.1276 0.9134
vn 0.3633 0.1783 0.9145
vn 0.4065 0.0814 0.9100
vn 0.3865 0.1277 0.9134
vn 0.2731 0.2713 0.9229
vn 0.3261 0.2169 0.9201
vn 0.1195 0.3731 0.9201
vn 0.2041 0.3238 0.9238
vn 0.0711 0.3923 0.9171
vn 0.1616 0.3530 0.9215
vn -0.4282 -0.4290 0.7954
vn -0.5125 -0.3368 0.7899
vn -0.5122 -0.3371 0.7899
vn -0.4282 -0.4290 0.7953
vn -0.4289 -0.4283 0.7954
vn 0.9692 -0.0000 0.2463
vn 0.8929 -0.0000 0.4503
vn 0.8156 -0.0000 -0.5786
vn 0.9112 -0.0000 -0.4119
vn 0.9113 -0.0000 -0.4118
vn 0.9801 -0.0000 -0.1983
vn -0.1430 -0.6718 0.7268
vn -0.1458 -0.6817 0.7169
vn -0.1459 -0.6818 0.7169
vn -0.2938 -0.6944 0.6569
vn -0.1431 -0.6718 0.7268
vn -0.6509 -0.4130 0.6370
vn -0.5427 -0.5445 0.6395
vn -0.6614 -0.3616 0.6571
vn -0.5450 -0.5412 0.6404
vn -0.5422 -0.5441 0.6403
vn -0.4155 -0.6541 0.6320
vn -0.5421 -0.5441 0.6403
vn -0.4155 -0.6542 0.6320
vn -0.3616 -0.6677 0.6507
vn -0.6862 -0.1327 0.7152
vn -0.6796 -0.0000 0.7336
vn -0.6892 -0.1324 0.7124
vn -0.6690 0.4444 0.5958
vn -0.6691 0.4443 0.5957
vn -0.6809 0.4850 0.5487
vn -0.3471 -0.5238 0.7779
vn -0.3234 -0.5558 0.7658
vn -0.3494 -0.5207 0.7790
vn -0.5419 -0.3066 0.7825
vn 0.4262 -0.7514 0.5038
vn -0.6741 0.4283 0.6017
vn -0.4288 -0.4283 0.7954
vn -0.3472 -0.5238 0.7779
vn -0.3494 -0.5206 0.7790
vn 0.5850 -0.0000 0.8111
vn 0.7564 0.0001 0.6541
vn 0.7564 -0.0000 0.6541
vn 0.7572 -0.0000 -0.6531
vn 0.4253 -0.0000 0.9050
vn 0.5849 -0.0000 0.8111
vn 0.4251 -0.0000 0.9052
vn 0.9692 -0.0000 0.2462
vn 0.9996 -0.0000 0.0277
vn -0.6894 -0.2887 0.6643
vn -0.6509 -0.4129 0.6370
vn 0.2833 -0.5961 0.7513
vn 0.2518 -0.6300 0.7346
vn 0.3417 -0.5530 0.7599
vn -0.5897 0.2969 0.7511
vn 0.0090 0.6420 0.7666
vn 0.0201 0.6446 0.7643
vn 0.7473 -0.0000 0.6645
vn 0.7472 0.0160 0.6644
vn -0.2937 -0.6944 0.6569
vn -0.6894 -0.2886 0.6644
vn -0.6892 -0.1325 0.7123
vn -0.2938 -0.6944 0.6568
vn 0.3260 0.2169 0.9201
vn 0.9802 -0.0000 -0.1982
vn 0.9996 -0.0000 0.0276
vn 0.4250 -0.0000 0.9052
vn 0.3318 -0.0000 0.9434
vn 0.4253 -0.0000 0.9051
vn 0.7565 -0.0000 0.6540
vn 0.5834 -0.6713 0.4572
vn 0.4587 -0.7239 0.5152
vn 0.3971 -0.7321 0.5535
vn 0.3664 0.8923 -0.2636
vn 0.1583 0.9756 -0.1522
vn 0.3027 0.9530 -0.0112
vn 0.5353 0.8447 -0.0033
vn 0.3665 0.8923 -0.2636
vn 0.3027 0.9530 -0.0111
vn 0.7444 0.6677 -0.0037
vn 0.6204 0.7377 -0.2663
vn 0.5353 0.8446 -0.0033
vn 0.6203 0.7377 -0.2664
vn 0.4589 0.7310 -0.5050
vn 0.1844 0.8549 -0.4849
vn 0.3665 0.8923 -0.2637
vn 0.2538 0.6475 -0.7185
vn 0.1844 0.8549 -0.4850
vn 0.8872 0.4613 -0.0040
vn 0.8206 0.5112 -0.2556
vn 0.6886 0.5265 -0.4987
vn 0.6885 0.5265 -0.4987
vn 0.4590 0.7310 -0.5050
vn 0.6204 0.7377 -0.2664
vn 0.6885 0.5265 -0.4988
vn 0.4993 0.5009 -0.7069
vn 0.4993 0.5009 -0.7070
vn 0.2539 0.6475 -0.7185
vn 0.2791 0.4354 -0.8559
vn 0.2538 0.6475 -0.7186
vn 0.1843 0.8549 -0.4850
vn 0.2791 0.4353 -0.8559
vn 0.0001 0.4892 -0.8722
vn 0.2601 0.5981 0.7580
vn 0.3348 0.5365 0.7747
vn 0.2930 0.6726 0.6795
vn 0.2448 0.9204 0.3050
vn 0.2127 0.9656 0.1498
vn 0.2510 0.8411 0.4791
vn 0.3749 0.8874 0.2682
vn 0.2448 0.9203 0.3050
vn 0.3749 0.8874 0.2681
vn 0.3028 0.9530 -0.0111
vn 0.2930 0.6727 0.6795
vn 0.4477 0.7413 0.4999
vn 0.2510 0.8411 0.4792
vn 0.4477 0.7414 0.4999
vn 0.4478 0.7414 0.4999
vn 0.6217 0.7391 0.2592
vn 0.5353 0.8447 -0.0032
vn 0.6218 0.7391 0.2591
vn 0.5353 0.8446 -0.0032
vn 0.5005 0.5116 0.6984
vn 0.4477 0.7413 0.5000
vn 0.2931 0.6726 0.6795
vn 0.5006 0.5116 0.6983
vn 0.6920 0.5318 0.4881
vn 0.4478 0.7413 0.4999
vn 0.6921 0.5318 0.4881
vn 0.8233 0.5108 0.2475
vn 0.6218 0.7390 0.2592
vn 0.8233 0.5109 0.2475
vn 0.7445 0.6677 -0.0037
vn 0.8233 0.5108 0.2474
vn 0.7445 0.6676 -0.0037
vn 0.9477 0.2810 0.1510
vn 0.9456 0.2825 -0.1613
vn 0.9460 0.1929 0.2605
vn 0.9811 0.1928 0.0172
vn 0.9478 0.2810 0.1510
vn 0.9811 0.1929 0.0172
vn 0.9591 0.1850 -0.2141
vn 0.9456 0.2825 -0.1614
vn 0.4324 0.2512 -0.8660
vn 0.1889 0.2431 -0.9514
vn 0.5403 -0.0000 -0.8415
vn 0.3050 -0.0000 -0.9524
vn 0.4325 0.2511 -0.8660
vn 0.3049 -0.0000 -0.9524
vn 0.1890 0.2431 -0.9514
vn 0.4324 0.2511 -0.8660
vn 0.4325 0.2511 -0.8659
vn 0.6406 0.1883 -0.7444
vn 0.5403 -0.0000 -0.8414
vn 0.7842 0.2323 -0.5753
vn 0.6641 0.3093 -0.6806
vn 0.8476 0.3017 -0.4366
vn 0.8476 0.3017 -0.4365
vn 0.9591 0.1851 -0.2141
vn 0.9013 0.1932 -0.3878
vn 0.9591 0.1851 -0.2142
vn 0.4993 0.5008 -0.7070
vn 0.4325 0.2512 -0.8660
vn 0.4994 0.5008 -0.7070
vn 0.6641 0.3094 -0.6806
vn 0.4325 0.2512 -0.8659
vn 0.4994 0.5008 -0.7069
vn 0.6885 0.5264 -0.4988
vn 0.6886 0.5264 -0.4988
vn 0.6886 0.5264 -0.4987
vn 0.8206 0.5112 -0.2557
vn 0.8206 0.5111 -0.2556
vn 0.9456 0.2826 -0.1614
vn 0.1889 0.2432 -0.9514
vn 0.9477 0.2810 0.1511
vn 0.8535 0.3021 0.4245
vn 0.9460 0.1929 0.2606
vn 0.8535 0.3021 0.4246
vn 0.7740 0.2160 0.5952
vn 0.8755 0.1874 0.4454
vn 0.6794 0.3147 0.6628
vn 0.7739 0.2160 0.5953
vn 0.6794 0.3147 0.6629
vn 0.5870 0.2660 0.7647
vn 0.6653 0.2022 0.7187
vn 0.5006 0.5116 0.6984
vn 0.5334 0.3334 0.7774
vn 0.9477 0.2811 0.1510
vn 0.6921 0.5317 0.4881
vn 0.4292 0.4287 0.7949
vn 0.2538 0.6476 -0.7185
vn 0.2118 0.8283 0.5187
vn 0.2105 0.7313 0.6488
vn 0.2118 0.8283 0.5188
vn 0.2601 0.5982 0.7580
vn 0.2105 0.7312 0.6488
vn -0.0000 0.2639 -0.9646
vn 0.5869 0.2661 0.7647
vn 0.6653 0.2021 0.7187
vn 0.8536 0.3020 0.4245
vn 0.6407 0.1883 -0.7444
vn 0.7842 0.2322 -0.5753
vn 0.9013 0.1931 -0.3878
vn 0.7843 0.2322 -0.5753
vn 0.6406 0.1882 -0.7444
vn 0.6503 -0.0000 -0.7597
vn 0.5404 -0.0000 -0.8414
vn 0.4293 0.4287 0.7949
vn 0.2731 0.2713 0.9230
vn 0.2535 0.2682 0.9294
vn 0.1843 0.8549 -0.4849
vn -0.0000 -0.8577 0.5142
vn -0.0000 -0.7288 0.6848
vn -0.0000 -0.7288 0.6847
vn 0.6705 -0.5433 0.5053
vn 0.6628 -0.6418 0.3857
vn 0.6628 -0.6422 0.3850
vn 0.6726 -0.5397 0.5063
vn 0.6628 -0.6419 0.3856
vn 0.6741 -0.4284 0.6017
vn 0.6690 -0.4443 0.5958
vn 0.6705 -0.5432 0.5053
vn -0.3418 0.5529 0.7599
vn -0.4087 0.7271 0.5516
vn -0.2833 0.5960 0.7513
vn -0.3972 0.7321 0.5535
vn -0.5653 0.6863 0.4576
vn -0.4588 0.7239 0.5152
vn -0.6632 0.6694 0.3348
vn -0.5654 0.6863 0.4576
vn -0.6635 0.6694 0.3342
vn -0.5834 0.6713 0.4571
vn -0.7203 0.6692 0.1825
vn -0.6632 0.6694 0.3347
vn -0.6635 0.6694 0.3341
vn -0.7201 0.6692 0.1831
vn -0.7443 0.6675 0.0207
vn -0.7443 0.6675 0.0205
vn -0.7202 0.6692 0.1831
vn -0.7203 0.6692 0.1824
vn -0.7289 0.6686 -0.1474
vn -0.7443 0.6675 0.0204
vn -0.7290 0.6686 -0.1470
vn -0.6787 0.6675 -0.3062
vn -0.7289 0.6686 -0.1475
vn -0.6785 0.6675 -0.3066
vn -0.7290 0.6686 -0.1471
vn -0.6072 0.6677 -0.4307
vn -0.6787 0.6675 -0.3063
vn -0.6065 0.6677 -0.4316
vn -0.5639 0.6661 -0.4881
vn -0.6071 0.6677 -0.4307
vn 0.6536 -0.7564 0.0256
vn 0.6621 -0.7435 0.0941
vn 0.6404 -0.7680 0.0107
vn 0.6616 -0.7104 0.2401
vn 0.6681 -0.7346 0.1187
vn 0.6616 -0.7105 0.2398
vn 0.6621 -0.7435 0.0942
vn 0.6680 -0.7346 0.1187
vn 0.6616 -0.7104 0.2402
vn 0.6628 -0.6423 0.3850
vn 0.6077 -0.2836 0.7418
vn 0.5897 -0.2969 0.7510
vn 0.5588 -0.3355 0.7584
vn -0.3865 -0.1276 0.9134
vn -0.3633 -0.1783 0.9145
vn -0.4065 -0.0814 0.9100
vn -0.3865 -0.1277 0.9134
vn -0.2731 -0.2713 0.9229
vn -0.3261 -0.2169 0.9201
vn -0.1195 -0.3731 0.9201
vn -0.2041 -0.3238 0.9238
vn -0.0711 -0.3923 0.9171
vn -0.1616 -0.3530 0.9215
vn 0.4282 0.4290 0.7954
vn 0.5125 0.3368 0.7899
vn 0.5122 0.3371 0.7899
vn 0.4282 0.4290 0.7953
vn 0.4289 0.4283 0.7954
vn -0.0000 -0.9473 0.3204
vn -0.0000 -0.8577 0.5141
vn 0.1430 0.6718 0.7268
vn -0.0000 0.6575 0.7535
vn 0.1458 0.6817 0.7169
vn 0.1459 0.6817 0.7169
vn 0.2938 0.6944 0.6569
vn 0.1431 0.6718 0.7268
vn 0.6509 0.4130 0.6370
vn 0.5427 0.5445 0.6395
vn 0.6614 0.3616 0.6571
vn 0.5450 0.5412 0.6404
vn 0.5422 0.5441 0.6403
vn 0.4155 0.6541 0.6320
vn 0.5421 0.5441 0.6403
vn 0.4155 0.6542 0.6320
vn 0.3616 0.6677 0.6507
vn 0.6862 0.1327 0.7152
vn 0.6892 0.1324 0.7124
vn 0.6690 -0.4444 0.5958
vn 0.6726 -0.5396 0.5063
vn 0.6691 -0.4443 0.5958
vn 0.6809 -0.4850 0.5487
vn 0.3471 0.5238 0.7779
vn 0.3234 0.5558 0.7658
vn 0.3494 0.5207 0.7790
vn 0.3472 0.5238 0.7779
vn 0.5419 0.3066 0.7825
vn -0.4262 0.7514 0.5038
vn -0.4587 0.7240 0.5152
vn -0.0000 -0.5742 0.8187
vn -0.0000 -0.4233 0.9060
vn -0.0000 -0.4234 0.9059
vn 0.6741 -0.4283 0.6017
vn 0.4288 0.4283 0.7954
vn 0.3494 0.5206 0.7790
vn -0.0000 -0.9473 0.3203
vn -0.0000 -0.9888 0.1492
vn 0.6894 0.2887 0.6643
vn 0.6509 0.4129 0.6370
vn -0.2833 0.5961 0.7513
vn -0.2518 0.6300 0.7346
vn -0.3417 0.5530 0.7599
vn 0.5897 -0.2969 0.7511
vn -0.0090 -0.6420 0.7666
vn -0.0201 -0.6446 0.7643
vn -0.0000 -0.6437 0.7653
vn -0.7472 -0.0160 0.6644
vn 0.2937 0.6944 0.6569
vn 0.6894 0.2886 0.6644
vn 0.6892 0.1325 0.7123
vn -0.3260 -0.2169 0.9201
vn -0.0000 -0.6399 0.7685
vn -0.0000 -0.9888 0.1491
vn -0.0000 -0.9974 0.0719
vn -0.0000 -0.3604 0.9328
vn -0.0000 -0.4234 0.9060
vn -0.5834 0.6713 0.4572
vn -0.3971 0.7321 0.5535
vn -0.4588 0.7240 0.5152
vn -0.3664 -0.8923 -0.2636
vn -0.1583 -0.9756 -0.1522
vn -0.3027 -0.9530 -0.0112
vn -0.5353 -0.8447 -0.0033
vn -0.3665 -0.8923 -0.2636
vn -0.3027 -0.9530 -0.0111
vn -0.7444 -0.6677 -0.0037
vn -0.6204 -0.7377 -0.2663
vn -0.5353 -0.8446 -0.0033
vn -0.6203 -0.7377 -0.2664
vn -0.4589 -0.7310 -0.5050
vn -0.1844 -0.8549 -0.4849
vn -0.3665 -0.8923 -0.2637
vn -0.2538 -0.6475 -0.7185
vn -0.1844 -0.8549 -0.4850
vn -0.8872 -0.4613 -0.0040
vn -0.8206 -0.5112 -0.2556
vn -0.6886 -0.5265 -0.4987
vn -0.6885 -0.5265 -0.4987
vn -0.4590 -0.7310 -0.5050
vn -0.6204 -0.7377 -0.2664
vn -0.6885 -0.5265 -0.4988
vn -0.4993 -0.5009 -0.7069
vn -0.4993 -0.5009 -0.7070
vn -0.2539 -0.6475 -0.7185
vn -0.2791 -0.4354 -0.8559
vn -0.0000 -0.7111 -0.7031
vn -0.0000 -0.8947 -0.4466
vn -0.1843 -0.8549 -0.4850
vn -0.2791 -0.4353 -0.8559
vn -0.0001 -0.4892 -0.8722
vn -0.2538 -0.6475 -0.7186
vn -0.2601 -0.5981 0.7580
vn -0.3348 -0.5365 0.7747
vn -0.2930 -0.6726 0.6795
vn -0.2448 -0.9204 0.3050
vn -0.2127 -0.9656 0.1498
vn -0.2510 -0.8411 0.4791
vn -0.3749 -0.8874 0.2682
vn -0.2448 -0.9203 0.3050
vn -0.3749 -0.8874 0.2681
vn -0.3028 -0.9530 -0.0111
vn -0.2930 -0.6727 0.6795
vn -0.4477 -0.7413 0.4999
vn -0.2510 -0.8411 0.4792
vn -0.4477 -0.7414 0.4999
vn -0.4478 -0.7414 0.4999
vn -0.6217 -0.7391 0.2592
vn -0.5353 -0.8447 -0.0032
vn -0.6218 -0.7391 0.2591
vn -0.5353 -0.8446 -0.0032
vn -0.5005 -0.5116 0.6984
vn -0.4477 -0.7413 0.5000
vn -0.2931 -0.6726 0.6795
vn -0.5006 -0.5116 0.6983
vn -0.6920 -0.5318 0.4881
vn -0.4478 -0.7413 0.4999
vn -0.6921 -0.5318 0.4881
vn -0.8233 -0.5108 0.2475
vn -0.6218 -0.7390 0.2592
vn -0.8233 -0.5109 0.2475
vn -0.7445 -0.6677 -0.0037
vn -0.8233 -0.5108 0.2474
vn -0.7445 -0.6676 -0.0037
vn -0.9477 -0.2810 0.1510
vn -0.9456 -0.2825 -0.1613
vn -0.9460 -0.1929 0.2605
vn -0.9811 -0.1928 0.0172
vn -0.9478 -0.2810 0.1510
vn -0.9811 -0.1929 0.0172
vn -0.9456 -0.2825 -0.1614
vn -0.9591 -0.1850 -0.2141
vn -0.4324 -0.2512 -0.8660
vn -0.1889 -0.2431 -0.9514
vn -0.4325 -0.2511 -0.8660
vn -0.1890 -0.2431 -0.9514
vn -0.4324 -0.2511 -0.8660
vn -0.4325 -0.2511 -0.8659
vn -0.6406 -0.1883 -0.7444
vn -0.5403 -0.0000 -0.8414
vn -0.7842 -0.2323 -0.5753
vn -0.6641 -0.3094 -0.6806
vn -0.8476 -0.3017 -0.4366
vn -0.8476 -0.3017 -0.4365
vn -0.9591 -0.1851 -0.2141
vn -0.9013 -0.1932 -0.3878
vn -0.9591 -0.1851 -0.2142
vn -0.4993 -0.5008 -0.7070
vn -0.4325 -0.2512 -0.8660
vn -0.4994 -0.5008 -0.7070
vn -0.4325 -0.2512 -0.8659
vn -0.4994 -0.5008 -0.7069
vn -0.6885 -0.5264 -0.4988
vn -0.6886 -0.5264 -0.4988
vn -0.6886 -0.5264 -0.4987
vn -0.8206 -0.5112 -0.2557
vn -0.8206 -0.5111 -0.2556
vn -0.9456 -0.2826 -0.1614
vn -0.0000 -0.4892 -0.8722
vn -0.1889 -0.2432 -0.9514
vn -0.9477 -0.2810 0.1511
vn -0.8535 -0.3021 0.4245
vn -0.9460 -0.1929 0.2606
vn -0.8535 -0.3020 0.4246
vn -0.7740 -0.2160 0.5952
vn -0.8755 -0.1874 0.4454
vn -0.8535 -0.3021 0.4246
vn -0.6794 -0.3147 0.6628
vn -0.7739 -0.2160 0.5953
vn -0.6794 -0.3147 0.6629
vn -0.5869 -0.2660 0.7647
vn -0.6653 -0.2022 0.7187
vn -0.5006 -0.5116 0.6984
vn -0.5334 -0.3334 0.7774
vn -0.9477 -0.2811 0.1510
vn -0.6921 -0.5317 0.4881
vn -0.4292 -0.4287 0.7949
vn -0.2538 -0.6476 -0.7185
vn -0.0000 -0.7110 -0.7032
vn -0.0000 -0.4892 -0.8721
vn -0.2118 -0.8283 0.5187
vn -0.2106 -0.7313 0.6488
vn -0.2118 -0.8283 0.5188
vn -0.2105 -0.7313 0.6488
vn -0.2601 -0.5982 0.7580
vn -0.2105 -0.7312 0.6488
vn -0.0000 -0.2639 -0.9645
vn -0.0000 -0.2638 -0.9646
vn -0.0000 -0.9656 -0.2601
vn -0.0000 -0.9852 -0.1716
vn -0.5869 -0.2661 0.7647
vn -0.6653 -0.2021 0.7187
vn -0.6407 -0.1883 -0.7444
vn -0.6641 -0.3093 -0.6806
vn -0.9013 -0.1931 -0.3878
vn -0.7843 -0.2322 -0.5753
vn -0.6406 -0.1882 -0.7444
vn -0.6502 -0.0000 -0.7597
vn -0.4293 -0.4287 0.7949
vn -0.2731 -0.2713 0.9230
vn -0.2535 -0.2682 0.9294
vn -0.0000 -0.8948 -0.4465
vn -0.0000 -0.9656 -0.2602
vn -0.6628 -0.6419 0.3856
vn -0.6705 -0.5433 0.5053
vn -0.6628 -0.6422 0.3850
vn -0.6726 -0.5397 0.5063
vn -0.6690 -0.4443 0.5958
vn -0.6741 -0.4284 0.6017
vn -0.6705 -0.5432 0.5053
vn 0.4087 0.7271 0.5516
vn 0.3418 0.5529 0.7599
vn 0.2833 0.5960 0.7513
vn 0.5653 0.6863 0.4576
vn 0.3972 0.7321 0.5535
vn 0.4588 0.7240 0.5152
vn 0.5654 0.6863 0.4576
vn 0.6632 0.6694 0.3348
vn 0.6635 0.6694 0.3342
vn 0.5834 0.6713 0.4572
vn 0.6632 0.6694 0.3347
vn 0.7203 0.6692 0.1825
vn 0.6635 0.6694 0.3341
vn 0.7201 0.6692 0.1831
vn 0.7443 0.6675 0.0207
vn 0.7203 0.6692 0.1824
vn 0.7202 0.6692 0.1831
vn 0.7443 0.6675 0.0205
vn 0.7289 0.6686 -0.1474
vn 0.7443 0.6675 0.0204
vn 0.7290 0.6686 -0.1470
vn 0.6787 0.6675 -0.3062
vn 0.7289 0.6685 -0.1475
vn 0.7290 0.6685 -0.1471
vn 0.6785 0.6675 -0.3066
vn 0.7289 0.6686 -0.1475
vn 0.6787 0.6675 -0.3063
vn 0.6072 0.6677 -0.4307
vn 0.6065 0.6677 -0.4316
vn 0.5639 0.6661 -0.4881
vn 0.6071 0.6677 -0.4307
vn -0.6621 -0.7435 0.0941
vn -0.6536 -0.7564 0.0256
vn -0.6404 -0.7680 0.0107
vn -0.6681 -0.7346 0.1187
vn -0.6616 -0.7104 0.2401
vn -0.6616 -0.7105 0.2398
vn -0.6680 -0.7346 0.1187
vn -0.6621 -0.7435 0.0942
vn -0.6616 -0.7104 0.2402
vn -0.6628 -0.6423 0.3849
vn -0.5897 -0.2969 0.7510
vn -0.6077 -0.2836 0.7418
vn -0.5588 -0.3355 0.7584
vn 0.3633 -0.1783 0.9145
vn 0.3865 -0.1276 0.9134
vn 0.4065 -0.0814 0.9100
vn 0.2731 -0.2713 0.9229
vn 0.3865 -0.1277 0.9134
vn 0.3261 -0.2169 0.9201
vn 0.2041 -0.3238 0.9238
vn 0.1195 -0.3731 0.9201
vn 0.0711 -0.3923 0.9171
vn 0.1616 -0.3530 0.9215
vn -0.5125 0.3368 0.7899
vn -0.4282 0.4290 0.7954
vn -0.5122 0.3371 0.7899
vn -0.4289 0.4283 0.7954
vn -0.4282 0.4290 0.7953
vn -0.1430 0.6718 0.7268
vn -0.1458 0.6817 0.7169
vn -0.2941 0.6942 0.6570
vn -0.1459 0.6817 0.7169
vn -0.1431 0.6718 0.7268
vn -0.5422 0.5441 0.6403
vn -0.6509 0.4130 0.6370
vn -0.6614 0.3616 0.6571
vn -0.5450 0.5412 0.6404
vn -0.4155 0.6542 0.6320
vn -0.5421 0.5441 0.6403
vn -0.3616 0.6677 0.6507
vn -0.4155 0.6541 0.6320
vn -0.6862 0.1327 0.7152
vn -0.6892 0.1324 0.7124
vn -0.6691 -0.4443 0.5958
vn -0.6809 -0.4850 0.5487
vn -0.6690 -0.4444 0.5958
vn -0.6726 -0.5396 0.5063
vn -0.3471 0.5238 0.7779
vn -0.3234 0.5558 0.7658
vn -0.3494 0.5207 0.7790
vn -0.5419 0.3066 0.7825
vn 0.4262 0.7514 0.5038
vn 0.4587 0.7240 0.5152
vn -0.6741 -0.4283 0.6017
vn -0.4288 0.4283 0.7954
vn -0.3494 0.5206 0.7790
vn -0.3472 0.5238 0.7779
vn -0.6509 0.4129 0.6370
vn -0.6894 0.2887 0.6643
vn 0.2518 0.6300 0.7346
vn 0.2833 0.5961 0.7513
vn 0.3417 0.5530 0.7599
vn -0.5897 -0.2969 0.7511
vn 0.0201 -0.6446 0.7643
vn 0.0090 -0.6420 0.7666
vn 0.7472 -0.0160 0.6644
vn -0.2937 0.6944 0.6569
vn -0.6894 0.2886 0.6644
vn -0.6892 0.1325 0.7123
vn -0.2938 0.6944 0.6568
vn 0.3260 -0.2169 0.9201
vn 0.3971 0.7321 0.5535
vn 0.1583 -0.9756 -0.1522
vn 0.3664 -0.8923 -0.2636
vn 0.3027 -0.9530 -0.0112
vn 0.3665 -0.8923 -0.2636
vn 0.5353 -0.8447 -0.0033
vn 0.3027 -0.9530 -0.0111
vn 0.6204 -0.7377 -0.2663
vn 0.7444 -0.6677 -0.0037
vn 0.5353 -0.8446 -0.0033
vn 0.4590 -0.7310 -0.5050
vn 0.6203 -0.7377 -0.2663
vn 0.1844 -0.8549 -0.4849
vn 0.4589 -0.7310 -0.5050
vn 0.3665 -0.8923 -0.2637
vn 0.2538 -0.6475 -0.7185
vn 0.8206 -0.5112 -0.2556
vn 0.8872 -0.4613 -0.0040
vn 0.7445 -0.6677 -0.0037
vn 0.6886 -0.5265 -0.4987
vn 0.8206 -0.5112 -0.2557
vn 0.6885 -0.5265 -0.4987
vn 0.6204 -0.7377 -0.2664
vn 0.4994 -0.5009 -0.7069
vn 0.6885 -0.5265 -0.4988
vn 0.2539 -0.6475 -0.7185
vn 0.4993 -0.5009 -0.7070
vn 0.2791 -0.4354 -0.8559
vn 0.1843 -0.8549 -0.4849
vn 0.0001 -0.4892 -0.8722
vn 0.2791 -0.4353 -0.8559
vn 0.2538 -0.6475 -0.7186
vn 0.3348 -0.5365 0.7747
vn 0.2601 -0.5981 0.7580
vn 0.2930 -0.6726 0.6795
vn 0.2448 -0.9204 0.3050
vn 0.2127 -0.9656 0.1498
vn 0.3749 -0.8874 0.2682
vn 0.2510 -0.8411 0.4791
vn 0.2448 -0.9203 0.3050
vn 0.3749 -0.8874 0.2681
vn 0.3028 -0.9530 -0.0111
vn 0.4477 -0.7413 0.4999
vn 0.2930 -0.6727 0.6795
vn 0.2510 -0.8411 0.4792
vn 0.4477 -0.7414 0.4999
vn 0.6217 -0.7391 0.2592
vn 0.4478 -0.7414 0.4999
vn 0.5353 -0.8447 -0.0032
vn 0.6218 -0.7391 0.2591
vn 0.5353 -0.8446 -0.0032
vn 0.5005 -0.5116 0.6984
vn 0.4477 -0.7413 0.5000
vn 0.2931 -0.6726 0.6795
vn 0.6920 -0.5318 0.4881
vn 0.5006 -0.5116 0.6983
vn 0.4478 -0.7413 0.4999
vn 0.6921 -0.5318 0.4881
vn 0.8233 -0.5108 0.2475
vn 0.6218 -0.7390 0.2592
vn 0.6218 -0.7391 0.2592
vn 0.8233 -0.5108 0.2474
vn 0.9456 -0.2825 -0.1613
vn 0.9477 -0.2810 0.1510
vn 0.9811 -0.1928 0.0172
vn 0.9460 -0.1929 0.2605
vn 0.9478 -0.2810 0.1510
vn 0.9456 -0.2825 -0.1614
vn 0.9811 -0.1929 0.0172
vn 0.9591 -0.1850 -0.2141
vn 0.1889 -0.2431 -0.9514
vn 0.4324 -0.2512 -0.8660
vn 0.4325 -0.2511 -0.8660
vn 0.1890 -0.2431 -0.9514
vn 0.4324 -0.2511 -0.8660
vn 0.6406 -0.1883 -0.7444
vn 0.6641 -0.3093 -0.6806
vn 0.7842 -0.2323 -0.5753
vn 0.8476 -0.3017 -0.4366
vn 0.9591 -0.1851 -0.2141
vn 0.8476 -0.3017 -0.4365
vn 0.9013 -0.1932 -0.3878
vn 0.9591 -0.1851 -0.2142
vn 0.4993 -0.5008 -0.7070
vn 0.6641 -0.3094 -0.6806
vn 0.4994 -0.5008 -0.7070
vn 0.4325 -0.2512 -0.8659
vn 0.6885 -0.5264 -0.4988
vn 0.6886 -0.5264 -0.4988
vn 0.6886 -0.5264 -0.4987
vn 0.9456 -0.2826 -0.1614
vn 0.8206 -0.5111 -0.2556
vn 0.1889 -0.2432 -0.9514
vn 0.8535 -0.3021 0.4245
vn 0.9477 -0.2810 0.1511
vn 0.9460 -0.1929 0.2606
vn 0.7740 -0.2160 0.5952
vn 0.8535 -0.3020 0.4246
vn 0.8755 -0.1874 0.4454
vn 0.6794 -0.3147 0.6628
vn 0.8535 -0.3021 0.4246
vn 0.7739 -0.2160 0.5953
vn 0.5869 -0.2660 0.7647
vn 0.6794 -0.3147 0.6629
vn 0.6653 -0.2022 0.7187
vn 0.5006 -0.5116 0.6984
vn 0.5334 -0.3334 0.7774
vn 0.9477 -0.2811 0.1510
vn 0.6921 -0.5317 0.4881
vn 0.4292 -0.4287 0.7949
vn 0.2538 -0.6476 -0.7185
vn 0.2118 -0.8283 0.5187
vn 0.2105 -0.7313 0.6488
vn 0.2118 -0.8283 0.5188
vn 0.2601 -0.5982 0.7580
vn 0.2105 -0.7312 0.6488
vn 0.5869 -0.2661 0.7647
vn 0.6653 -0.2021 0.7187
vn 0.6407 -0.1883 -0.7444
vn 0.7843 -0.2322 -0.5753
vn 0.9013 -0.1931 -0.3878
vn 0.6406 -0.1882 -0.7444
vn 0.3418 0.5530 0.7599
vn 0.4293 -0.4287 0.7949
vn 0.2535 -0.2682 0.9294
vn 0.2731 -0.2713 0.9230
vn 0.3664 -0.8923 -0.2637
vn -0.0000 1.0000 -0.0000
vn 0.5920 0.5297 -0.6074
vn 0.6688 0.4269 -0.6087
vn 0.6704 0.4252 -0.6081
vn 0.8362 0.3605 -0.4133
vn 0.8783 0.2249 -0.4219
vn 0.8357 0.3619 -0.4131
vn 0.8782 0.2252 -0.4219
vn 0.8783 0.2248 -0.4220
vn 0.7706 0.4859 -0.4125
vn 0.8357 0.3620 -0.4131
vn 0.7686 0.4888 -0.4127
vn 0.0649 0.0413 -0.9970
vn 0.0574 0.0515 -0.9970
vn 0.0649 0.0414 -0.9970
vn 0.0574 0.0516 -0.9970
vn 0.4972 0.6210 -0.6059
vn 0.5919 0.5298 -0.6074
vn 0.5920 0.5298 -0.6074
vn 0.4971 0.6211 -0.6059
vn 0.0019 -0.7111 0.7031
vn 0.5001 -0.4984 0.7082
vn 0.5003 -0.4985 0.7080
vn 0.6983 0.0064 0.7158
vn 0.6982 0.0064 0.7158
vn 0.4907 -0.4954 0.7168
vn -0.1055 -0.6898 0.7162
vn 0.5000 -0.5004 0.7068
vn 0.5000 -0.5005 0.7068
vn 0.7085 0.0037 0.7057
vn 0.0138 0.7077 0.7064
vn 0.0137 0.7076 0.7064
vn -0.5045 0.5045 0.7007
vn -0.5092 -0.4408 0.7392
vn -0.5352 -0.4206 0.7325
vn -0.5091 -0.4409 0.7392
vn -0.5366 -0.4203 0.7317
vn -0.5352 -0.4206 0.7326
vn -0.0017 -0.7067 0.7075
vn -0.0017 -0.7068 0.7074
vn 0.4991 -0.4994 0.7082
vn 0.7025 -0.0095 0.7116
vn 0.0060 -0.7028 0.7113
vn 0.2546 -0.6290 0.7345
vn 0.0060 -0.7029 0.7113
vn 0.2534 -0.6294 0.7346
vn 0.2546 -0.6290 0.7346
vn 0.6239 -0.2672 0.7344
vn 0.2535 -0.6294 0.7346
vn 0.6239 -0.2673 0.7344
vn 0.6239 -0.2671 0.7344
vn 0.2546 -0.6289 0.7346
vn 0.7127 0.0003 0.7015
vn 0.7127 0.0002 0.7015
vn 0.6240 -0.2671 0.7344
vn -0.5062 0.4999 0.7028
vn -0.2443 0.6289 0.7381
vn -0.5062 0.4999 0.7027
vn -0.2479 0.6275 0.7380
vn -0.4956 -0.4817 0.7227
vn -0.4957 -0.4817 0.7227
vn -0.5027 0.5021 0.7037
vn 0.4532 0.5312 0.7159
vn 0.4532 0.5312 0.7158
vn 0.4952 0.5109 0.7027
vn 0.4951 0.5109 0.7027
vn -0.5763 -0.3689 0.7292
vn -0.5695 -0.3727 0.7327
vn -0.5768 -0.3686 0.7290
vn -0.5694 -0.3727 0.7327
vn -0.5836 -0.3647 0.7255
vn -0.5837 -0.3647 0.7255
vn 0.4979 -0.5037 0.7060
vn 0.7055 0.0286 0.7081
vn 0.7056 0.0286 0.7081
vn 0.7055 0.0285 0.7082
vn -0.0014 0.7087 0.7055
vn -0.4768 -0.4766 0.7386
vn -0.4767 -0.4766 0.7386
vn 0.3898 0.6946 -0.6046
vn 0.3891 0.6950 -0.6046
vn 0.1674 0.8945 -0.4146
vn 0.2966 0.8648 -0.4051
vn 0.3007 0.8635 -0.4049
vn 0.1672 0.8945 -0.4146
vn 0.0116 0.0785 -0.9968
vn 0.0146 0.0771 -0.9969
vn 0.0147 0.0771 -0.9969
vn 0.1232 0.8989 -0.4205
vn 0.1673 0.8945 -0.4146
vn 0.0377 0.0673 -0.9970
vn 0.0481 0.0602 -0.9970
vn 0.0252 0.0729 -0.9970
vn 0.0377 0.0672 -0.9970
vn 0.0252 0.0728 -0.9970
vn 0.2606 0.7525 -0.6049
vn 0.2607 0.7525 -0.6049
vn 0.2608 0.7524 -0.6049
vn 0.5639 0.7085 -0.4244
vn 0.6761 0.6033 -0.4230
vn 0.6762 0.6032 -0.4230
vn 0.5643 0.7088 -0.4233
vn 0.0482 0.0602 -0.9970
vn -0.7143 0.0012 0.6998
vn -0.4985 0.5003 0.7080
vn -0.4984 0.5001 0.7082
vn 0.0074 0.6978 0.7163
vn -0.4995 0.4942 0.7115
vn -0.5004 0.5000 0.7069
vn -0.5004 0.5000 0.7068
vn -0.5004 0.4999 0.7069
vn 0.0042 0.7109 0.7033
vn 0.0042 0.7108 0.7033
vn 0.7059 0.0148 0.7082
vn -0.4415 -0.5082 0.7395
vn -0.4169 -0.5366 0.7336
vn -0.4152 -0.5401 0.7320
vn -0.4414 -0.5082 0.7395
vn -0.4415 -0.5081 0.7395
vn -0.0077 0.7117 0.7025
vn -0.7113 0.0059 0.7029
vn -0.5129 0.4858 0.7078
vn -0.5129 0.4856 0.7079
vn -0.5130 0.4858 0.7077
vn -0.0000 0.7101 0.7041
vn 0.4992 -0.5041 0.7048
vn 0.6285 -0.2429 0.7389
vn 0.6272 -0.2464 0.7389
vn -0.4893 -0.4924 0.7198
vn 0.5031 -0.5042 0.7019
vn 0.5315 0.4581 0.7125
vn 0.5071 0.4915 0.7080
vn 0.5030 0.5028 0.7030
vn 0.5030 0.5028 0.7029
vn -0.3729 -0.5653 0.7358
vn -0.3688 -0.5741 0.7311
vn -0.3685 -0.5746 0.7308
vn -0.3688 -0.5740 0.7311
vn -0.3643 -0.5833 0.7260
vn -0.5043 0.4981 0.7053
vn -0.5044 0.4981 0.7053
vn 0.0280 0.7067 0.7069
vn 0.0277 0.7064 0.7073
vn 0.7074 -0.0014 0.7068
vn -0.4767 -0.4767 0.7386
vn -0.4991 0.5032 0.7054
vn -0.4991 0.5032 0.7055
vn -0.4992 0.5045 0.7044
vn -0.4991 0.5044 0.7046
vn 1.0000 -0.0000 -0.0000
vn 1.0000 0.0002 0.0001
vn 1.0000 0.0005 0.0002
vn 1.0000 0.0003 0.0001
vn 1.0000 0.0005 0.0003
vn 0.7304 -0.1329 0.6700
vn 0.7221 -0.0010 0.6918
vn 0.7304 -0.1328 0.6700
vn 0.7304 -0.1326 0.6700
vn 0.7115 0.0017 -0.7027
vn 0.7184 0.1409 -0.6813
vn 0.7114 0.0017 -0.7027
vn 0.7184 0.1404 -0.6814
vn 0.7187 0.3831 0.5802
vn 0.7121 0.4589 0.5314
vn 0.7187 0.3832 0.5802
vn 0.7249 0.1539 0.6714
vn 0.7128 0.0030 0.7013
vn 0.7250 0.1576 0.6705
vn 0.7129 0.0030 0.7013
vn 0.7258 -0.1532 -0.6706
vn 0.7274 -0.1581 -0.6677
vn 0.7258 -0.1547 -0.6703
vn 0.7258 -0.1533 -0.6707
vn 0.7274 -0.1579 -0.6678
vn 0.7393 -0.2356 -0.6308
vn 0.7274 -0.1580 -0.6677
vn 0.7274 -0.1578 -0.6678
vn 0.7393 -0.2353 -0.6309
vn 0.7393 -0.2354 -0.6309
vn 0.7511 -0.6047 -0.2649
vn 0.7511 -0.6032 -0.2682
vn 0.7393 -0.2357 -0.6308
vn 0.7144 -0.6994 0.0206
vn 0.7511 -0.6033 -0.2681
vn 0.7511 -0.6048 -0.2648
vn 0.7144 -0.6994 0.0207
vn 0.7128 -0.0031 0.7013
vn 0.7257 -0.1339 0.6748
vn 0.7257 -0.1338 0.6749
vn 0.7304 -0.1327 0.6700
vn 1.0000 -0.0004 -0.0030
vn 1.0000 -0.0001 -0.0032
vn 1.0000 -0.0011 -0.0020
vn 1.0000 -0.0012 -0.0020
vn 1.0000 -0.0014 -0.0013
vn 1.0000 -0.0004 -0.0016
vn 1.0000 -0.0013 -0.0014
vn 1.0000 -0.0023 -0.0015
vn -1.0000 -0.0000 -0.0000
vn -0.6293 0.7260 0.2774
vn -0.6293 0.7260 0.2775
vn -0.0029 0.7234 0.6904
vn -0.4424 0.7137 -0.5430
vn 0.0007 0.7110 -0.7032
vn 0.7090 0.7052 0.0002
vn 0.4228 0.8166 0.3929
vn 0.4122 0.8168 0.4037
vn 0.7089 0.7053 0.0002
vn 0.4228 0.8166 0.3930
vn 0.0238 0.7216 0.6919
vn 0.4122 0.8168 0.4036
vn 0.0240 0.7213 0.6922
vn 0.6965 0.7175 0.0053
vn -0.0019 0.7125 0.7016
vn -0.0019 0.7126 0.7016
vn -0.0092 0.7187 0.6953
vn -0.3348 0.7705 0.5424
vn -0.3342 0.7705 0.5428
vn -0.3349 0.7705 0.5423
vn -0.5827 0.7070 0.4008
vn -0.5825 0.7072 0.4007
vn -0.5824 0.7073 0.4007
vn -0.0018 0.7061 -0.7081
vn 0.6290 0.7161 -0.3027
vn 0.0012 0.7106 -0.7036
vn 0.0012 0.7107 -0.7035
vn 0.0012 0.7108 -0.7034
vn 0.0012 0.7102 -0.7040
vn 0.0012 0.7101 -0.7041
vn 0.7088 0.7054 -0.0001
vn 0.7089 0.7053 -0.0001
vn 0.0006 0.7115 0.7026
vn 0.0006 0.7116 0.7026
vn -0.6157 0.7208 0.3183
vn -0.3343 0.7705 0.5427
vn 0.7040 0.7102 -0.0003
vn 0.7137 0.0025 -0.7004
vn 0.7258 -0.1546 -0.6703
vn 0.7137 0.0025 -0.7005
vn 0.7258 -0.1532 -0.6707
vn 0.0754 0.0200 -0.9970
vn 0.0777 0.0148 -0.9969
vn 0.0753 0.0202 -0.9970
vn 0.8946 0.1476 -0.4218
vn 0.8783 0.2248 -0.4219
vn 0.7759 0.2165 -0.5926
vn 0.7963 0.1694 -0.5806
vn 0.7751 0.2181 -0.5930
vn 0.7964 0.1694 -0.5806
vn -0.6102 -0.3254 0.7223
vn 0.5050 -0.5008 0.7030
vn 0.5050 -0.5008 0.7029
vn -0.6938 -0.1051 0.7125
vn -0.4997 0.4991 0.7080
vn -0.4999 0.4993 0.7077
vn -0.4996 0.4991 0.7080
vn -0.4997 0.4992 0.7079
vn 0.6285 -0.2428 0.7389
vn 0.7027 0.0327 0.7108
vn 0.6272 -0.2463 0.7389
vn 0.5023 -0.4972 0.7074
vn 0.5023 -0.4973 0.7074
vn 0.7183 0.1404 -0.6814
vn 0.7110 0.2770 -0.6463
vn 0.7184 0.1410 -0.6812
vn 0.7184 0.1405 -0.6814
vn 1.0000 -0.0018 -0.0028
vn 1.0000 -0.0013 -0.0013
vn 1.0000 -0.0018 -0.0031
vn 1.0000 -0.0018 -0.0029
vn -0.0000 -1.0000 -0.0000
vn -0.6392 0.7146 -0.2841
vn 0.0002 0.0002 -1.0000
vn -0.0001 -0.0000 -1.0000
vn 0.0003 0.0003 -1.0000
vn 0.0306 0.0097 0.9995
vn 0.0136 0.0144 0.9998
vn 0.0211 0.0136 0.9997
vn -0.4077 -0.5550 0.7251
vn -0.4151 -0.5401 0.7320
vn 0.7250 0.1576 0.6704
vn 0.7249 0.1540 0.6714
vn 0.7003 0.7138 -0.0007
vn 0.7004 0.7138 -0.0007
vn -0.7009 -0.0005 0.7133
vn 0.5038 -0.5039 0.7017
vn 0.5447 0.5448 0.6376
vn 1.0000 -0.0005 -0.0016
vn 1.0000 -0.0004 -0.0029
vn 0.0318 0.7024 0.7111
vn -0.2442 0.6289 0.7381
vn -0.2478 0.6276 0.7381
vn -0.3355 -0.6263 0.7037
vn 0.3536 0.3920 0.8493
vn 0.3448 0.3992 0.8495
vn 0.3544 0.3913 0.8493
vn 0.3446 0.3994 0.8495
vn -0.0673 0.6235 0.7789
vn -0.0673 0.6236 0.7789
vn -0.1652 -0.1713 0.9713
vn -0.1690 -0.1728 0.9703
vn -0.1646 -0.1711 0.9714
vn 0.2854 0.4566 0.8427
vn 0.2172 0.4708 0.8551
vn 0.1962 0.4807 0.8547
vn 0.1962 0.4771 0.8567
vn 0.1924 0.4860 0.8525
vn 0.4426 -0.0052 0.8967
vn 0.8143 0.4427 0.3755
vn 0.8058 0.4834 0.3421
vn 0.4426 -0.0053 0.8967
vn 0.4788 0.0166 0.8778
vn 0.8143 0.4427 0.3754
vn 0.6456 0.0322 0.7630
vn 0.3722 -0.2266 0.9001
vn 0.6368 0.0221 0.7707
vn 0.6788 0.7004 0.2208
vn 0.7786 0.4935 0.3876
vn 0.6788 0.7004 0.2209
vn 0.7685 0.5246 0.3664
vn 0.2462 0.4722 0.8464
vn 0.8143 0.4428 0.3754
vn 0.7489 0.6321 0.1990
vn 0.8058 0.4835 0.3420
vn 0.1961 0.4770 0.8568
vn 0.1964 0.4771 0.8566
vn 0.1961 0.4770 0.8567
vn -0.0789 -0.2694 0.9598
vn -0.0790 -0.2690 0.9599
vn 0.6457 0.0323 0.7629
vn 0.6369 0.0221 0.7707
vn 0.7786 0.4934 0.3877
vn 0.7685 0.5245 0.3664
vn 0.6457 0.0322 0.7629
vn 0.1982 0.4791 0.8551
vn 0.2119 0.4780 0.8524
vn 0.2181 0.4705 0.8550
vn 0.1983 0.4791 0.8551
vn 0.2121 0.4778 0.8525
vn 0.6988 0.6105 0.3729
vn 0.4720 -0.0087 0.8815
vn 0.4981 0.0074 0.8671
vn 0.6988 0.6105 0.3728
vn 0.6821 0.6359 0.3612
vn 0.4715 -0.0076 0.8818
vn -0.0430 -0.2730 0.9611
vn 0.4982 0.0074 0.8670
vn 0.4721 -0.0088 0.8815
vn 0.2475 0.4732 0.8455
vn 0.2475 0.4734 0.8454
vn 0.4331 0.8796 0.1968
vn 0.6820 0.6359 0.3612
vn 0.6987 0.6106 0.3728
vn 0.4331 0.8796 0.1967
vn 0.0145 0.0141 0.9998
vn 0.0131 0.0129 0.9998
vn 0.0097 0.0189 0.9998
vn 0.0177 0.0115 0.9998
vn 0.0267 0.0139 0.9995
vn 0.0131 0.0130 0.9998
vn 0.0163 0.0112 0.9998
vn 0.3913 0.3544 0.8493
vn 0.3736 0.3736 0.8490
vn 0.3736 0.3735 0.8491
vn 0.3920 0.3536 0.8493
vn 0.6236 -0.0673 0.7789
vn -0.1728 -0.1690 0.9703
vn -0.1713 -0.1652 0.9713
vn -0.1711 -0.1646 0.9714
vn 0.4720 0.2476 0.8461
vn 0.4585 0.2842 0.8420
vn -0.0054 0.4422 0.8969
vn -0.2694 -0.0794 0.9598
vn 0.0169 0.4791 0.8776
vn -0.2691 -0.0794 0.9598
vn 0.0327 0.6464 0.7623
vn 0.4931 0.7770 0.3912
vn 0.0225 0.6376 0.7701
vn 0.5239 0.7669 0.3708
vn 0.0326 0.6464 0.7623
vn -0.2259 0.3740 0.8995
vn 0.0224 0.6375 0.7701
vn 0.4932 0.7770 0.3912
vn 0.6999 0.6765 0.2290
vn 0.4932 0.7770 0.3913
vn 0.5239 0.7668 0.3708
vn 0.6999 0.6765 0.2291
vn 0.4420 0.8146 0.3755
vn 0.6305 0.7501 0.1995
vn 0.4824 0.8063 0.3422
vn -0.0054 0.4421 0.8969
vn 0.4419 0.8146 0.3755
vn 0.0168 0.4791 0.8776
vn 0.4824 0.8063 0.3423
vn 0.4419 0.8147 0.3755
vn 0.4780 0.2127 0.8522
vn 0.4701 0.2230 0.8540
vn 0.4730 0.2555 0.8432
vn 0.4778 0.2128 0.8523
vn 0.6099 0.6993 0.3729
vn -0.0047 0.4689 0.8833
vn 0.6352 0.6826 0.3613
vn 0.0134 0.4986 0.8667
vn -0.0083 0.4706 0.8823
vn -0.0047 0.4689 0.8832
vn -0.2649 -0.0450 0.9632
vn -0.2649 -0.0449 0.9632
vn 0.4725 0.2499 0.8452
vn 0.4724 0.2500 0.8452
vn 0.4726 0.2499 0.8451
vn 0.4725 0.2499 0.8451
vn 0.8787 0.4347 0.1972
vn 0.6353 0.6826 0.3612
vn 0.8787 0.4346 0.1972
vn 0.4707 0.2487 0.8465
vn 0.4648 0.2433 0.8514
vn 0.4722 0.2151 0.8548
vn -0.5483 -0.4178 0.7244
vn -0.5483 -0.4179 0.7244
vn -0.1652 -0.1652 0.9723
vn -0.1647 -0.1711 0.9714
vn -0.1711 -0.1647 0.9714
vn 0.4771 0.1965 0.8566
vn 0.4770 0.1970 0.8566
vn 0.4770 0.1965 0.8567
vn 0.4770 0.1966 0.8567
vn 0.4769 0.1971 0.8566
vn 0.3994 0.3447 0.8495
vn 0.3994 0.3446 0.8495
vn 0.4721 0.2134 0.8554
vn 0.4806 0.1965 0.8546
vn 0.4859 0.1927 0.8525
vn 0.0174 0.0114 0.9998
vn 0.0141 0.0273 0.9995
vn 0.0125 0.0211 0.9997
vn 0.0135 0.0144 0.9998
vn 0.0125 0.0212 0.9997
vn 0.0112 0.0152 0.9998
vn 0.0112 0.0151 0.9998
vn 0.0109 0.0174 0.9998
vn 0.0135 0.0145 0.9998
vn 0.0111 0.0172 0.9998
vn 0.0212 0.0136 0.9997
vn 0.0065 0.0065 1.0000
vn 0.0077 0.0097 0.9999
vn 0.0141 0.0274 0.9995
vn 0.0066 0.0067 1.0000
vn 0.0136 0.0145 0.9998
vn 0.0130 0.0130 0.9998
vn 0.0097 0.0077 0.9999
vn 0.0065 0.0066 1.0000
vn 1.0000 -0.0047 -0.0023
vn 1.0000 -0.0022 -0.0015
vn 0.3230 0.4096 0.8532
vn 0.3153 0.4152 0.8533
vn 0.3229 0.4097 0.8532
vn 0.3137 0.4163 0.8534
vn 0.3152 0.4152 0.8533
vn 0.2933 0.4305 0.8536
vn 0.2908 0.4322 0.8536
vn 0.2932 0.4304 0.8537
vn 0.3152 0.4152 0.8534
vn 0.3138 0.4163 0.8534
vn 0.2632 0.4483 0.8542
vn 0.2589 0.4505 0.8544
vn 0.2374 0.4621 0.8545
vn 0.2181 0.4706 0.8550
vn 0.2267 0.4670 0.8547
vn 0.2306 0.4680 0.8531
vn 0.2305 0.4681 0.8531
vn 0.1963 0.4770 0.8567
vn 0.1965 0.4770 0.8566
vn 0.1963 0.4772 0.8566
vn 0.4187 0.3110 0.8532
vn 0.4120 0.3208 0.8529
vn 0.4196 0.3097 0.8533
vn 0.4350 0.2861 0.8538
vn 0.4364 0.2827 0.8542
vn 0.4540 0.2502 0.8551
vn 0.4536 0.2570 0.8534
vn 0.4648 0.2433 0.8513
vn 0.4706 0.2487 0.8465
vn 0.4862 0.2043 0.8496
vn 0.4859 0.1926 0.8525
vn 0.4721 0.2133 0.8554
vn 0.4769 0.1967 0.8567
vn 0.4722 0.2134 0.8553
vn 0.4541 0.2502 0.8551
vn 0.4350 0.2860 0.8538
vn 0.0002 0.0012 -1.0000
vn 0.0003 0.0006 -1.0000
vn 0.0003 0.0002 -1.0000
vn 0.0002 0.0001 -1.0000
vn 0.0002 0.0011 -1.0000
vn 0.0005 0.0004 -1.0000
vn 0.0002 0.0010 -1.0000
vn 0.0001 0.0011 -1.0000
vn 0.0001 0.0014 -1.0000
vn 0.0709 0.0303 -0.9970
vn 0.0709 0.0302 -0.9970
vn 0.7313 0.3142 -0.6054
vn 0.7758 0.2165 -0.5926
vn 0.7311 0.3148 -0.6054
vn 0.4421 0.7978 -0.4101
vn 0.4421 0.7977 -0.4101
vn 0.4409 0.7985 -0.4099
vn 0.0146 0.0772 -0.9969
vn 0.0253 0.0728 -0.9970
vn 0.1464 0.7850 -0.6019
vn 0.1466 0.7850 -0.6019
vn 0.1465 0.7852 -0.6017
vn 0.2606 0.7524 -0.6049
vn -0.0001 -0.0001 -1.0000
vn -0.0015 -0.0015 -1.0000
vn -0.0015 -0.0014 -1.0000
vn 0.6701 0.4249 -0.6086
vn 0.7310 0.3148 -0.6054
vn 0.0650 0.0413 -0.9970
vn 0.0709 0.0304 -0.9970
vn 0.0014 0.0019 -1.0000
vn 0.1463 0.7851 -0.6019
vn 0.1134 0.7910 -0.6012
vn 0.1466 0.7852 -0.6017
vn 0.2027 0.4863 0.8500
vn 0.5191 0.8539 0.0387
vn 0.1141 0.9861 -0.1209
vn 0.2018 0.9713 0.1256
vn 0.4737 0.8530 -0.2193
vn -0.1156 0.9557 0.2707
vn 0.1140 0.9861 -0.1208
vn -0.2457 0.9684 0.0434
vn -0.1157 0.9557 0.2707
vn 0.1140 0.9861 -0.1209
vn -0.5409 0.5582 0.6291
vn -0.7666 0.1631 0.6211
vn -0.5751 0.2453 0.7805
vn -0.5409 0.5583 0.6291
vn -0.7278 0.5179 0.4496
vn -0.5436 0.8027 0.2452
vn -0.7278 0.5179 0.4495
vn -0.3784 0.8096 0.4488
vn -0.2458 0.9683 0.0434
vn -0.5435 0.8028 0.2452
vn -0.2458 0.9684 0.0434
vn 0.8765 -0.2921 0.3826
vn 0.9927 -0.1188 -0.0215
vn 0.9770 -0.0036 0.2131
vn 0.8788 -0.4457 0.1705
vn 0.7814 0.6235 0.0249
vn 0.9546 0.2482 -0.1649
vn 0.7710 0.5919 -0.2349
vn 0.9434 0.3203 0.0866
vn 0.9545 0.2483 -0.1649
vn 0.9434 0.3202 0.0865
vn 0.9927 -0.1187 -0.0215
vn 0.9434 0.3202 0.0866
vn 0.9927 -0.1187 -0.0216
vn 0.5191 0.8538 0.0387
vn 0.7710 0.5920 -0.2349
vn 0.4738 0.8529 -0.2193
vn 0.5191 0.8538 0.0386
vn 0.7814 0.6236 0.0248
vn 0.6592 -0.4953 0.5658
vn 0.2966 -0.7698 0.5652
vn 0.6325 -0.6760 0.3781
vn 0.3628 -0.5780 0.7310
vn 0.3627 -0.5780 0.7310
vn -0.0713 -0.7110 0.6996
vn 0.2964 -0.7698 0.5652
vn 0.0382 -0.5260 0.8496
vn 0.6326 -0.6760 0.3781
vn 0.8788 -0.4457 0.1706
vn 0.6593 -0.4952 0.5658
vn 0.6326 -0.6759 0.3780
vn -0.4751 -0.0754 0.8767
vn -0.7666 0.1630 0.6211
vn -0.6532 -0.2004 0.7302
vn -0.4751 -0.0755 0.8767
vn -0.5751 0.2452 0.7805
vn -0.4072 -0.5096 0.7580
vn -0.2581 -0.3483 0.9012
vn -0.2581 -0.3482 0.9012
vn -0.6531 -0.2004 0.7302
vn -0.4073 -0.5095 0.7580
vn 0.2018 0.9713 0.1257
vn 0.1109 0.7956 0.5955
vn 0.3117 0.8098 0.4971
vn -0.1835 0.3418 0.9217
vn -0.1686 0.5425 0.8230
vn -0.1835 0.3419 0.9217
vn -0.1157 0.9557 0.2708
vn -0.0581 0.7017 0.7101
vn 0.1108 0.7956 0.5956
vn -0.3783 0.8096 0.4488
vn -0.1686 0.5426 0.8229
vn -0.0581 0.7016 0.7102
vn -0.5408 0.5583 0.6291
vn 0.9770 -0.0036 0.2132
vn 0.7916 0.3884 0.4717
vn 0.8091 0.1826 0.5586
vn 0.6844 0.5825 0.4386
vn 0.7916 0.3885 0.4716
vn 0.3118 0.8098 0.4971
vn 0.5156 0.7307 0.4475
vn 0.7814 0.6236 0.0249
vn 0.0383 -0.5259 0.8497
vn 0.4168 -0.1853 0.8899
vn 0.2081 -0.1518 0.9663
vn 0.0383 -0.5260 0.8497
vn 0.3627 -0.5779 0.7311
vn 0.3627 -0.5779 0.7310
vn 0.6077 -0.1392 0.7819
vn 0.4169 -0.1853 0.8899
vn 0.3628 -0.5779 0.7310
vn 0.6592 -0.4952 0.5658
vn 0.6077 -0.1392 0.7818
vn 0.8765 -0.2920 0.3827
vn 0.8091 0.1825 0.5586
vn 0.7445 -0.0030 0.6677
vn 0.7444 -0.0030 0.6677
vn 0.6078 -0.1392 0.7818
vn 0.8765 -0.2921 0.3827
vn 0.7444 -0.0031 0.6677
vn -0.5750 0.2452 0.7805
vn -0.1192 0.1356 0.9836
vn -0.4750 -0.0754 0.8767
vn 0.0143 -0.0439 0.9989
vn -0.1191 0.1356 0.9836
vn -0.4750 -0.0755 0.8767
vn 0.0143 -0.0440 0.9989
vn -0.2580 -0.3482 0.9012
vn 0.0382 -0.5260 0.8497
vn 0.1889 0.5998 0.7776
vn 0.3562 0.6326 0.6877
vn 0.1109 0.7956 0.5956
vn 0.0919 0.3088 0.9467
vn 0.0848 0.4855 0.8701
vn -0.1834 0.3418 0.9217
vn 0.1888 0.5998 0.7776
vn -0.0580 0.7016 0.7102
vn 0.0848 0.4856 0.8701
vn 0.6236 0.3939 0.6752
vn 0.5142 0.5516 0.6568
vn 0.6843 0.5825 0.4386
vn 0.3563 0.6326 0.6877
vn 0.3118 0.8097 0.4971
vn 0.5156 0.7306 0.4475
vn 0.3573 0.0806 0.9305
vn 0.4168 -0.1852 0.8899
vn 0.5174 0.0993 0.8500
vn 0.4169 -0.1852 0.8899
vn 0.6077 -0.1391 0.7819
vn 0.6183 0.2307 0.7513
vn 0.5174 0.0994 0.8500
vn 0.0919 0.3087 0.9467
vn 0.1843 0.1560 0.9704
vn -0.1191 0.1355 0.9836
vn 0.3573 0.0807 0.9305
vn 0.1844 0.1559 0.9704
vn 0.2081 -0.1517 0.9663
vn 0.3710 0.3712 0.8513
vn 0.3314 0.4862 0.8086
vn 0.2484 0.3877 0.8877
vn 0.3710 0.3711 0.8513
vn 0.4642 0.2830 0.8393
vn 0.4648 0.4215 0.7786
vn 0.3305 0.2621 0.9067
vn 0.3709 0.3711 0.8513
vn 0.2484 0.3876 0.8877
vn 0.3314 0.4862 0.8085
vn 0.0920 0.3088 0.9467
vn 0.1889 0.5997 0.7776
vn 0.4649 0.4215 0.7786
vn 0.6182 0.2308 0.7514
vn 0.6236 0.3939 0.6753
vn 0.4643 0.2830 0.8393
vn 0.5141 0.5516 0.6569
vn 0.3315 0.4862 0.8085
vn 0.5141 0.5516 0.6568
vn 0.4642 0.2829 0.8393
vn 0.5173 0.0994 0.8500
vn 0.3305 0.2620 0.9067
vn 0.6182 0.2307 0.7514
vn 0.4643 0.2829 0.8393
vn 0.3304 0.2620 0.9067
vn 0.0920 0.3087 0.9467
vn 0.1844 0.1560 0.9704
vn 0.0144 -0.0439 0.9989
vn -0.1834 0.3419 0.9217
vn 0.5156 0.7307 0.4476
vn 0.7916 0.3885 0.4717
vn 0.6183 0.2308 0.7513
vn 0.5173 0.0993 0.8500
vn 0.6078 -0.1391 0.7818
vn 0.5920 -0.5297 -0.6074
vn 0.6688 -0.4269 -0.6087
vn 0.6701 -0.4249 -0.6086
vn 0.8362 -0.3605 -0.4133
vn 0.8783 -0.2248 -0.4220
vn 0.8782 -0.2252 -0.4219
vn 0.8357 -0.3619 -0.4131
vn 0.7706 -0.4859 -0.4125
vn 0.8357 -0.3620 -0.4131
vn 0.7686 -0.4888 -0.4127
vn 0.0574 -0.0515 -0.9970
vn 0.0649 -0.0414 -0.9970
vn 0.0650 -0.0413 -0.9970
vn 0.0574 -0.0516 -0.9970
vn 0.4972 -0.6210 -0.6059
vn 0.5920 -0.5298 -0.6074
vn 0.4971 -0.6211 -0.6059
vn 0.4976 -0.6214 -0.6052
vn 0.0019 0.7111 0.7031
vn 0.5001 0.4984 0.7081
vn 0.5003 0.4985 0.7080
vn 0.6983 -0.0064 0.7158
vn 0.6982 -0.0064 0.7158
vn 0.4907 0.4955 0.7167
vn 0.4907 0.4954 0.7168
vn -0.1055 0.6898 0.7162
vn -0.1055 0.6898 0.7163
vn 0.4999 0.5004 0.7069
vn 0.5000 0.5004 0.7068
vn 0.7085 -0.0037 0.7057
vn 0.0138 -0.7077 0.7064
vn 0.0138 -0.7076 0.7064
vn -0.5045 -0.5045 0.7007
vn -0.5092 0.4408 0.7392
vn -0.5352 0.4206 0.7326
vn -0.5366 0.4203 0.7317
vn -0.5091 0.4409 0.7392
vn -0.5352 0.4206 0.7325
vn -0.0017 0.7068 0.7074
vn -0.0017 0.7068 0.7075
vn 0.4991 0.4994 0.7082
vn 0.7025 0.0095 0.7116
vn 0.0060 0.7028 0.7113
vn 0.2546 0.6290 0.7346
vn 0.2534 0.6295 0.7346
vn 0.2534 0.6294 0.7346
vn 0.6239 0.2672 0.7344
vn 0.6239 0.2673 0.7344
vn 0.2547 0.6289 0.7346
vn 0.6239 0.2671 0.7344
vn 0.7127 -0.0003 0.7015
vn 0.6240 0.2671 0.7344
vn 0.7127 -0.0002 0.7015
vn -0.2443 -0.6289 0.7381
vn -0.5062 -0.4999 0.7027
vn -0.2479 -0.6275 0.7380
vn -0.4957 0.4817 0.7227
vn -0.5028 -0.5021 0.7036
vn -0.5027 -0.5021 0.7037
vn 0.4532 -0.5312 0.7158
vn 0.4532 -0.5313 0.7158
vn 0.4532 -0.5312 0.7159
vn 0.4952 -0.5109 0.7027
vn 0.4952 -0.5109 0.7026
vn -0.5763 0.3689 0.7292
vn -0.5694 0.3727 0.7327
vn -0.5768 0.3686 0.7290
vn -0.5836 0.3647 0.7255
vn 0.4979 0.5037 0.7060
vn 0.7056 -0.0286 0.7081
vn 0.7055 -0.0285 0.7082
vn 0.7055 -0.0286 0.7081
vn -0.0014 -0.7087 0.7055
vn -0.4767 0.4766 0.7386
vn -0.4768 0.4766 0.7386
vn 0.3898 -0.6946 -0.6046
vn 0.3890 -0.6948 -0.6049
vn 0.1674 -0.8945 -0.4146
vn 0.2966 -0.8648 -0.4051
vn 0.1672 -0.8945 -0.4146
vn 0.3007 -0.8635 -0.4049
vn 0.0116 -0.0784 -0.9969
vn 0.0146 -0.0771 -0.9969
vn 0.1232 -0.8989 -0.4205
vn 0.1673 -0.8945 -0.4146
vn 0.0377 -0.0673 -0.9970
vn 0.0481 -0.0602 -0.9970
vn 0.0377 -0.0672 -0.9970
vn 0.0252 -0.0729 -0.9970
vn 0.0252 -0.0728 -0.9970
vn 0.2607 -0.7524 -0.6049
vn 0.3891 -0.6950 -0.6046
vn 0.2608 -0.7524 -0.6049
vn 0.5639 -0.7085 -0.4244
vn 0.6759 -0.6030 -0.4238
vn 0.5639 -0.7084 -0.4244
vn 0.6762 -0.6032 -0.4230
vn 0.6761 -0.6033 -0.4230
vn 0.0482 -0.0602 -0.9970
vn -0.7143 -0.0012 0.6998
vn -0.4985 -0.5003 0.7080
vn -0.4986 -0.5004 0.7078
vn -0.4984 -0.5001 0.7082
vn 0.0074 -0.6978 0.7163
vn 0.0075 -0.6978 0.7163
vn -0.4995 -0.4942 0.7116
vn -0.4995 -0.4942 0.7115
vn -0.5004 -0.5000 0.7069
vn -0.5004 -0.5000 0.7068
vn -0.5004 -0.4999 0.7069
vn 0.0042 -0.7108 0.7033
vn 0.0042 -0.7109 0.7033
vn 0.7059 -0.0148 0.7082
vn 0.7061 -0.0150 0.7080
vn -0.4415 0.5082 0.7395
vn -0.4169 0.5366 0.7336
vn -0.4415 0.5081 0.7395
vn -0.4152 0.5401 0.7320
vn -0.0077 -0.7116 0.7025
vn -0.0077 -0.7117 0.7025
vn -0.7113 -0.0059 0.7029
vn -0.5129 -0.4856 0.7079
vn -0.5128 -0.4855 0.7080
vn -0.5129 -0.4857 0.7078
vn -0.5128 -0.4854 0.7081
vn -0.0000 -0.7101 0.7041
vn -0.0000 -0.7100 0.7042
vn 0.4992 0.5041 0.7048
vn 0.6285 0.2429 0.7389
vn 0.6272 0.2464 0.7389
vn -0.4893 0.4924 0.7198
vn 0.5031 0.5042 0.7019
vn 0.5315 -0.4581 0.7125
vn 0.5072 -0.4915 0.7080
vn 0.5071 -0.4915 0.7080
vn 0.5030 -0.5028 0.7030
vn 0.5031 -0.5028 0.7029
vn 0.5030 -0.5028 0.7029
vn -0.3688 0.5740 0.7311
vn -0.3729 0.5653 0.7358
vn -0.3688 0.5741 0.7311
vn -0.3685 0.5746 0.7308
vn -0.3643 0.5833 0.7260
vn -0.5044 -0.4981 0.7053
vn -0.5043 -0.4981 0.7053
vn 0.0280 -0.7067 0.7069
vn 0.0278 -0.7065 0.7071
vn 0.0277 -0.7064 0.7073
vn 0.7074 0.0014 0.7068
vn -0.4767 0.4767 0.7386
vn -0.4991 -0.5032 0.7054
vn -0.4992 -0.5032 0.7054
vn -0.4991 -0.5032 0.7055
vn -0.4990 -0.5043 0.7048
vn -0.4992 -0.5046 0.7044
vn 1.0000 -0.0005 -0.0000
vn 1.0000 -0.0002 -0.0000
vn 1.0000 -0.0005 0.0003
vn 1.0000 -0.0002 0.0001
vn 0.7304 0.1328 0.6700
vn 0.7221 0.0010 0.6918
vn 0.7304 0.1326 0.6700
vn 0.7304 0.1329 0.6700
vn 0.7114 -0.0017 -0.7028
vn 0.7184 -0.1409 -0.6812
vn 0.7184 -0.1404 -0.6814
vn 0.7115 -0.0017 -0.7027
vn 0.7184 -0.1409 -0.6813
vn 0.7121 -0.4589 0.5314
vn 0.7187 -0.3831 0.5802
vn 0.7187 -0.3832 0.5802
vn 0.7128 -0.0030 0.7013
vn 0.7249 -0.1539 0.6714
vn 0.7129 -0.0030 0.7013
vn 0.7250 -0.1576 0.6705
vn 0.7250 -0.1539 0.6714
vn 0.7258 0.1533 -0.6707
vn 0.7274 0.1581 -0.6677
vn 0.7274 0.1579 -0.6678
vn 0.7258 0.1532 -0.6706
vn 0.7258 0.1547 -0.6703
vn 0.7393 0.2356 -0.6308
vn 0.7393 0.2353 -0.6309
vn 0.7274 0.1578 -0.6678
vn 0.7274 0.1580 -0.6677
vn 0.7511 0.6047 -0.2649
vn 0.7393 0.2354 -0.6309
vn 0.7511 0.6032 -0.2682
vn 0.7393 0.2357 -0.6308
vn 0.7511 0.6033 -0.2681
vn 0.7144 0.6994 0.0206
vn 0.7511 0.6047 -0.2648
vn 0.7128 0.0031 0.7013
vn 0.7257 0.1339 0.6748
vn 0.7257 0.1338 0.6749
vn 0.7304 0.1327 0.6700
vn 1.0000 0.0001 -0.0031
vn 1.0000 0.0004 -0.0030
vn 1.0000 0.0004 -0.0029
vn 1.0000 0.0011 -0.0020
vn 1.0000 -0.0003 0.0001
vn 1.0000 0.0013 -0.0013
vn 1.0000 0.0004 -0.0016
vn 1.0000 0.0022 -0.0015
vn -0.6293 -0.7259 0.2775
vn -0.6293 -0.7260 0.2775
vn -0.0029 -0.7234 0.6904
vn -0.4425 -0.7136 -0.5431
vn -0.4425 -0.7137 -0.5430
vn -0.4424 -0.7138 -0.5430
vn 0.0007 -0.7110 -0.7032
vn 0.7090 -0.7052 0.0002
vn 0.4228 -0.8166 0.3929
vn 0.4122 -0.8168 0.4037
vn 0.0238 -0.7216 0.6919
vn 0.4121 -0.8168 0.4036
vn 0.0240 -0.7213 0.6923
vn 0.6965 -0.7175 0.0053
vn 0.6965 -0.7176 0.0053
vn -0.0019 -0.7125 0.7016
vn -0.0092 -0.7187 0.6953
vn -0.3349 -0.7705 0.5424
vn -0.3342 -0.7706 0.5427
vn -0.3348 -0.7705 0.5423
vn -0.5825 -0.7072 0.4007
vn -0.0018 -0.7061 -0.7081
vn 0.6290 -0.7161 -0.3027
vn 0.0012 -0.7108 -0.7034
vn 0.0012 -0.7107 -0.7035
vn 0.0012 -0.7101 -0.7041
vn 0.0011 -0.7102 -0.7040
vn 0.0012 -0.7102 -0.7040
vn 0.7089 -0.7053 -0.0001
vn 0.0006 -0.7116 0.7026
vn -0.6157 -0.7208 0.3183
vn -0.3349 -0.7705 0.5423
vn -0.3343 -0.7705 0.5427
vn -0.6157 -0.7208 0.3182
vn 0.7040 -0.7102 -0.0003
vn 0.7041 -0.7101 -0.0003
vn 0.7258 0.1546 -0.6703
vn 0.7137 -0.0025 -0.7004
vn 0.7258 0.1532 -0.6707
vn 0.7137 -0.0025 -0.7005
vn 0.0777 -0.0148 -0.9969
vn 0.0754 -0.0200 -0.9969
vn 0.0754 -0.0202 -0.9970
vn 0.0778 -0.0148 -0.9969
vn 0.0754 -0.0200 -0.9970
vn 0.8946 -0.1476 -0.4218
vn 0.8783 -0.2248 -0.4219
vn 0.7759 -0.2165 -0.5926
vn 0.7964 -0.1694 -0.5806
vn 0.7751 -0.2181 -0.5930
vn 0.7963 -0.1694 -0.5806
vn -0.6102 0.3254 0.7223
vn 0.5050 0.5007 0.7030
vn 0.5050 0.5008 0.7029
vn -0.6938 0.1051 0.7125
vn -0.6938 0.1051 0.7124
vn -0.4997 -0.4992 0.7079
vn -0.4996 -0.4991 0.7080
vn -0.4997 -0.4991 0.7079
vn -0.4999 -0.4993 0.7077
vn 0.7026 -0.0327 0.7108
vn 0.6285 0.2428 0.7389
vn 0.6272 0.2463 0.7389
vn 0.7027 -0.0327 0.7108
vn 0.5023 0.4973 0.7074
vn 0.7110 -0.2770 -0.6463
vn 0.7183 -0.1410 -0.6812
vn 0.7184 -0.1405 -0.6814
vn 1.0000 0.0018 -0.0030
vn 1.0000 0.0010 -0.0020
vn 1.0000 0.0013 -0.0012
vn 1.0000 0.0018 -0.0029
vn 1.0000 0.0018 -0.0031
vn -0.6392 -0.7146 -0.2841
vn -0.6393 -0.7146 -0.2841
vn 0.0002 -0.0001 -1.0000
vn 0.0003 -0.0003 -1.0000
vn 0.0136 -0.0144 0.9998
vn 0.0306 -0.0097 0.9995
vn 0.0211 -0.0136 0.9997
vn -0.4077 0.5550 0.7251
vn 0.7249 -0.1540 0.6714
vn 0.7250 -0.1576 0.6704
vn 0.7004 -0.7138 -0.0007
vn -0.7009 0.0005 0.7133
vn 0.5038 0.5039 0.7017
vn 0.5447 -0.5448 0.6376
vn 1.0000 0.0023 -0.0015
vn 1.0000 0.0005 -0.0016
vn 0.0318 -0.7024 0.7111
vn -0.2442 -0.6289 0.7381
vn -0.2478 -0.6276 0.7381
vn -0.3355 0.6263 0.7037
vn -0.3354 0.6263 0.7037
vn 0.3448 -0.3992 0.8495
vn 0.3536 -0.3920 0.8493
vn 0.3544 -0.3913 0.8493
vn -0.0673 -0.6236 0.7789
vn -0.0673 -0.6235 0.7789
vn -0.1652 0.1713 0.9713
vn -0.1690 0.1728 0.9703
vn -0.1647 0.1711 0.9714
vn 0.2854 -0.4566 0.8427
vn 0.1962 -0.4807 0.8547
vn 0.2172 -0.4708 0.8551
vn 0.1963 -0.4771 0.8567
vn 0.1923 -0.4860 0.8525
vn 0.4426 0.0052 0.8967
vn 0.8143 -0.4427 0.3754
vn 0.4788 -0.0165 0.8778
vn 0.4426 0.0053 0.8967
vn 0.8058 -0.4834 0.3421
vn 0.3722 0.2266 0.9001
vn 0.6457 -0.0322 0.7629
vn 0.6368 -0.0221 0.7707
vn 0.3722 0.2266 0.9000
vn 0.6456 -0.0322 0.7630
vn 0.6788 -0.7003 0.2209
vn 0.7786 -0.4935 0.3876
vn 0.7685 -0.5246 0.3664
vn 0.6788 -0.7004 0.2208
vn 0.2462 -0.4722 0.8464
vn 0.8143 -0.4428 0.3754
vn 0.7489 -0.6321 0.1990
vn 0.8058 -0.4835 0.3420
vn 0.1962 -0.4771 0.8567
vn 0.1961 -0.4770 0.8567
vn 0.1965 -0.4771 0.8566
vn -0.0789 0.2694 0.9598
vn 0.4788 -0.0167 0.8778
vn -0.0790 0.2690 0.9599
vn 0.6457 -0.0323 0.7629
vn 0.7786 -0.4934 0.3877
vn 0.6369 -0.0221 0.7707
vn 0.7685 -0.5245 0.3664
vn 0.7786 -0.4934 0.3876
vn 0.1982 -0.4791 0.8551
vn 0.2123 -0.4776 0.8526
vn 0.1983 -0.4791 0.8551
vn 0.2181 -0.4706 0.8550
vn 0.2119 -0.4780 0.8524
vn 0.4715 0.0077 0.8818
vn 0.6988 -0.6105 0.3729
vn 0.4981 -0.0074 0.8671
vn 0.4720 0.0088 0.8815
vn 0.6821 -0.6358 0.3612
vn 0.6988 -0.6105 0.3728
vn 0.4721 0.0087 0.8815
vn -0.0430 0.2730 0.9611
vn 0.4982 -0.0075 0.8670
vn -0.0430 0.2729 0.9611
vn 0.2475 -0.4733 0.8454
vn 0.2476 -0.4730 0.8456
vn 0.4331 -0.8796 0.1967
vn 0.6820 -0.6359 0.3612
vn 0.6987 -0.6105 0.3729
vn 0.0131 -0.0129 0.9998
vn 0.0145 -0.0141 0.9998
vn 0.0097 -0.0189 0.9998
vn 0.0267 -0.0139 0.9995
vn 0.0177 -0.0115 0.9998
vn 0.0131 -0.0130 0.9998
vn 0.0163 -0.0112 0.9998
vn 0.3913 -0.3544 0.8493
vn 0.3736 -0.3736 0.8490
vn 0.3920 -0.3536 0.8493
vn 0.6236 0.0673 0.7789
vn -0.1728 0.1690 0.9703
vn -0.1713 0.1652 0.9713
vn -0.1711 0.1646 0.9714
vn -0.1713 0.1651 0.9713
vn 0.4720 -0.2476 0.8461
vn 0.4720 -0.2475 0.8461
vn 0.4585 -0.2842 0.8420
vn -0.2694 0.0794 0.9598
vn -0.0054 -0.4422 0.8969
vn -0.2691 0.0794 0.9598
vn 0.0169 -0.4791 0.8776
vn 0.0327 -0.6464 0.7623
vn 0.4932 -0.7770 0.3912
vn 0.5239 -0.7669 0.3708
vn 0.0225 -0.6375 0.7701
vn 0.4931 -0.7770 0.3912
vn -0.2259 -0.3740 0.8995
vn 0.0224 -0.6375 0.7701
vn 0.0326 -0.6464 0.7623
vn 0.6999 -0.6765 0.2290
vn 0.6999 -0.6765 0.2291
vn 0.5239 -0.7668 0.3708
vn 0.6305 -0.7501 0.1995
vn 0.4420 -0.8146 0.3755
vn 0.6305 -0.7501 0.1996
vn 0.4824 -0.8063 0.3423
vn 0.4419 -0.8146 0.3755
vn -0.0054 -0.4421 0.8969
vn 0.0169 -0.4790 0.8776
vn 0.4419 -0.8147 0.3755
vn 0.4779 -0.2127 0.8523
vn 0.4701 -0.2230 0.8540
vn 0.4776 -0.2130 0.8524
vn 0.4730 -0.2555 0.8432
vn -0.0082 -0.4705 0.8823
vn 0.6099 -0.6993 0.3729
vn 0.6352 -0.6826 0.3613
vn -0.0047 -0.4689 0.8833
vn 0.0134 -0.4986 0.8667
vn -0.0047 -0.4690 0.8832
vn -0.2649 0.0449 0.9632
vn 0.0134 -0.4987 0.8667
vn -0.0047 -0.4689 0.8832
vn -0.2649 0.0450 0.9632
vn 0.4724 -0.2500 0.8452
vn 0.4723 -0.2500 0.8452
vn 0.4725 -0.2499 0.8451
vn 0.6353 -0.6826 0.3613
vn 0.8787 -0.4347 0.1972
vn 0.8787 -0.4346 0.1972
vn 0.4648 -0.2433 0.8514
vn 0.4707 -0.2487 0.8465
vn 0.4722 -0.2151 0.8548
vn -0.5483 0.4179 0.7244
vn -0.1652 0.1652 0.9723
vn -0.1646 0.1711 0.9714
vn 0.4770 -0.1965 0.8566
vn 0.4770 -0.1969 0.8565
vn 0.4770 -0.1966 0.8566
vn 0.4771 -0.1965 0.8566
vn 0.4770 -0.1970 0.8566
vn 0.3993 -0.3447 0.8495
vn 0.3735 -0.3736 0.8491
vn 0.4806 -0.1964 0.8546
vn 0.4721 -0.2134 0.8554
vn 0.4859 -0.1926 0.8526
vn 0.0173 -0.0114 0.9998
vn 0.0162 -0.0112 0.9998
vn 0.0141 -0.0273 0.9995
vn 0.0125 -0.0211 0.9997
vn 0.0125 -0.0212 0.9997
vn 0.0135 -0.0145 0.9998
vn 0.0112 -0.0152 0.9998
vn 0.0110 -0.0173 0.9998
vn 0.0212 -0.0136 0.9997
vn 0.0065 -0.0065 1.0000
vn 0.0135 -0.0144 0.9998
vn 0.0141 -0.0274 0.9995
vn 0.0077 -0.0097 0.9999
vn 0.0066 -0.0065 1.0000
vn 0.0097 -0.0077 0.9999
vn 0.0130 -0.0129 0.9998
vn 0.0065 -0.0066 1.0000
vn 1.0000 0.0018 -0.0028
vn 1.0000 0.0013 -0.0014
vn 1.0000 0.0047 -0.0023
vn 0.3230 -0.4096 0.8532
vn 0.3152 -0.4152 0.8533
vn 0.3137 -0.4163 0.8534
vn 0.3229 -0.4097 0.8532
vn 0.3153 -0.4152 0.8533
vn 0.2933 -0.4305 0.8536
vn 0.2908 -0.4322 0.8536
vn 0.3153 -0.4153 0.8533
vn 0.2632 -0.4483 0.8542
vn 0.2589 -0.4505 0.8544
vn 0.2375 -0.4621 0.8545
vn 0.2374 -0.4621 0.8545
vn 0.2181 -0.4705 0.8550
vn 0.2375 -0.4621 0.8544
vn 0.2268 -0.4670 0.8547
vn 0.2182 -0.4705 0.8550
vn 0.2267 -0.4670 0.8547
vn 0.2306 -0.4680 0.8531
vn 0.2374 -0.4621 0.8544
vn 0.1964 -0.4771 0.8566
vn 0.1963 -0.4772 0.8566
vn 0.4187 -0.3110 0.8532
vn 0.4120 -0.3208 0.8529
vn 0.4196 -0.3097 0.8533
vn 0.4350 -0.2861 0.8538
vn 0.4197 -0.3097 0.8532
vn 0.4364 -0.2827 0.8542
vn 0.4187 -0.3109 0.8532
vn 0.4540 -0.2502 0.8551
vn 0.4536 -0.2570 0.8534
vn 0.4706 -0.2487 0.8465
vn 0.4862 -0.2043 0.8496
vn 0.4806 -0.1965 0.8546
vn 0.4859 -0.1926 0.8525
vn 0.4771 -0.1964 0.8566
vn 0.4772 -0.1965 0.8566
vn 0.4541 -0.2502 0.8551
vn 0.4536 -0.2570 0.8533
vn 0.4350 -0.2860 0.8538
vn 0.0003 -0.0002 -1.0000
vn 0.0002 -0.0011 -1.0000
vn 0.0002 -0.0012 -1.0000
vn 0.0005 -0.0004 -1.0000
vn 0.0001 -0.0011 -1.0000
vn 0.0001 -0.0014 -1.0000
vn 0.0002 -0.0010 -1.0000
vn 0.0753 -0.0202 -0.9970
vn 0.0709 -0.0302 -0.9970
vn 0.0709 -0.0303 -0.9970
vn 0.7313 -0.3142 -0.6054
vn 0.7314 -0.3149 -0.6049
vn 0.7758 -0.2165 -0.5926
vn 0.4421 -0.7977 -0.4101
vn 0.4409 -0.7985 -0.4099
vn 0.0251 -0.0729 -0.9970
vn 0.0147 -0.0771 -0.9969
vn 0.0253 -0.0728 -0.9970
vn 0.2606 -0.7525 -0.6049
vn 0.1464 -0.7851 -0.6019
vn 0.1466 -0.7850 -0.6019
vn 0.1464 -0.7850 -0.6019
vn -0.0015 0.0014 -1.0000
vn -0.0001 0.0001 -1.0000
vn -0.0016 0.0015 -1.0000
vn -0.0015 0.0015 -1.0000
vn 0.7311 -0.3141 -0.6057
vn 0.7310 -0.3148 -0.6054
vn 0.0649 -0.0413 -0.9970
vn 0.0709 -0.0304 -0.9970
vn 0.0013 -0.0018 -1.0000
vn 0.0014 -0.0019 -1.0000
vn 0.1134 -0.7910 -0.6012
vn 0.2027 -0.4863 0.8500
vn 0.1924 -0.4860 0.8525
vn 0.1141 -0.9861 -0.1209
vn 0.5191 -0.8539 0.0387
vn 0.2018 -0.9713 0.1256
vn 0.4737 -0.8530 -0.2193
vn 0.1140 -0.9861 -0.1209
vn -0.1157 -0.9557 0.2707
vn -0.2457 -0.9684 0.0434
vn -0.1156 -0.9557 0.2707
vn -0.7666 -0.1631 0.6211
vn -0.5409 -0.5582 0.6291
vn -0.5751 -0.2452 0.7804
vn -0.7278 -0.5179 0.4496
vn -0.5409 -0.5583 0.6291
vn -0.5436 -0.8027 0.2452
vn -0.7278 -0.5179 0.4495
vn -0.3784 -0.8096 0.4488
vn -0.2458 -0.9684 0.0434
vn -0.5435 -0.8028 0.2452
vn -0.3783 -0.8096 0.4488
vn 0.9927 0.1188 -0.0215
vn 0.8765 0.2921 0.3826
vn 0.9770 0.0037 0.2131
vn 0.8788 0.4457 0.1705
vn 0.9545 -0.2482 -0.1649
vn 0.7814 -0.6235 0.0248
vn 0.7710 -0.5919 -0.2349
vn 0.9546 -0.2483 -0.1649
vn 0.9434 -0.3202 0.0865
vn 0.7814 -0.6235 0.0249
vn 0.9927 0.1187 -0.0216
vn 0.9434 -0.3202 0.0866
vn 0.9546 -0.2482 -0.1649
vn 0.9927 0.1187 -0.0215
vn 0.9770 0.0036 0.2131
vn 0.7710 -0.5920 -0.2349
vn 0.5191 -0.8538 0.0386
vn 0.4738 -0.8529 -0.2193
vn 0.7814 -0.6236 0.0249
vn 0.5191 -0.8538 0.0387
vn 0.2965 0.7698 0.5652
vn 0.6592 0.4952 0.5658
vn 0.6325 0.6760 0.3781
vn 0.2966 0.7698 0.5652
vn 0.3628 0.5780 0.7310
vn -0.0713 0.7110 0.6996
vn 0.3627 0.5780 0.7310
vn 0.2964 0.7698 0.5653
vn 0.0383 0.5260 0.8496
vn 0.6326 0.6760 0.3781
vn 0.8788 0.4457 0.1706
vn 0.6326 0.6759 0.3780
vn 0.6593 0.4952 0.5658
vn -0.7666 -0.1630 0.6211
vn -0.4751 0.0755 0.8767
vn -0.6532 0.2004 0.7302
vn -0.5751 -0.2452 0.7805
vn -0.4751 0.0754 0.8767
vn -0.4072 0.5096 0.7580
vn 0.0382 0.5260 0.8496
vn -0.2581 0.3483 0.9012
vn -0.6531 0.2004 0.7302
vn -0.2581 0.3482 0.9012
vn -0.4072 0.5095 0.7580
vn 0.1109 -0.7956 0.5955
vn 0.2018 -0.9713 0.1257
vn 0.3117 -0.8098 0.4971
vn -0.1835 -0.3418 0.9217
vn -0.1686 -0.5425 0.8230
vn -0.5750 -0.2452 0.7805
vn -0.0581 -0.7017 0.7101
vn 0.1108 -0.7956 0.5956
vn -0.1686 -0.5425 0.8229
vn -0.0581 -0.7016 0.7102
vn -0.1686 -0.5426 0.8229
vn -0.5408 -0.5583 0.6291
vn 0.7916 -0.3884 0.4717
vn 0.9770 0.0036 0.2132
vn 0.8091 -0.1826 0.5586
vn 0.6844 -0.5825 0.4386
vn 0.9434 -0.3203 0.0866
vn 0.7916 -0.3885 0.4717
vn 0.3118 -0.8098 0.4971
vn 0.5191 -0.8539 0.0388
vn 0.5156 -0.7307 0.4475
vn 0.6843 -0.5825 0.4386
vn 0.4168 0.1853 0.8899
vn 0.2081 0.1518 0.9663
vn 0.3627 0.5779 0.7311
vn 0.0383 0.5260 0.8497
vn 0.6077 0.1392 0.7819
vn 0.3628 0.5779 0.7310
vn 0.6077 0.1392 0.7818
vn 0.6592 0.4952 0.5659
vn 0.8091 -0.1825 0.5586
vn 0.8765 0.2921 0.3827
vn 0.7445 0.0030 0.6677
vn 0.8765 0.2920 0.3826
vn 0.7445 0.0031 0.6677
vn 0.6078 0.1392 0.7818
vn 0.7444 0.0031 0.6677
vn -0.1192 -0.1356 0.9836
vn -0.4750 0.0754 0.8767
vn 0.0143 0.0439 0.9989
vn -0.1191 -0.1355 0.9836
vn 0.0143 0.0440 0.9989
vn -0.2580 0.3482 0.9012
vn 0.3562 -0.6326 0.6877
vn 0.1889 -0.5998 0.7776
vn 0.1109 -0.7956 0.5956
vn 0.0848 -0.4855 0.8701
vn 0.0919 -0.3087 0.9467
vn -0.1834 -0.3418 0.9217
vn 0.1888 -0.5998 0.7776
vn -0.0580 -0.7016 0.7102
vn 0.0848 -0.4856 0.8701
vn 0.6236 -0.3939 0.6752
vn 0.5142 -0.5516 0.6568
vn 0.3563 -0.6326 0.6877
vn 0.3118 -0.8097 0.4971
vn 0.5141 -0.5516 0.6568
vn 0.5156 -0.7306 0.4475
vn 0.2082 0.1518 0.9663
vn 0.3573 -0.0806 0.9305
vn 0.4168 0.1852 0.8899
vn 0.5174 -0.0993 0.8500
vn 0.6077 0.1391 0.7819
vn 0.7444 0.0030 0.6677
vn 0.6183 -0.2307 0.7513
vn 0.5174 -0.0994 0.8500
vn -0.1191 -0.1356 0.9836
vn 0.1843 -0.1560 0.9704
vn 0.1844 -0.1559 0.9704
vn 0.2081 0.1517 0.9663
vn 0.3314 -0.4862 0.8086
vn 0.3710 -0.3712 0.8513
vn 0.2484 -0.3877 0.8877
vn 0.4642 -0.2830 0.8393
vn 0.4648 -0.4215 0.7786
vn 0.4648 -0.4215 0.7787
vn 0.3305 -0.2621 0.9067
vn 0.2484 -0.3876 0.8877
vn 0.3710 -0.3711 0.8513
vn 0.3305 -0.2620 0.9067
vn 0.3314 -0.4862 0.8085
vn 0.0920 -0.3087 0.9467
vn 0.1889 -0.5997 0.7776
vn 0.6182 -0.2308 0.7513
vn 0.4649 -0.4215 0.7786
vn 0.6236 -0.3939 0.6753
vn 0.6182 -0.2308 0.7514
vn 0.4643 -0.2830 0.8393
vn 0.5141 -0.5515 0.6568
vn 0.5141 -0.5516 0.6569
vn 0.3315 -0.4862 0.8085
vn 0.3573 -0.0807 0.9305
vn 0.4642 -0.2829 0.8393
vn 0.5173 -0.0994 0.8500
vn 0.4643 -0.2829 0.8393
vn 0.6182 -0.2307 0.7514
vn 0.3304 -0.2620 0.9067
vn 0.1844 -0.1560 0.9704
vn 0.0144 0.0439 0.9989
vn -0.1834 -0.3419 0.9217
vn 0.5156 -0.7307 0.4476
vn 0.6183 -0.2308 0.7513
vn 0.5173 -0.0993 0.8500
vn -0.5920 -0.5297 -0.6074
vn -0.6688 -0.4269 -0.6087
vn -0.6704 -0.4252 -0.6081
vn -0.8362 -0.3605 -0.4133
vn -0.8783 -0.2248 -0.4219
vn -0.8357 -0.3619 -0.4131
vn -0.8782 -0.2252 -0.4219
vn -0.8783 -0.2248 -0.4220
vn -0.7706 -0.4859 -0.4125
vn -0.8357 -0.3620 -0.4131
vn -0.7686 -0.4888 -0.4127
vn -0.0649 -0.0414 -0.9970
vn -0.0574 -0.0515 -0.9970
vn -0.0650 -0.0413 -0.9970
vn -0.0574 -0.0516 -0.9970
vn -0.0575 -0.0515 -0.9970
vn -0.4972 -0.6210 -0.6059
vn -0.5920 -0.5298 -0.6074
vn -0.4971 -0.6211 -0.6059
vn -0.0019 0.7111 0.7031
vn -0.5001 0.4984 0.7082
vn -0.5003 0.4985 0.7080
vn -0.6983 -0.0064 0.7158
vn -0.6982 -0.0064 0.7158
vn -0.4907 0.4954 0.7168
vn -0.4907 0.4955 0.7167
vn 0.1055 0.6898 0.7163
vn 0.1055 0.6898 0.7162
vn -0.5000 0.5004 0.7068
vn -0.4999 0.5004 0.7069
vn -0.7085 -0.0037 0.7057
vn -0.0138 -0.7077 0.7064
vn 0.5045 -0.5045 0.7007
vn 0.5092 0.4408 0.7392
vn 0.5352 0.4206 0.7325
vn 0.5091 0.4409 0.7392
vn 0.5366 0.4203 0.7317
vn 0.5352 0.4206 0.7326
vn 0.0017 0.7068 0.7074
vn -0.4991 0.4994 0.7082
vn -0.7025 0.0095 0.7116
vn -0.0060 0.7028 0.7113
vn -0.2546 0.6290 0.7346
vn -0.0060 0.7029 0.7113
vn -0.2534 0.6294 0.7346
vn -0.6239 0.2672 0.7344
vn -0.2535 0.6294 0.7346
vn -0.6239 0.2673 0.7344
vn -0.6240 0.2671 0.7344
vn -0.2546 0.6289 0.7346
vn -0.7127 -0.0003 0.7015
vn 0.5062 -0.4999 0.7027
vn 0.2443 -0.6289 0.7381
vn 0.2479 -0.6275 0.7381
vn 0.4956 0.4817 0.7227
vn 0.4957 0.4817 0.7227
vn 0.5027 -0.5021 0.7037
vn -0.4532 -0.5312 0.7159
vn -0.4532 -0.5312 0.7158
vn -0.4952 -0.5109 0.7026
vn -0.4952 -0.5109 0.7027
vn 0.5763 0.3689 0.7292
vn 0.5694 0.3727 0.7327
vn 0.5768 0.3686 0.7290
vn 0.5836 0.3647 0.7255
vn -0.4979 0.5037 0.7060
vn -0.7055 -0.0286 0.7081
vn -0.7056 -0.0286 0.7081
vn -0.7055 -0.0285 0.7082
vn 0.0014 -0.7087 0.7055
vn 0.4768 0.4766 0.7386
vn 0.4767 0.4766 0.7386
vn -0.3898 -0.6946 -0.6046
vn -0.3891 -0.6950 -0.6046
vn -0.1674 -0.8945 -0.4146
vn -0.2966 -0.8648 -0.4051
vn -0.3007 -0.8635 -0.4049
vn -0.1672 -0.8945 -0.4146
vn -0.0116 -0.0784 -0.9969
vn -0.0146 -0.0771 -0.9969
vn -0.1232 -0.8989 -0.4205
vn -0.1673 -0.8945 -0.4146
vn -0.0377 -0.0673 -0.9970
vn -0.0481 -0.0602 -0.9970
vn -0.0377 -0.0672 -0.9970
vn -0.0252 -0.0729 -0.9970
vn -0.2607 -0.7524 -0.6049
vn -0.2607 -0.7525 -0.6049
vn -0.2608 -0.7524 -0.6049
vn -0.5639 -0.7085 -0.4244
vn -0.6761 -0.6033 -0.4230
vn -0.6762 -0.6032 -0.4230
vn -0.5643 -0.7088 -0.4233
vn -0.6762 -0.6033 -0.4230
vn -0.0482 -0.0601 -0.9970
vn 0.0005 0.2590 0.9659
vn -0.0002 0.2644 0.9644
vn 0.0002 0.2742 0.9617
vn 0.7143 -0.0012 0.6998
vn 0.4985 -0.5003 0.7080
vn 0.4984 -0.5001 0.7082
vn -0.0074 -0.6978 0.7163
vn 0.4995 -0.4942 0.7115
vn 0.5004 -0.5000 0.7068
vn 0.5004 -0.4999 0.7069
vn -0.0042 -0.7108 0.7033
vn -0.0042 -0.7109 0.7033
vn -0.7059 -0.0148 0.7082
vn 0.4415 0.5082 0.7395
vn 0.4169 0.5366 0.7336
vn 0.4152 0.5401 0.7320
vn 0.4415 0.5081 0.7395
vn 0.0077 -0.7116 0.7025
vn 0.0077 -0.7117 0.7025
vn 0.7113 -0.0059 0.7028
vn 0.7113 -0.0059 0.7029
vn 0.5128 -0.4854 0.7081
vn 0.5129 -0.4857 0.7079
vn 0.5128 -0.4855 0.7080
vn 0.5129 -0.4856 0.7079
vn -0.4992 0.5041 0.7048
vn -0.6285 0.2429 0.7389
vn -0.6272 0.2464 0.7389
vn 0.4893 0.4924 0.7198
vn -0.5031 0.5042 0.7019
vn -0.5315 -0.4581 0.7125
vn -0.5315 -0.4581 0.7124
vn -0.5072 -0.4915 0.7079
vn -0.5072 -0.4915 0.7080
vn -0.5071 -0.4915 0.7080
vn -0.5031 -0.5029 0.7028
vn -0.5031 -0.5029 0.7029
vn 0.3729 0.5653 0.7358
vn 0.3688 0.5741 0.7311
vn 0.3685 0.5746 0.7308
vn 0.3688 0.5740 0.7311
vn 0.3643 0.5833 0.7260
vn 0.5043 -0.4981 0.7053
vn 0.5044 -0.4981 0.7053
vn -0.0278 -0.7065 0.7072
vn -0.0279 -0.7066 0.7070
vn -0.7074 0.0014 0.7068
vn 0.4767 0.4767 0.7386
vn 0.4992 -0.5032 0.7054
vn 0.4991 -0.5032 0.7054
vn 0.4992 -0.5046 0.7044
vn 0.4990 -0.5043 0.7048
vn -1.0000 -0.0002 -0.0000
vn -1.0000 -0.0005 -0.0000
vn -1.0000 -0.0002 0.0001
vn -1.0000 -0.0005 0.0003
vn -0.7304 0.1329 0.6700
vn -0.7221 0.0010 0.6918
vn -0.7304 0.1328 0.6700
vn -0.7304 0.1326 0.6700
vn -0.7115 -0.0017 -0.7027
vn -0.7184 -0.1409 -0.6813
vn -0.7114 -0.0017 -0.7028
vn -0.7184 -0.1404 -0.6814
vn -0.7187 -0.3831 0.5802
vn -0.7121 -0.4589 0.5314
vn -0.7187 -0.3832 0.5802
vn -0.7249 -0.1539 0.6714
vn -0.7129 -0.0030 0.7013
vn -0.7128 -0.0030 0.7013
vn -0.7250 -0.1539 0.6714
vn -0.7250 -0.1576 0.6705
vn -0.7258 0.1532 -0.6706
vn -0.7274 0.1581 -0.6677
vn -0.7258 0.1547 -0.6703
vn -0.7258 0.1533 -0.6707
vn -0.7274 0.1579 -0.6678
vn -0.7393 0.2356 -0.6308
vn -0.7274 0.1580 -0.6677
vn -0.7274 0.1578 -0.6678
vn -0.7393 0.2353 -0.6309
vn -0.7393 0.2354 -0.6309
vn -0.7511 0.6047 -0.2649
vn -0.7511 0.6032 -0.2682
vn -0.7393 0.2357 -0.6308
vn -0.7145 0.6994 0.0206
vn -0.7511 0.6033 -0.2681
vn -0.7511 0.6047 -0.2648
vn -0.7144 0.6994 0.0206
vn -0.7128 0.0031 0.7013
vn -0.7257 0.1339 0.6748
vn -0.7257 0.1338 0.6749
vn -0.7304 0.1327 0.6701
vn -1.0000 0.0004 -0.0030
vn -1.0000 0.0001 -0.0031
vn -1.0000 0.0001 -0.0032
vn -1.0000 0.0011 -0.0020
vn -1.0000 -0.0003 0.0001
vn -1.0000 0.0013 -0.0013
vn -1.0000 0.0004 -0.0016
vn -1.0000 0.0013 -0.0014
vn -1.0000 0.0023 -0.0015
vn 0.6293 -0.7260 0.2774
vn 0.6293 -0.7260 0.2775
vn 0.0029 -0.7234 0.6904
vn 0.4425 -0.7137 -0.5430
vn 0.4425 -0.7136 -0.5431
vn -0.0007 -0.7110 -0.7032
vn -0.7090 -0.7052 0.0002
vn -0.4228 -0.8166 0.3929
vn -0.4122 -0.8168 0.4037
vn -0.4228 -0.8166 0.3930
vn -0.0240 -0.7213 0.6922
vn -0.0238 -0.7216 0.6919
vn -0.6965 -0.7176 0.0053
vn -0.6965 -0.7175 0.0053
vn 0.0019 -0.7126 0.7016
vn 0.0019 -0.7125 0.7016
vn 0.0092 -0.7187 0.6953
vn 0.3348 -0.7705 0.5424
vn 0.3342 -0.7705 0.5428
vn 0.3349 -0.7705 0.5424
vn 0.5825 -0.7072 0.4007
vn 0.5824 -0.7073 0.4007
vn 0.0018 -0.7061 -0.7081
vn -0.6290 -0.7161 -0.3027
vn -0.0012 -0.7107 -0.7035
vn -0.0012 -0.7108 -0.7034
vn -0.0012 -0.7102 -0.7040
vn -0.0011 -0.7102 -0.7040
vn -0.7088 -0.7054 -0.0001
vn -0.7089 -0.7053 -0.0001
vn -0.0006 -0.7115 0.7027
vn -0.0006 -0.7116 0.7026
vn 0.6157 -0.7208 0.3182
vn 0.3349 -0.7705 0.5423
vn 0.6157 -0.7208 0.3183
vn 0.3343 -0.7705 0.5427
vn -0.7041 -0.7101 -0.0003
vn -0.7040 -0.7102 -0.0003
vn -0.7137 -0.0025 -0.7004
vn -0.7258 0.1546 -0.6703
vn -0.7137 -0.0025 -0.7005
vn -0.7258 0.1532 -0.6707
vn -0.0754 -0.0200 -0.9970
vn -0.0777 -0.0148 -0.9969
vn -0.0753 -0.0202 -0.9970
vn -0.8946 -0.1476 -0.4218
vn -0.7759 -0.2165 -0.5926
vn -0.7963 -0.1694 -0.5806
vn -0.7751 -0.2181 -0.5930
vn -0.7964 -0.1694 -0.5806
vn 0.6102 0.3254 0.7224
vn 0.6102 0.3254 0.7223
vn -0.5050 0.5008 0.7030
vn 0.6938 0.1051 0.7125
vn 0.6938 0.1051 0.7124
vn 0.4997 -0.4991 0.7079
vn 0.4999 -0.4993 0.7077
vn 0.4997 -0.4992 0.7079
vn 0.4996 -0.4991 0.7080
vn -0.6285 0.2428 0.7389
vn -0.7027 -0.0327 0.7108
vn -0.6272 0.2463 0.7389
vn -0.5023 0.4973 0.7074
vn -0.7184 -0.1404 -0.6813
vn -0.7110 -0.2770 -0.6463
vn -0.7184 -0.1410 -0.6812
vn -0.7183 -0.1405 -0.6814
vn -1.0000 0.0010 -0.0020
vn -1.0000 0.0018 -0.0030
vn -1.0000 0.0013 -0.0012
vn -1.0000 0.0018 -0.0031
vn -1.0000 0.0018 -0.0029
vn 0.6393 -0.7146 -0.2841
vn -0.0002 -0.0002 -1.0000
vn 0.0001 -0.0000 -1.0000
vn -0.0003 -0.0003 -1.0000
vn -0.0306 -0.0097 0.9995
vn -0.0136 -0.0144 0.9998
vn -0.0211 -0.0136 0.9997
vn 0.4077 0.5550 0.7251
vn -0.7250 -0.1576 0.6704
vn -0.7250 -0.1540 0.6714
vn -0.7004 -0.7138 -0.0007
vn -0.7003 -0.7138 -0.0007
vn 0.7009 0.0005 0.7133
vn -0.5038 0.5039 0.7017
vn -0.5447 -0.5448 0.6376
vn -1.0000 0.0004 -0.0029
vn -1.0000 0.0005 -0.0016
vn -0.0318 -0.7024 0.7111
vn 0.2442 -0.6289 0.7381
vn 0.2479 -0.6276 0.7380
vn 0.3354 0.6263 0.7037
vn 0.3355 0.6263 0.7037
vn -0.3536 -0.3920 0.8493
vn -0.3448 -0.3992 0.8495
vn -0.3544 -0.3913 0.8493
vn -0.3446 -0.3994 0.8495
vn 0.0673 -0.6235 0.7789
vn 0.0673 -0.6236 0.7789
vn 0.1652 0.1713 0.9713
vn 0.1690 0.1728 0.9703
vn 0.1647 0.1711 0.9714
vn -0.2854 -0.4566 0.8427
vn -0.2172 -0.4708 0.8551
vn -0.1962 -0.4807 0.8547
vn -0.1962 -0.4771 0.8567
vn -0.1924 -0.4860 0.8525
vn -0.4426 0.0052 0.8967
vn -0.8143 -0.4427 0.3755
vn -0.8058 -0.4834 0.3421
vn -0.4787 -0.0166 0.8778
vn -0.8143 -0.4427 0.3754
vn -0.6456 -0.0322 0.7630
vn -0.3722 0.2266 0.9001
vn -0.6368 -0.0221 0.7707
vn -0.3722 0.2267 0.9000
vn -0.6788 -0.7004 0.2208
vn -0.7786 -0.4935 0.3876
vn -0.6788 -0.7003 0.2209
vn -0.7685 -0.5246 0.3664
vn -0.2462 -0.4722 0.8464
vn -0.8143 -0.4428 0.3754
vn -0.7489 -0.6321 0.1990
vn -0.8058 -0.4835 0.3420
vn -0.1963 -0.4771 0.8567
vn -0.1961 -0.4770 0.8567
vn -0.1964 -0.4771 0.8566
vn 0.0790 0.2691 0.9599
vn 0.0790 0.2690 0.9599
vn -0.4788 -0.0166 0.8778
vn -0.7786 -0.4934 0.3877
vn -0.6457 -0.0323 0.7629
vn -0.6369 -0.0222 0.7707
vn -0.7685 -0.5245 0.3664
vn -0.6457 -0.0322 0.7629
vn -0.1983 -0.4791 0.8551
vn -0.2119 -0.4780 0.8524
vn -0.2181 -0.4706 0.8550
vn -0.1982 -0.4791 0.8551
vn -0.2123 -0.4776 0.8526
vn -0.2121 -0.4778 0.8525
vn -0.6988 -0.6105 0.3729
vn -0.4720 0.0088 0.8815
vn -0.4981 -0.0074 0.8671
vn -0.6821 -0.6358 0.3612
vn -0.4715 0.0076 0.8818
vn 0.0430 0.2730 0.9611
vn -0.4720 0.0087 0.8815
vn -0.4982 -0.0074 0.8670
vn -0.4721 0.0088 0.8815
vn -0.2475 -0.4733 0.8454
vn -0.2475 -0.4732 0.8455
vn -0.2476 -0.4730 0.8456
vn -0.6820 -0.6359 0.3612
vn -0.4331 -0.8796 0.1968
vn -0.6821 -0.6359 0.3612
vn -0.6988 -0.6105 0.3728
vn -0.0144 -0.0142 0.9998
vn -0.0131 -0.0129 0.9998
vn -0.0097 -0.0189 0.9998
vn -0.0177 -0.0115 0.9998
vn -0.0267 -0.0139 0.9995
vn -0.0131 -0.0130 0.9998
vn -0.0145 -0.0141 0.9998
vn -0.0163 -0.0112 0.9998
vn -0.3913 -0.3544 0.8493
vn -0.3736 -0.3736 0.8490
vn -0.3736 -0.3735 0.8491
vn -0.3920 -0.3536 0.8493
vn -0.6236 0.0673 0.7789
vn 0.1728 0.1690 0.9703
vn 0.1713 0.1652 0.9713
vn 0.1711 0.1646 0.9714
vn -0.4720 -0.2476 0.8461
vn -0.4585 -0.2842 0.8420
vn 0.0054 -0.4422 0.8969
vn 0.2694 0.0793 0.9598
vn -0.0169 -0.4791 0.8776
vn 0.2691 0.0794 0.9598
vn -0.0327 -0.6464 0.7623
vn -0.4931 -0.7770 0.3912
vn -0.0225 -0.6376 0.7701
vn -0.5239 -0.7669 0.3708
vn -0.4932 -0.7770 0.3912
vn -0.0326 -0.6464 0.7623
vn 0.2259 -0.3740 0.8995
vn -0.0224 -0.6375 0.7701
vn -0.6999 -0.6765 0.2290
vn -0.4932 -0.7770 0.3911
vn -0.5239 -0.7668 0.3707
vn -0.6999 -0.6765 0.2291
vn -0.4420 -0.8147 0.3755
vn -0.6305 -0.7501 0.1995
vn -0.4420 -0.8146 0.3755
vn -0.4824 -0.8063 0.3423
vn -0.6305 -0.7501 0.1996
vn 0.0054 -0.4421 0.8969
vn -0.4419 -0.8146 0.3755
vn -0.0168 -0.4791 0.8776
vn -0.4776 -0.2130 0.8524
vn -0.4701 -0.2230 0.8540
vn -0.4730 -0.2555 0.8432
vn -0.4779 -0.2127 0.8523
vn -0.6099 -0.6993 0.3729
vn 0.0047 -0.4689 0.8833
vn -0.6352 -0.6826 0.3613
vn -0.0134 -0.4986 0.8667
vn 0.0083 -0.4706 0.8823
vn 0.0047 -0.4689 0.8832
vn 0.2649 0.0449 0.9632
vn -0.4723 -0.2500 0.8452
vn -0.4724 -0.2499 0.8452
vn -0.4725 -0.2499 0.8451
vn -0.4726 -0.2499 0.8451
vn -0.8787 -0.4347 0.1972
vn -0.6353 -0.6826 0.3612
vn -0.6099 -0.6992 0.3730
vn -0.6353 -0.6826 0.3613
vn -0.4707 -0.2487 0.8465
vn -0.4648 -0.2433 0.8514
vn -0.4722 -0.2151 0.8548
vn 0.5483 0.4179 0.7244
vn 0.1652 0.1652 0.9723
vn 0.1646 0.1711 0.9714
vn -0.4770 -0.1965 0.8566
vn -0.4769 -0.1970 0.8566
vn -0.4770 -0.1966 0.8566
vn -0.4771 -0.1969 0.8565
vn -0.3994 -0.3447 0.8495
vn -0.3996 -0.3444 0.8495
vn -0.4721 -0.2134 0.8554
vn -0.4806 -0.1965 0.8546
vn -0.4859 -0.1926 0.8525
vn -0.0162 -0.0112 0.9998
vn -0.0173 -0.0114 0.9998
vn -0.0136 -0.0145 0.9998
vn -0.0141 -0.0274 0.9995
vn -0.0125 -0.0211 0.9997
vn -0.0135 -0.0144 0.9998
vn -0.0125 -0.0212 0.9997
vn -0.0112 -0.0152 0.9998
vn -0.0135 -0.0145 0.9998
vn -0.0110 -0.0173 0.9998
vn -0.0212 -0.0136 0.9997
vn -0.0065 -0.0065 1.0000
vn -0.0077 -0.0097 0.9999
vn -0.0141 -0.0272 0.9995
vn -0.0066 -0.0065 1.0000
vn -0.0097 -0.0077 0.9999
vn -0.0130 -0.0129 0.9998
vn -0.0067 -0.0066 1.0000
vn -1.0000 0.0018 -0.0028
vn -1.0000 0.0047 -0.0023
vn -1.0000 0.0022 -0.0015
vn -0.3230 -0.4096 0.8532
vn -0.3153 -0.4152 0.8533
vn -0.3137 -0.4163 0.8534
vn -0.3152 -0.4152 0.8533
vn -0.2933 -0.4305 0.8536
vn -0.2908 -0.4322 0.8536
vn -0.2932 -0.4304 0.8537
vn -0.3152 -0.4151 0.8534
vn -0.3138 -0.4163 0.8534
vn -0.2632 -0.4483 0.8542
vn -0.2589 -0.4505 0.8544
vn -0.2375 -0.4621 0.8545
vn -0.2374 -0.4621 0.8545
vn -0.2181 -0.4705 0.8550
vn -0.2268 -0.4670 0.8547
vn -0.2305 -0.4680 0.8531
vn -0.2267 -0.4670 0.8547
vn -0.2306 -0.4680 0.8531
vn -0.1962 -0.4772 0.8566
vn -0.1963 -0.4772 0.8566
vn -0.4187 -0.3110 0.8532
vn -0.4120 -0.3208 0.8529
vn -0.4196 -0.3097 0.8533
vn -0.4350 -0.2861 0.8538
vn -0.4187 -0.3109 0.8532
vn -0.4364 -0.2827 0.8542
vn -0.4540 -0.2502 0.8551
vn -0.4536 -0.2570 0.8534
vn -0.4706 -0.2487 0.8465
vn -0.4862 -0.2043 0.8496
vn -0.4771 -0.1965 0.8566
vn -0.4769 -0.1967 0.8567
vn -0.4722 -0.2134 0.8553
vn -0.4541 -0.2502 0.8551
vn -0.4350 -0.2860 0.8538
vn -0.0002 -0.0011 -1.0000
vn -0.0003 -0.0002 -1.0000
vn -0.0002 -0.0001 -1.0000
vn -0.0005 -0.0004 -1.0000
vn -0.0002 -0.0012 -1.0000
vn -0.0002 -0.0010 -1.0000
vn -0.0001 -0.0011 -1.0000
vn -0.0001 -0.0014 -1.0000
vn -0.0709 -0.0303 -0.9970
vn -0.0709 -0.0302 -0.9970
vn -0.7313 -0.3142 -0.6054
vn -0.7758 -0.2165 -0.5926
vn -0.7310 -0.3148 -0.6054
vn -0.4421 -0.7977 -0.4101
vn -0.4409 -0.7985 -0.4099
vn -0.0147 -0.0771 -0.9969
vn -0.0253 -0.0728 -0.9970
vn -0.1464 -0.7850 -0.6019
vn -0.2606 -0.7525 -0.6049
vn -0.1466 -0.7850 -0.6019
vn -0.1465 -0.7852 -0.6017
vn 0.0001 0.0001 -1.0000
vn 0.0015 0.0015 -1.0000
vn 0.0016 0.0015 -1.0000
vn 0.0015 0.0014 -1.0000
vn -0.6701 -0.4249 -0.6086
vn -0.0649 -0.0413 -0.9970
vn -0.0709 -0.0304 -0.9970
vn -0.0013 -0.0018 -1.0000
vn -0.0014 -0.0019 -1.0000
vn -0.1134 -0.7910 -0.6012
vn -0.1464 -0.7851 -0.6019
vn -0.1466 -0.7852 -0.6017
vn -0.2027 -0.4863 0.8500
vn -0.5191 -0.8539 0.0387
vn -0.1141 -0.9861 -0.1209
vn -0.2018 -0.9713 0.1256
vn -0.4737 -0.8529 -0.2193
vn 0.1157 -0.9557 0.2707
vn -0.1140 -0.9861 -0.1208
vn 0.2457 -0.9684 0.0434
vn -0.2017 -0.9713 0.1256
vn -0.1140 -0.9861 -0.1209
vn 0.5409 -0.5582 0.6291
vn 0.7666 -0.1631 0.6211
vn 0.5751 -0.2453 0.7805
vn 0.5409 -0.5583 0.6291
vn 0.7278 -0.5179 0.4496
vn 0.5436 -0.8027 0.2452
vn 0.7278 -0.5179 0.4495
vn 0.3784 -0.8096 0.4488
vn 0.2458 -0.9684 0.0434
vn 0.5435 -0.8028 0.2452
vn 0.2458 -0.9683 0.0434
vn -0.8765 0.2921 0.3826
vn -0.9927 0.1188 -0.0215
vn -0.9770 0.0036 0.2131
vn -0.8788 0.4457 0.1705
vn -0.7814 -0.6235 0.0248
vn -0.9546 -0.2482 -0.1649
vn -0.7710 -0.5919 -0.2349
vn -0.7814 -0.6235 0.0249
vn -0.9434 -0.3203 0.0866
vn -0.9545 -0.2483 -0.1649
vn -0.9434 -0.3202 0.0865
vn -0.9927 0.1187 -0.0215
vn -0.9434 -0.3202 0.0866
vn -0.5191 -0.8538 0.0387
vn -0.4738 -0.8529 -0.2193
vn -0.7710 -0.5920 -0.2349
vn -0.6592 0.4952 0.5658
vn -0.2966 0.7698 0.5652
vn -0.6325 0.6760 0.3781
vn -0.3628 0.5780 0.7310
vn -0.3627 0.5780 0.7310
vn 0.0713 0.7110 0.6996
vn -0.2964 0.7698 0.5653
vn -0.0382 0.5260 0.8496
vn -0.6326 0.6759 0.3781
vn -0.8788 0.4457 0.1706
vn -0.6593 0.4953 0.5658
vn -0.6326 0.6759 0.3780
vn 0.4751 0.0754 0.8767
vn 0.7666 -0.1630 0.6211
vn 0.6532 0.2003 0.7302
vn 0.5751 -0.2452 0.7805
vn 0.4072 0.5096 0.7580
vn 0.2581 0.3483 0.9012
vn 0.2581 0.3482 0.9012
vn 0.6531 0.2004 0.7302
vn 0.4072 0.5095 0.7580
vn 0.4751 0.0755 0.8767
vn 0.6532 0.2004 0.7302
vn -0.2018 -0.9713 0.1257
vn -0.1109 -0.7956 0.5955
vn -0.3117 -0.8098 0.4971
vn 0.1156 -0.9557 0.2707
vn 0.1835 -0.3418 0.9217
vn 0.1686 -0.5425 0.8230
vn 0.0581 -0.7017 0.7101
vn -0.1108 -0.7956 0.5956
vn 0.3783 -0.8096 0.4488
vn 0.1686 -0.5426 0.8229
vn 0.0581 -0.7016 0.7102
vn 0.5408 -0.5583 0.6291
vn 0.1686 -0.5425 0.8229
vn -0.9770 0.0036 0.2132
vn -0.7916 -0.3884 0.4717
vn -0.8091 -0.1826 0.5586
vn -0.6844 -0.5825 0.4386
vn -0.7916 -0.3885 0.4717
vn -0.6844 -0.5825 0.4385
vn -0.5191 -0.8539 0.0388
vn -0.3118 -0.8098 0.4971
vn -0.5156 -0.7307 0.4475
vn -0.7814 -0.6236 0.0249
vn -0.0383 0.5259 0.8497
vn -0.4168 0.1853 0.8899
vn -0.2081 0.1518 0.9663
vn -0.3628 0.5779 0.7310
vn -0.6077 0.1392 0.7818
vn -0.6592 0.4952 0.5659
vn -0.6077 0.1392 0.7819
vn -0.8765 0.2920 0.3827
vn -0.8091 -0.1825 0.5586
vn -0.7445 0.0030 0.6677
vn -0.6593 0.4952 0.5658
vn -0.7445 0.0031 0.6677
vn -0.6078 0.1392 0.7818
vn -0.8765 0.2921 0.3827
vn -0.7444 0.0031 0.6677
vn 0.5750 -0.2452 0.7805
vn 0.1191 -0.1356 0.9836
vn 0.4750 0.0754 0.8767
vn 0.1192 -0.1356 0.9836
vn -0.0143 0.0439 0.9989
vn 0.1191 -0.1355 0.9836
vn -0.0143 0.0440 0.9989
vn 0.2580 0.3482 0.9012
vn -0.0382 0.5260 0.8497
vn -0.1889 -0.5998 0.7776
vn -0.3562 -0.6326 0.6877
vn -0.1109 -0.7956 0.5956
vn -0.0919 -0.3087 0.9467
vn -0.0848 -0.4855 0.8701
vn 0.1834 -0.3418 0.9217
vn -0.1888 -0.5998 0.7776
vn 0.0580 -0.7016 0.7102
vn -0.0848 -0.4856 0.8701
vn -0.6236 -0.3939 0.6752
vn -0.5142 -0.5516 0.6568
vn -0.6843 -0.5825 0.4386
vn -0.3563 -0.6326 0.6877
vn -0.3118 -0.8097 0.4971
vn -0.5141 -0.5516 0.6568
vn -0.3573 -0.0806 0.9305
vn -0.2082 0.1517 0.9663
vn -0.4168 0.1852 0.8899
vn -0.5174 -0.0993 0.8500
vn -0.4169 0.1852 0.8899
vn -0.6077 0.1391 0.7819
vn -0.6183 -0.2307 0.7513
vn -0.7444 0.0030 0.6677
vn -0.5174 -0.0994 0.8500
vn -0.1843 -0.1559 0.9704
vn -0.3573 -0.0807 0.9305
vn -0.1844 -0.1559 0.9704
vn -0.2081 0.1517 0.9663
vn -0.3710 -0.3712 0.8513
vn -0.3314 -0.4862 0.8086
vn -0.2484 -0.3877 0.8877
vn -0.3710 -0.3711 0.8513
vn -0.4642 -0.2830 0.8393
vn -0.4648 -0.4215 0.7786
vn -0.3305 -0.2620 0.9067
vn -0.3709 -0.3712 0.8513
vn -0.2484 -0.3876 0.8877
vn -0.3314 -0.4862 0.8085
vn -0.0920 -0.3087 0.9467
vn -0.1889 -0.5997 0.7776
vn -0.4649 -0.4215 0.7786
vn -0.6182 -0.2308 0.7513
vn -0.6236 -0.3939 0.6753
vn -0.4643 -0.2830 0.8393
vn -0.6182 -0.2308 0.7514
vn -0.5141 -0.5515 0.6568
vn -0.5141 -0.5516 0.6569
vn -0.3315 -0.4862 0.8085
vn -0.4642 -0.2829 0.8393
vn -0.5173 -0.0994 0.8500
vn -0.6182 -0.2307 0.7514
vn -0.4643 -0.2829 0.8393
vn -0.3304 -0.2620 0.9067
vn -0.1844 -0.1560 0.9704
vn -0.3304 -0.2621 0.9067
vn -0.0144 0.0439 0.9989
vn -0.1843 -0.1560 0.9704
vn -0.5156 -0.7307 0.4476
vn -0.6183 -0.2308 0.7513
vn -0.5173 -0.0993 0.8500
vn -0.3574 -0.0806 0.9305
vn -0.6077 0.1391 0.7818
vn -0.5920 0.5297 -0.6074
vn -0.6688 0.4269 -0.6087
vn -0.6701 0.4249 -0.6086
vn -0.8362 0.3605 -0.4133
vn -0.8783 0.2248 -0.4220
vn -0.8782 0.2252 -0.4219
vn -0.8357 0.3619 -0.4131
vn -0.8783 0.2249 -0.4219
vn -0.7706 0.4859 -0.4125
vn -0.8357 0.3620 -0.4131
vn -0.7686 0.4888 -0.4127
vn -0.0574 0.0515 -0.9970
vn -0.0649 0.0413 -0.9970
vn -0.0574 0.0516 -0.9970
vn -0.0650 0.0413 -0.9970
vn -0.4972 0.6210 -0.6059
vn -0.5920 0.5298 -0.6074
vn -0.4971 0.6211 -0.6059
vn -0.4976 0.6214 -0.6052
vn -0.5919 0.5298 -0.6074
vn -0.0019 -0.7111 0.7031
vn -0.5001 -0.4984 0.7082
vn -0.5003 -0.4985 0.7080
vn -0.6983 0.0064 0.7158
vn -0.6982 0.0064 0.7158
vn -0.4907 -0.4954 0.7168
vn 0.1055 -0.6898 0.7162
vn 0.1055 -0.6899 0.7162
vn -0.5000 -0.5004 0.7068
vn -0.7085 0.0037 0.7057
vn -0.0138 0.7077 0.7064
vn 0.5045 0.5045 0.7007
vn 0.5092 -0.4408 0.7392
vn 0.5352 -0.4206 0.7325
vn 0.5366 -0.4203 0.7317
vn 0.5091 -0.4409 0.7392
vn 0.0017 -0.7068 0.7074
vn 0.0017 -0.7067 0.7075
vn -0.4991 -0.4994 0.7082
vn -0.7025 -0.0095 0.7116
vn -0.0060 -0.7029 0.7113
vn -0.2546 -0.6290 0.7346
vn -0.2534 -0.6295 0.7346
vn -0.0060 -0.7028 0.7113
vn -0.2546 -0.6290 0.7345
vn -0.2534 -0.6294 0.7346
vn -0.6239 -0.2672 0.7344
vn -0.6239 -0.2673 0.7344
vn -0.2547 -0.6289 0.7346
vn -0.6239 -0.2671 0.7344
vn -0.7127 0.0003 0.7015
vn -0.6240 -0.2671 0.7344
vn 0.2443 0.6289 0.7381
vn 0.5062 0.4999 0.7027
vn 0.2479 0.6276 0.7380
vn 0.5062 0.4999 0.7028
vn 0.4956 -0.4817 0.7227
vn 0.4957 -0.4817 0.7227
vn 0.5027 0.5021 0.7037
vn -0.4532 0.5312 0.7158
vn -0.4532 0.5312 0.7159
vn -0.4952 0.5109 0.7027
vn -0.4951 0.5109 0.7027
vn 0.5763 -0.3689 0.7292
vn 0.5694 -0.3727 0.7327
vn 0.5768 -0.3686 0.7290
vn 0.5695 -0.3727 0.7327
vn 0.5837 -0.3647 0.7255
vn 0.5836 -0.3647 0.7255
vn -0.4979 -0.5037 0.7060
vn -0.7056 0.0286 0.7081
vn -0.7055 0.0285 0.7082
vn -0.7055 0.0286 0.7081
vn 0.0014 0.7087 0.7055
vn 0.4768 -0.4766 0.7386
vn 0.4767 -0.4766 0.7386
vn -0.3898 0.6946 -0.6046
vn -0.3890 0.6948 -0.6049
vn -0.1674 0.8945 -0.4146
vn -0.2966 0.8648 -0.4051
vn -0.1672 0.8945 -0.4146
vn -0.3007 0.8635 -0.4049
vn -0.0116 0.0785 -0.9968
vn -0.0146 0.0771 -0.9969
vn -0.0147 0.0771 -0.9969
vn -0.1232 0.8989 -0.4205
vn -0.1673 0.8945 -0.4146
vn -0.0377 0.0673 -0.9970
vn -0.0481 0.0602 -0.9970
vn -0.0252 0.0729 -0.9970
vn -0.0377 0.0672 -0.9970
vn -0.0253 0.0728 -0.9970
vn -0.2607 0.7524 -0.6049
vn -0.3891 0.6950 -0.6046
vn -0.2608 0.7524 -0.6049
vn -0.5639 0.7085 -0.4244
vn -0.6759 0.6030 -0.4238
vn -0.5639 0.7084 -0.4244
vn -0.6762 0.6032 -0.4230
vn -0.6761 0.6033 -0.4230
vn -0.0482 0.0602 -0.9970
vn 0.7143 0.0012 0.6998
vn 0.4985 0.5003 0.7080
vn 0.4984 0.5001 0.7081
vn -0.0074 0.6978 0.7163
vn -0.0075 0.6978 0.7163
vn 0.4995 0.4942 0.7115
vn 0.5004 0.5000 0.7068
vn -0.0042 0.7109 0.7033
vn -0.7059 0.0148 0.7082
vn -0.7061 0.0150 0.7080
vn 0.4414 -0.5082 0.7395
vn 0.4169 -0.5366 0.7336
vn 0.4415 -0.5081 0.7395
vn 0.4415 -0.5082 0.7395
vn 0.4152 -0.5401 0.7320
vn 0.0077 0.7116 0.7025
vn 0.0077 0.7117 0.7025
vn 0.7113 0.0059 0.7029
vn 0.5130 0.4858 0.7077
vn 0.5129 0.4856 0.7079
vn 0.5130 0.4858 0.7078
vn 0.5129 0.4858 0.7078
vn -0.4992 -0.5041 0.7048
vn -0.6285 -0.2429 0.7389
vn -0.6272 -0.2464 0.7389
vn 0.4893 -0.4924 0.7198
vn -0.5031 -0.5042 0.7019
vn -0.5315 0.4581 0.7125
vn -0.5314 0.4581 0.7126
vn -0.5072 0.4915 0.7079
vn -0.5071 0.4915 0.7080
vn -0.5071 0.4914 0.7080
vn -0.5030 0.5028 0.7030
vn -0.5030 0.5028 0.7029
vn 0.3688 -0.5741 0.7311
vn 0.3729 -0.5653 0.7358
vn 0.3685 -0.5746 0.7308
vn 0.3688 -0.5740 0.7311
vn 0.3643 -0.5833 0.7260
vn 0.5044 0.4981 0.7053
vn 0.5043 0.4981 0.7053
vn -0.0278 0.7065 0.7072
vn -0.0277 0.7064 0.7073
vn -0.0279 0.7066 0.7070
vn -0.7074 -0.0014 0.7068
vn 0.4767 -0.4767 0.7386
vn 0.4991 0.5032 0.7054
vn 0.4991 0.5032 0.7055
vn 0.4991 0.5044 0.7046
vn 0.4992 0.5045 0.7044
vn -1.0000 0.0005 0.0005
vn -1.0000 0.0003 0.0002
vn -1.0000 0.0001 0.0001
vn -0.7304 -0.1328 0.6700
vn -0.7221 -0.0010 0.6918
vn -0.7304 -0.1326 0.6700
vn -0.7304 -0.1329 0.6700
vn -0.7115 0.0017 -0.7027
vn -0.7184 0.1409 -0.6812
vn -0.7184 0.1404 -0.6814
vn -0.7114 0.0017 -0.7028
vn -0.7184 0.1409 -0.6813
vn -0.7121 0.4589 0.5314
vn -0.7187 0.3831 0.5802
vn -0.7187 0.3832 0.5802
vn -0.7128 0.0030 0.7013
vn -0.7249 0.1539 0.6714
vn -0.7129 0.0030 0.7013
vn -0.7250 0.1576 0.6705
vn -0.7258 -0.1533 -0.6707
vn -0.7274 -0.1581 -0.6677
vn -0.7274 -0.1579 -0.6678
vn -0.7258 -0.1532 -0.6706
vn -0.7258 -0.1547 -0.6703
vn -0.7393 -0.2356 -0.6308
vn -0.7393 -0.2353 -0.6309
vn -0.7274 -0.1578 -0.6678
vn -0.7274 -0.1580 -0.6677
vn -0.7511 -0.6047 -0.2649
vn -0.7393 -0.2354 -0.6309
vn -0.7511 -0.6032 -0.2682
vn -0.7393 -0.2357 -0.6307
vn -0.7511 -0.6033 -0.2681
vn -0.7144 -0.6994 0.0206
vn -0.7511 -0.6047 -0.2648
vn -0.7128 -0.0031 0.7013
vn -0.7257 -0.1339 0.6748
vn -0.7257 -0.1338 0.6748
vn -0.7304 -0.1327 0.6700
vn -1.0000 -0.0001 -0.0031
vn -1.0000 -0.0004 -0.0030
vn -1.0000 -0.0001 -0.0032
vn -1.0000 0.0002 0.0001
vn -1.0000 -0.0011 -0.0020
vn -1.0000 0.0003 0.0001
vn -1.0000 -0.0014 -0.0013
vn -1.0000 -0.0012 -0.0020
vn -1.0000 -0.0013 -0.0014
vn -1.0000 -0.0004 -0.0016
vn -1.0000 -0.0023 -0.0015
vn 0.6293 0.7260 0.2774
vn 0.6293 0.7260 0.2775
vn 0.0029 0.7234 0.6904
vn 0.4425 0.7137 -0.5430
vn 0.4424 0.7138 -0.5430
vn 0.4424 0.7137 -0.5430
vn -0.0007 0.7110 -0.7032
vn -0.7089 0.7053 0.0002
vn -0.4228 0.8166 0.3929
vn -0.7090 0.7052 0.0002
vn -0.4122 0.8168 0.4036
vn -0.0240 0.7213 0.6922
vn -0.0238 0.7216 0.6919
vn -0.6965 0.7176 0.0053
vn -0.6965 0.7175 0.0053
vn 0.0019 0.7126 0.7016
vn 0.0092 0.7187 0.6953
vn 0.3349 0.7705 0.5424
vn 0.3342 0.7705 0.5428
vn 0.5824 0.7073 0.4007
vn 0.5827 0.7070 0.4008
vn 0.0018 0.7061 -0.7081
vn -0.6290 0.7161 -0.3027
vn -0.0012 0.7108 -0.7034
vn -0.0012 0.7107 -0.7035
vn -0.0012 0.7106 -0.7036
vn -0.0012 0.7101 -0.7041
vn -0.0012 0.7102 -0.7040
vn -0.7088 0.7054 -0.0001
vn -0.7089 0.7053 -0.0001
vn -0.0006 0.7115 0.7027
vn -0.0006 0.7116 0.7026
vn 0.6157 0.7208 0.3183
vn 0.3349 0.7705 0.5423
vn 0.3343 0.7705 0.5427
vn -0.7040 0.7102 -0.0003
vn -0.7258 -0.1546 -0.6703
vn -0.7137 0.0025 -0.7004
vn -0.7258 -0.1532 -0.6707
vn -0.7137 0.0025 -0.7005
vn -0.0778 0.0148 -0.9969
vn -0.0754 0.0200 -0.9970
vn -0.0753 0.0202 -0.9970
vn -0.0777 0.0148 -0.9969
vn -0.8946 0.1476 -0.4218
vn -0.7759 0.2165 -0.5926
vn -0.7964 0.1694 -0.5806
vn -0.7751 0.2181 -0.5930
vn -0.7963 0.1694 -0.5806
vn 0.6102 -0.3254 0.7223
vn 0.6102 -0.3254 0.7224
vn -0.5050 -0.5008 0.7030
vn 0.6938 -0.1051 0.7125
vn 0.4996 0.4991 0.7080
vn 0.4997 0.4992 0.7079
vn 0.4997 0.4991 0.7080
vn 0.4999 0.4993 0.7077
vn -0.7027 0.0327 0.7107
vn -0.6286 -0.2428 0.7389
vn -0.6272 -0.2463 0.7389
vn -0.7026 0.0327 0.7108
vn -0.6285 -0.2428 0.7389
vn -0.5023 -0.4973 0.7074
vn -0.7110 0.2770 -0.6463
vn -0.7183 0.1410 -0.6812
vn -0.7184 0.1405 -0.6814
vn -1.0000 -0.0018 -0.0028
vn -1.0000 -0.0013 -0.0013
vn -1.0000 -0.0018 -0.0029
vn -1.0000 -0.0018 -0.0031
vn 0.6393 0.7146 -0.2841
vn -0.0002 0.0002 -1.0000
vn -0.0003 0.0003 -1.0000
vn -0.0136 0.0144 0.9998
vn -0.0306 0.0097 0.9995
vn -0.0211 0.0136 0.9997
vn 0.4077 -0.5550 0.7251
vn 0.4151 -0.5401 0.7320
vn -0.7249 0.1540 0.6714
vn -0.7250 0.1576 0.6704
vn -0.7004 0.7138 -0.0007
vn 0.7009 -0.0005 0.7133
vn -0.5038 -0.5039 0.7017
vn -0.5447 0.5448 0.6376
vn -1.0000 -0.0004 -0.0029
vn -1.0000 -0.0005 -0.0016
vn -0.0318 0.7024 0.7111
vn 0.2442 0.6289 0.7381
vn 0.2478 0.6276 0.7381
vn 0.3354 -0.6263 0.7037
vn 0.3355 -0.6263 0.7037
vn -0.3447 0.3994 0.8495
vn -0.3536 0.3920 0.8493
vn -0.3544 0.3913 0.8493
vn -0.3444 0.3996 0.8495
vn 0.0673 0.6236 0.7789
vn 0.0673 0.6235 0.7789
vn 0.1652 -0.1713 0.9713
vn 0.1690 -0.1728 0.9703
vn 0.1646 -0.1711 0.9714
vn -0.2854 0.4566 0.8427
vn -0.1962 0.4807 0.8547
vn -0.2172 0.4708 0.8551
vn -0.1963 0.4771 0.8567
vn -0.1924 0.4860 0.8525
vn -0.4426 -0.0052 0.8967
vn -0.8143 0.4427 0.3754
vn -0.4788 0.0165 0.8778
vn -0.4426 -0.0053 0.8967
vn -0.8058 0.4834 0.3421
vn -0.8143 0.4427 0.3755
vn -0.3722 -0.2266 0.9001
vn -0.6456 0.0322 0.7630
vn -0.6369 0.0221 0.7707
vn -0.3722 -0.2266 0.9000
vn -0.6788 0.7003 0.2209
vn -0.7786 0.4935 0.3876
vn -0.7685 0.5246 0.3663
vn -0.6788 0.7004 0.2208
vn -0.2462 0.4722 0.8464
vn -0.8143 0.4428 0.3754
vn -0.7489 0.6321 0.1990
vn -0.8058 0.4835 0.3420
vn -0.1962 0.4771 0.8567
vn -0.1961 0.4770 0.8567
vn -0.1964 0.4771 0.8566
vn -0.1961 0.4770 0.8568
vn 0.0789 -0.2694 0.9598
vn -0.4788 0.0166 0.8778
vn 0.0790 -0.2690 0.9599
vn -0.6457 0.0323 0.7629
vn -0.7786 0.4934 0.3877
vn -0.6457 0.0322 0.7629
vn -0.7685 0.5245 0.3664
vn -0.1983 0.4791 0.8551
vn -0.2123 0.4776 0.8526
vn -0.1982 0.4791 0.8551
vn -0.2181 0.4706 0.8550
vn -0.2119 0.4780 0.8524
vn -0.4715 -0.0077 0.8818
vn -0.6988 0.6105 0.3728
vn -0.4981 0.0074 0.8671
vn -0.4720 -0.0087 0.8816
vn -0.6821 0.6359 0.3612
vn -0.4720 -0.0087 0.8815
vn 0.0430 -0.2730 0.9611
vn -0.4982 0.0075 0.8670
vn -0.2474 0.4736 0.8453
vn -0.2474 0.4735 0.8453
vn -0.4331 0.8796 0.1967
vn -0.6820 0.6359 0.3612
vn -0.6987 0.6106 0.3728
vn -0.0131 0.0129 0.9998
vn -0.0145 0.0141 0.9998
vn -0.0097 0.0189 0.9998
vn -0.0267 0.0139 0.9995
vn -0.0177 0.0115 0.9998
vn -0.0131 0.0130 0.9998
vn -0.0163 0.0112 0.9998
vn -0.3913 0.3544 0.8493
vn -0.3736 0.3736 0.8490
vn -0.3920 0.3536 0.8493
vn -0.6236 -0.0673 0.7789
vn 0.1728 -0.1690 0.9703
vn 0.1713 -0.1652 0.9713
vn 0.1711 -0.1646 0.9714
vn -0.4720 0.2476 0.8461
vn -0.4585 0.2842 0.8420
vn 0.2694 -0.0794 0.9598
vn 0.0054 0.4422 0.8969
vn 0.2691 -0.0794 0.9598
vn -0.0168 0.4791 0.8776
vn -0.0327 0.6464 0.7623
vn -0.4932 0.7770 0.3912
vn -0.5239 0.7669 0.3708
vn -0.0225 0.6376 0.7701
vn -0.4931 0.7770 0.3912
vn 0.2259 0.3740 0.8995
vn -0.0225 0.6375 0.7701
vn -0.0326 0.6464 0.7623
vn -0.6999 0.6765 0.2290
vn -0.6999 0.6765 0.2291
vn -0.5239 0.7668 0.3708
vn -0.6305 0.7501 0.1995
vn -0.4420 0.8146 0.3755
vn -0.4824 0.8063 0.3422
vn -0.4419 0.8147 0.3755
vn 0.0054 0.4421 0.8969
vn -0.0169 0.4790 0.8776
vn -0.4824 0.8063 0.3423
vn -0.4778 0.2128 0.8523
vn -0.4701 0.2230 0.8540
vn -0.4780 0.2127 0.8522
vn -0.4730 0.2555 0.8432
vn 0.0082 0.4705 0.8824
vn -0.6099 0.6993 0.3729
vn -0.6352 0.6826 0.3613
vn 0.0047 0.4689 0.8833
vn -0.0134 0.4986 0.8667
vn 0.0047 0.4690 0.8832
vn 0.2649 -0.0449 0.9632
vn -0.0134 0.4987 0.8667
vn 0.0047 0.4689 0.8832
vn 0.2649 -0.0450 0.9632
vn -0.4724 0.2500 0.8452
vn -0.4725 0.2499 0.8452
vn -0.4725 0.2499 0.8451
vn -0.6353 0.6826 0.3612
vn -0.8787 0.4346 0.1972
vn -0.6353 0.6826 0.3613
vn -0.8788 0.4346 0.1972
vn -0.4648 0.2433 0.8514
vn -0.4707 0.2487 0.8465
vn -0.4722 0.2151 0.8548
vn 0.5483 -0.4179 0.7244
vn 0.5483 -0.4178 0.7244
vn 0.5352 -0.4206 0.7326
vn 0.1652 -0.1652 0.9723
vn 0.1647 -0.1711 0.9714
vn 0.1711 -0.1647 0.9714
vn -0.4770 0.1965 0.8567
vn -0.4768 0.1971 0.8566
vn -0.4770 0.1966 0.8567
vn -0.4771 0.1965 0.8566
vn -0.4770 0.1970 0.8566
vn -0.3993 0.3447 0.8495
vn -0.3994 0.3446 0.8495
vn -0.3735 0.3736 0.8491
vn -0.4806 0.1965 0.8546
vn -0.4721 0.2134 0.8554
vn -0.4859 0.1927 0.8525
vn -0.0174 0.0114 0.9998
vn -0.0164 0.0112 0.9998
vn -0.0141 0.0273 0.9995
vn -0.0125 0.0211 0.9997
vn -0.0135 0.0145 0.9998
vn -0.0112 0.0148 0.9998
vn -0.0112 0.0152 0.9998
vn -0.0110 0.0173 0.9998
vn -0.0111 0.0172 0.9998
vn -0.0212 0.0136 0.9997
vn -0.0065 0.0065 1.0000
vn -0.0135 0.0144 0.9998
vn -0.0141 0.0274 0.9995
vn -0.0077 0.0097 0.9999
vn -0.0066 0.0067 1.0000
vn -0.0136 0.0145 0.9998
vn -0.0130 0.0130 0.9998
vn -0.0097 0.0077 0.9999
vn -0.0065 0.0066 1.0000
vn -1.0000 -0.0047 -0.0023
vn -1.0000 -0.0022 -0.0015
vn -0.3229 0.4097 0.8532
vn -0.3152 0.4152 0.8533
vn -0.3137 0.4163 0.8534
vn -0.3230 0.4096 0.8532
vn -0.3153 0.4152 0.8533
vn -0.2933 0.4305 0.8536
vn -0.2908 0.4322 0.8536
vn -0.3152 0.4152 0.8534
vn -0.2632 0.4483 0.8542
vn -0.2589 0.4505 0.8544
vn -0.2374 0.4621 0.8545
vn -0.2267 0.4670 0.8547
vn -0.2181 0.4705 0.8550
vn -0.2305 0.4681 0.8531
vn -0.2305 0.4680 0.8531
vn -0.2306 0.4680 0.8531
vn -0.1963 0.4770 0.8567
vn -0.1965 0.4770 0.8567
vn -0.4187 0.3110 0.8532
vn -0.4120 0.3208 0.8529
vn -0.4196 0.3097 0.8533
vn -0.4350 0.2861 0.8538
vn -0.4197 0.3097 0.8532
vn -0.4364 0.2827 0.8542
vn -0.4540 0.2502 0.8551
vn -0.4536 0.2570 0.8534
vn -0.4862 0.2043 0.8496
vn -0.4859 0.1926 0.8525
vn -0.4806 0.1965 0.8547
vn -0.4772 0.1965 0.8566
vn -0.4541 0.2502 0.8551
vn -0.4350 0.2860 0.8538
vn -0.0003 0.0006 -1.0000
vn -0.0002 0.0012 -1.0000
vn -0.0003 0.0002 -1.0000
vn -0.0002 0.0001 -1.0000
vn -0.0005 0.0004 -1.0000
vn -0.0002 0.0011 -1.0000
vn -0.0001 0.0011 -1.0000
vn -0.0002 0.0010 -1.0000
vn -0.0001 0.0014 -1.0000
vn -0.0709 0.0302 -0.9970
vn -0.0709 0.0303 -0.9970
vn -0.7313 0.3142 -0.6054
vn -0.7314 0.3149 -0.6049
vn -0.7758 0.2165 -0.5926
vn -0.4421 0.7978 -0.4101
vn -0.4409 0.7985 -0.4099
vn -0.4421 0.7977 -0.4101
vn -0.0146 0.0772 -0.9969
vn -0.2606 0.7525 -0.6049
vn -0.1464 0.7850 -0.6019
vn -0.1466 0.7850 -0.6019
vn 0.0015 -0.0014 -1.0000
vn 0.0001 -0.0001 -1.0000
vn 0.0015 -0.0015 -1.0000
vn -0.7311 0.3141 -0.6057
vn -0.7310 0.3148 -0.6054
vn -0.0709 0.0304 -0.9970
vn -0.0014 0.0019 -1.0000
vn -0.1464 0.7851 -0.6019
vn -0.1134 0.7910 -0.6012
vn -0.1463 0.7851 -0.6019
vn -0.2027 0.4863 0.8500
vn -0.1141 0.9861 -0.1209
vn -0.5191 0.8539 0.0387
vn -0.2018 0.9713 0.1256
vn -0.4737 0.8530 -0.2193
vn -0.1140 0.9861 -0.1209
vn 0.1157 0.9557 0.2707
vn 0.2457 0.9684 0.0434
vn 0.1156 0.9557 0.2707
vn 0.7666 0.1631 0.6211
vn 0.5409 0.5583 0.6291
vn 0.5751 0.2452 0.7805
vn 0.7278 0.5179 0.4496
vn 0.5436 0.8027 0.2452
vn 0.7278 0.5179 0.4495
vn 0.5436 0.8028 0.2452
vn 0.3784 0.8096 0.4488
vn 0.2458 0.9684 0.0435
vn 0.5435 0.8028 0.2452
vn 0.2458 0.9684 0.0434
vn 0.3783 0.8096 0.4488
vn -0.9927 -0.1188 -0.0215
vn -0.8765 -0.2921 0.3826
vn -0.9770 -0.0037 0.2131
vn -0.8788 -0.4457 0.1705
vn -0.9546 0.2482 -0.1649
vn -0.7814 0.6235 0.0248
vn -0.7710 0.5919 -0.2349
vn -0.9546 0.2483 -0.1649
vn -0.9434 0.3202 0.0866
vn -0.7814 0.6235 0.0249
vn -0.9927 -0.1187 -0.0216
vn -0.9770 -0.0036 0.2131
vn -0.5191 0.8538 0.0386
vn -0.4738 0.8529 -0.2193
vn -0.7710 0.5920 -0.2349
vn -0.2966 -0.7698 0.5652
vn -0.6592 -0.4953 0.5658
vn -0.6325 -0.6760 0.3781
vn -0.2965 -0.7698 0.5652
vn -0.3628 -0.5780 0.7310
vn 0.0713 -0.7110 0.6996
vn -0.3627 -0.5780 0.7310
vn -0.2964 -0.7698 0.5652
vn -0.0383 -0.5260 0.8496
vn -0.6326 -0.6760 0.3781
vn -0.8788 -0.4457 0.1706
vn -0.6326 -0.6759 0.3781
vn -0.6593 -0.4952 0.5658
vn 0.7666 0.1630 0.6211
vn 0.4751 -0.0755 0.8767
vn 0.6532 -0.2004 0.7302
vn 0.4072 -0.5096 0.7580
vn -0.0382 -0.5260 0.8496
vn 0.4072 -0.5096 0.7579
vn 0.2581 -0.3483 0.9012
vn 0.2581 -0.3482 0.9012
vn 0.4073 -0.5095 0.7580
vn 0.4750 -0.0755 0.8767
vn -0.1109 0.7956 0.5955
vn -0.2018 0.9713 0.1257
vn -0.3117 0.8098 0.4971
vn 0.1835 0.3418 0.9217
vn 0.1686 0.5425 0.8229
vn 0.5750 0.2452 0.7805
vn 0.0581 0.7017 0.7101
vn 0.1157 0.9557 0.2708
vn -0.1108 0.7956 0.5956
vn 0.0581 0.7016 0.7102
vn 0.1686 0.5426 0.8229
vn 0.5408 0.5583 0.6291
vn -0.7916 0.3884 0.4717
vn -0.8091 0.1826 0.5586
vn -0.6844 0.5825 0.4385
vn -0.9434 0.3203 0.0866
vn -0.7916 0.3885 0.4717
vn -0.3118 0.8098 0.4971
vn -0.5191 0.8538 0.0387
vn -0.5156 0.7307 0.4475
vn -0.6843 0.5825 0.4386
vn -0.7814 0.6236 0.0249
vn -0.4168 -0.1853 0.8899
vn -0.2081 -0.1518 0.9663
vn -0.3627 -0.5779 0.7311
vn -0.6077 -0.1392 0.7818
vn -0.3628 -0.5779 0.7310
vn -0.8091 0.1825 0.5586
vn -0.8765 -0.2920 0.3826
vn -0.7445 -0.0030 0.6677
vn -0.9770 -0.0036 0.2132
vn -0.8765 -0.2920 0.3827
vn -0.7445 -0.0031 0.6677
vn -0.6078 -0.1392 0.7818
vn -0.7444 -0.0031 0.6677
vn -0.8765 -0.2921 0.3827
vn 0.1192 0.1356 0.9836
vn 0.4750 -0.0754 0.8767
vn -0.0143 -0.0439 0.9989
vn 0.1191 0.1356 0.9836
vn 0.2580 -0.3482 0.9012
vn -0.0143 -0.0440 0.9989
vn -0.0383 -0.5259 0.8497
vn -0.3562 0.6326 0.6877
vn -0.1889 0.5998 0.7775
vn -0.1109 0.7956 0.5956
vn -0.0848 0.4855 0.8701
vn -0.0919 0.3087 0.9467
vn 0.1834 0.3418 0.9217
vn -0.1888 0.5998 0.7776
vn 0.0580 0.7016 0.7102
vn -0.0848 0.4856 0.8701
vn -0.6236 0.3939 0.6752
vn -0.5142 0.5516 0.6568
vn -0.5156 0.7307 0.4476
vn -0.3563 0.6326 0.6877
vn -0.3118 0.8097 0.4971
vn -0.5141 0.5516 0.6568
vn -0.2081 -0.1517 0.9663
vn -0.3573 0.0806 0.9305
vn -0.4168 -0.1852 0.8899
vn -0.4169 -0.1852 0.8899
vn -0.5174 0.0993 0.8500
vn -0.6077 -0.1391 0.7819
vn -0.7444 -0.0030 0.6677
vn -0.6183 0.2307 0.7513
vn -0.5174 0.0994 0.8500
vn -0.1843 0.1560 0.9704
vn -0.1844 0.1559 0.9704
vn -0.3314 0.4862 0.8086
vn -0.3709 0.3712 0.8513
vn -0.2484 0.3877 0.8877
vn -0.4642 0.2830 0.8393
vn -0.3710 0.3712 0.8513
vn -0.4648 0.4215 0.7786
vn -0.3305 0.2620 0.9067
vn -0.3710 0.3711 0.8513
vn -0.2484 0.3876 0.8877
vn -0.3709 0.3711 0.8513
vn -0.3305 0.2621 0.9067
vn -0.3314 0.4862 0.8085
vn -0.1889 0.5998 0.7776
vn -0.0920 0.3088 0.9467
vn -0.1889 0.5997 0.7776
vn -0.6182 0.2308 0.7514
vn -0.4649 0.4215 0.7786
vn -0.6236 0.3939 0.6753
vn -0.6182 0.2308 0.7513
vn -0.4643 0.2830 0.8393
vn -0.5141 0.5516 0.6569
vn -0.3315 0.4862 0.8085
vn -0.3573 0.0807 0.9305
vn -0.4642 0.2829 0.8393
vn -0.5173 0.0994 0.8500
vn -0.4643 0.2829 0.8393
vn -0.6182 0.2307 0.7514
vn -0.0920 0.3087 0.9467
vn -0.3304 0.2620 0.9067
vn -0.1844 0.1560 0.9704
vn -0.0144 -0.0439 0.9989
vn 0.1686 0.5425 0.8230
vn 0.1834 0.3419 0.9217
vn -0.6844 0.5825 0.4386
vn -0.6183 0.2308 0.7513
vn -0.5173 0.0993 0.8500
vn -0.6078 -0.1391 0.7818
vn 0.7070 0.7071 0.0118
vn 0.5849 0.5850 0.5619
vn 0.7034 0.7108 -0.0025
vn 0.7035 0.7107 -0.0025
vn 0.7188 0.0139 -0.6951
vn 0.7169 0.6247 -0.3095
vn 0.7170 0.6246 -0.3095
vn 0.7161 0.0013 -0.6980
vn 0.7390 -0.6271 -0.2462
vn 0.7155 -0.5103 -0.4770
vn 0.7390 -0.6273 -0.2458
vn 0.7156 -0.5103 -0.4770
vn 0.7390 -0.6272 -0.2461
vn 0.7125 -0.7017 0.0018
vn 0.7127 -0.7014 0.0017
vn 0.7118 -0.0090 0.7023
vn 0.7143 -0.0056 0.6998
vn 0.7143 -0.0056 0.6999
vn 0.7040 0.0007 0.7102
vn 0.7041 0.0007 0.7101
vn 0.7208 0.0017 0.6931
vn 0.7120 0.6326 -0.3048
vn 0.7131 -0.0013 -0.7010
vn 0.7229 -0.6206 0.3038
vn 0.7202 0.4995 0.4814
vn 0.7203 0.4995 0.4814
vn 0.7118 0.7024 -0.0008
vn 0.7119 0.7023 -0.0008
vn 0.7095 -0.0002 -0.7047
vn 0.7176 -0.6965 0.0001
vn 0.7165 -0.0000 -0.6976
vn 0.7090 -0.0014 0.7052
vn 0.5008 -0.5010 0.7058
vn -0.4894 -0.5076 0.7091
vn -0.4894 -0.5077 0.7091
vn -0.5180 0.4655 0.7176
vn -0.4929 -0.5106 0.7046
vn 0.6336 -0.2418 0.7349
vn 0.5297 -0.4626 0.7109
vn 0.5297 -0.4626 0.7110
vn 0.6342 -0.2402 0.7349
vn 0.6342 -0.2401 0.7349
vn 0.6346 -0.2396 0.7348
vn 0.6341 -0.2409 0.7348
vn 0.6346 -0.2397 0.7348
vn 0.5308 -0.4614 0.7109
vn 0.6341 -0.2410 0.7348
vn 0.5000 0.5082 0.7013
vn 0.5000 0.5082 0.7012
vn -0.6273 0.2732 0.7292
vn -0.4974 0.4992 0.7096
vn -0.6273 0.2732 0.7293
vn -0.6246 0.2792 0.7294
vn -0.4974 0.4992 0.7095
vn -0.6149 0.2832 0.7360
vn -0.5058 0.4654 0.7263
vn -0.6369 0.2378 0.7334
vn -0.5059 0.4654 0.7263
vn 0.4644 -0.5214 0.7159
vn 0.2399 -0.6284 0.7400
vn 0.4644 -0.5213 0.7159
vn 0.2425 -0.6274 0.7400
vn 0.2398 -0.6284 0.7400
vn 0.2615 -0.6172 0.7421
vn 0.2600 -0.6178 0.7421
vn 0.2397 -0.6284 0.7400
vn 0.2601 -0.6177 0.7421
vn 0.4995 -0.4941 0.7116
vn 0.2616 -0.6171 0.7421
vn 0.4657 0.4849 0.7402
vn -0.2485 0.6241 0.7407
vn -0.4776 0.5066 0.7178
vn -0.2485 0.6241 0.7408
vn -0.2504 0.6233 0.7408
vn -0.2107 0.6649 0.7166
vn -0.2206 0.6625 0.7159
vn -0.2504 0.6234 0.7408
vn -0.2484 0.6242 0.7407
vn -0.2207 0.6624 0.7158
vn -0.4170 0.5974 0.6850
vn -0.2108 0.6649 0.7166
vn -0.2208 0.6624 0.7158
vn -0.5179 -0.4959 0.6971
vn -0.5179 -0.4959 0.6970
vn 0.4675 -0.5190 0.7156
vn -0.5106 -0.4900 0.7065
vn -0.5107 -0.4900 0.7064
vn -0.5043 0.5010 0.7033
vn -0.5395 -0.4229 0.7280
vn -0.5396 -0.4229 0.7280
vn -0.5057 0.4970 0.7051
vn -0.5057 0.4971 0.7051
vn 0.4621 0.5095 0.7259
vn -0.5045 0.5057 0.6998
vn -0.5044 0.5057 0.6999
vn -0.5062 -0.5048 0.6992
vn -0.5062 -0.5048 0.6993
vn -0.5061 -0.5047 0.6994
vn 0.5071 -0.5017 0.7008
vn 0.5103 0.4610 0.7260
vn 0.5102 0.4610 0.7261
vn 0.4989 -0.5053 0.7041
vn 0.4987 -0.5052 0.7043
vn -0.4240 -0.5393 0.7275
vn -0.4241 -0.5393 0.7276
vn 0.5010 0.5155 0.6952
vn 0.5009 0.5155 0.6952
vn 0.5010 0.5155 0.6951
vn -0.5187 0.5023 0.6919
vn -0.5187 0.5023 0.6918
vn -0.5111 -0.4973 0.7010
vn -0.5111 -0.4974 0.7010
vn -0.5104 0.5041 0.6967
vn -0.5152 0.4979 0.6976
vn -0.5153 0.4979 0.6976
vn -0.5153 0.4979 0.6975
vn -0.5374 -0.4492 0.7137
vn -0.5151 0.5056 0.6921
vn -0.5151 0.5056 0.6922
vn 0.4486 0.5371 0.7143
vn -0.5068 -0.5105 0.6947
vn -0.5068 -0.5105 0.6946
vn 0.5120 -0.5102 0.6910
vn -0.2069 -0.6895 0.6941
vn 0.5109 -0.5029 0.6972
vn -0.5008 0.4938 0.7109
vn -0.0032 -0.6973 0.7168
vn -0.0033 -0.6973 0.7168
vn 0.4906 -0.5092 0.7071
vn 0.4840 0.5218 0.7025
vn 0.4840 0.5218 0.7024
vn -0.0001 -0.7018 0.7124
vn 0.6861 -0.0456 0.7261
vn 0.4099 -0.4177 0.8108
vn 0.4159 -0.4117 0.8109
vn 0.4099 -0.4177 0.8109
vn 0.0476 -0.6945 0.7179
vn 0.7074 -0.0094 0.7068
vn 0.7074 -0.0094 0.7067
vn 0.7077 -0.0093 0.7065
vn -0.6702 -0.2010 0.7144
vn -0.6702 -0.2010 0.7145
vn -0.5004 0.4993 0.7073
vn -0.5005 0.4994 0.7072
vn -0.5085 -0.5016 0.6998
vn -0.5084 -0.5014 0.7001
vn 0.5047 -0.5063 0.6992
vn 0.5046 -0.5062 0.6994
vn 0.5048 -0.5065 0.6991
vn 0.5047 -0.5064 0.6992
vn 0.5301 0.4390 0.7255
vn 0.4996 -0.5053 0.7036
vn 0.4997 -0.5053 0.7036
vn 0.4997 -0.5053 0.7035
vn -0.4422 -0.5281 0.7250
vn -0.4422 -0.5281 0.7249
vn 0.4960 -0.5104 0.7025
vn 0.4960 -0.5103 0.7026
vn 0.6929 0.1318 0.7088
vn 0.6929 0.1318 0.7089
vn 0.4987 -0.5007 0.7075
vn 0.4987 -0.5006 0.7076
vn -0.4901 -0.5008 0.7134
vn 0.4977 -0.5119 0.7002
vn 0.4977 -0.5120 0.7002
vn 0.5104 0.4932 0.7044
vn 0.5104 0.4931 0.7045
vn -0.4986 0.5037 0.7054
vn 0.5234 0.4822 0.7025
vn 0.5234 0.4822 0.7026
vn -0.5120 0.4900 0.7056
vn -0.5120 0.4900 0.7055
vn -0.7089 -0.0060 0.7053
vn 0.5024 -0.5083 0.6995
vn -0.0001 0.7095 0.7047
vn -0.7179 -0.0020 0.6961
vn -0.7180 -0.0020 0.6961
vn 0.5006 -0.5072 0.7015
vn -0.5085 0.7114 -0.4851
vn -0.6277 0.7417 -0.2365
vn -0.6275 0.7417 -0.2368
vn -0.6982 0.7153 0.0284
vn -0.6276 0.7417 -0.2368
vn -0.6277 0.7417 -0.2364
vn 0.0002 0.7079 0.7063
vn 0.0002 0.7079 0.7064
vn 0.7016 0.7125 -0.0001
vn 0.7016 0.7126 -0.0001
vn 0.0005 0.7093 -0.7049
vn -0.5384 0.7131 -0.4491
vn -0.6401 0.7339 -0.2274
vn -0.6405 0.7339 -0.2261
vn -0.5384 0.7131 -0.4490
vn -0.6401 0.7339 -0.2273
vn -0.7036 0.7105 0.0096
vn -0.6405 0.7339 -0.2260
vn 0.2705 0.7549 0.5974
vn 0.2626 0.7496 0.6076
vn 0.2649 0.7496 0.6065
vn 0.2539 0.7550 0.6046
vn 0.2648 0.7497 0.6065
vn -0.0010 0.7153 0.6988
vn 0.2648 0.7496 0.6066
vn -0.0011 0.7171 -0.6970
vn 0.2125 0.7358 -0.6430
vn 0.2113 0.7358 -0.6434
vn 0.2114 0.7358 -0.6433
vn 0.2119 0.7341 -0.6451
vn 0.2126 0.7358 -0.6429
vn 0.2114 0.7358 -0.6434
vn 0.2130 0.7341 -0.6447
vn -0.5000 0.7222 -0.4779
vn -0.0022 0.7230 0.6908
vn 0.2641 0.7491 0.6075
vn 0.2626 0.7491 0.6082
vn -0.0021 0.7230 0.6908
vn 0.5082 0.7168 0.4774
vn 0.2642 0.7491 0.6075
vn 0.0007 0.7193 0.6947
vn -0.4129 0.7193 0.5587
vn -0.2077 0.7347 0.6458
vn -0.4129 0.7192 0.5588
vn -0.2095 0.7347 0.6452
vn -0.2094 0.7347 0.6452
vn 0.0065 0.7137 0.7004
vn -0.2076 0.7347 0.6459
vn 0.7060 0.7082 0.0002
vn -0.7022 0.7120 -0.0001
vn -0.7021 0.7121 -0.0001
vn 0.7171 0.5112 0.4738
vn 0.7176 0.5108 0.4734
vn 0.7098 -0.6359 0.3031
vn 0.7098 -0.6358 0.3031
vn 0.7298 0.4330 0.5291
vn 0.7061 -0.7081 -0.0006
vn -0.6246 0.2791 0.7294
vn -0.6274 0.2731 0.7292
vn 0.1350 0.6972 0.7040
vn 0.1350 0.6976 0.7037
vn 0.1350 0.6972 0.7041
vn -0.5137 0.5091 0.6906
vn -0.5137 0.5092 0.6905
vn -0.0005 0.7137 -0.7004
vn 0.2118 0.7341 -0.6451
vn -0.0005 0.7138 -0.7004
vn 0.6108 0.6108 0.5039
vn 0.6108 0.6108 0.5038
vn 0.6109 0.6108 0.5037
vn 0.5026 0.5014 0.7043
vn 0.5026 0.5013 0.7043
vn -0.5013 0.4932 0.7109
vn -0.5013 0.4932 0.7110
vn 0.0009 0.7125 -0.7016
vn 0.4825 -0.4827 -0.7309
vn -0.4713 -0.4889 -0.7341
vn -0.4713 -0.4890 -0.7340
vn -0.4713 -0.4889 -0.7340
vn -0.4985 0.4480 -0.7422
vn -0.4984 0.4480 -0.7422
vn 0.5100 -0.4455 -0.7358
vn 0.5101 -0.4455 -0.7358
vn 0.6738 -0.0045 -0.7389
vn 0.6737 -0.0045 -0.7390
vn 0.5111 -0.4443 -0.7358
vn 0.4819 0.4898 -0.7265
vn 0.4819 0.4899 -0.7265
vn -0.4790 0.4807 -0.7345
vn -0.6710 0.0037 -0.7415
vn -0.6048 0.2344 -0.7611
vn -0.6062 0.2307 -0.7611
vn -0.6048 0.2343 -0.7611
vn -0.6061 0.2308 -0.7611
vn -0.5050 0.4489 -0.7372
vn 0.4844 0.4831 -0.7294
vn 0.2302 -0.6033 -0.7636
vn 0.4469 -0.5018 -0.7406
vn 0.2329 -0.6023 -0.7635
vn 0.0034 -0.6693 -0.7430
vn 0.2328 -0.6023 -0.7635
vn 0.2328 -0.6024 -0.7635
vn 0.4809 -0.4757 -0.7365
vn 0.4471 0.4656 -0.7638
vn -0.4596 0.4875 -0.7423
vn -0.4596 0.4875 -0.7424
vn -0.0043 0.6734 -0.7393
vn -0.4994 -0.4782 -0.7224
vn -0.4994 -0.4783 -0.7224
vn 0.4500 -0.4995 -0.7403
vn -0.4922 -0.4723 -0.7312
vn -0.4920 -0.4720 -0.7315
vn -0.5186 -0.4066 -0.7522
vn -0.5187 -0.4065 -0.7521
vn -0.4873 0.4790 -0.7302
vn 0.4443 0.4899 -0.7501
vn -0.4864 0.4876 -0.7250
vn -0.4863 0.4875 -0.7252
vn -0.4863 0.4875 -0.7251
vn -0.4879 -0.4866 -0.7247
vn -0.4881 -0.4868 -0.7244
vn 0.4888 -0.4836 -0.7261
vn 0.4889 -0.4836 -0.7261
vn 0.4905 0.4432 -0.7503
vn 0.4906 0.4432 -0.7503
vn -0.4076 -0.5185 -0.7517
vn 0.4834 0.4974 -0.7204
vn 0.4833 0.4973 -0.7205
vn 0.4832 0.4973 -0.7206
vn -0.4927 -0.4794 -0.7262
vn -0.4926 -0.4794 -0.7263
vn -0.4969 0.4801 -0.7229
vn -0.4970 0.4801 -0.7229
vn -0.5174 -0.4325 -0.7384
vn -0.4970 0.4878 -0.7177
vn -0.4969 0.4878 -0.7177
vn 0.4319 0.5171 -0.7390
vn 0.4319 0.5170 -0.7391
vn -0.4957 0.4913 -0.7162
vn -0.4888 -0.4924 -0.7201
vn -0.4888 -0.4925 -0.7201
vn -0.1985 -0.6522 -0.7316
vn -0.1985 -0.6523 -0.7315
vn 0.4927 -0.4849 -0.7225
vn 0.4927 -0.4849 -0.7226
vn -0.4823 0.4755 -0.7357
vn -0.0031 -0.6710 -0.7414
vn -0.0031 -0.6711 -0.7414
vn 0.4726 -0.4905 -0.7321
vn 0.4665 0.5029 -0.7276
vn 0.6597 -0.0438 -0.7503
vn 0.0458 -0.6683 -0.7425
vn 0.0459 -0.6683 -0.7425
vn 0.6814 -0.0090 -0.7318
vn 0.6815 -0.0090 -0.7318
vn -0.6452 -0.1935 -0.7391
vn -0.6451 -0.1935 -0.7392
vn -0.4902 -0.4836 -0.7251
vn -0.4901 -0.4834 -0.7254
vn 0.5097 0.4221 -0.7497
vn 0.4816 -0.4870 -0.7286
vn 0.4815 -0.4869 -0.7287
vn -0.4252 -0.5077 -0.7493
vn 0.4780 -0.4919 -0.7277
vn 0.4780 -0.4918 -0.7277
vn 0.4780 -0.4918 -0.7278
vn 0.4804 -0.4823 -0.7325
vn -0.4719 -0.4821 -0.7382
vn 0.4798 -0.4936 -0.7254
vn 0.4798 -0.4935 -0.7255
vn 0.4919 0.4753 -0.7294
vn 0.4920 0.4754 -0.7293
vn 0.4921 0.4755 -0.7292
vn 0.5045 0.4648 -0.7277
vn 0.5045 0.4648 -0.7276
vn 0.5046 0.4650 -0.7274
vn -0.4933 0.4721 -0.7306
vn -0.6831 -0.0057 -0.7303
vn 0.4845 -0.4902 -0.7245
vn -0.0001 0.6837 -0.7298
vn -0.6924 -0.0019 -0.7215
vn 0.4825 -0.4889 -0.7267
vn -0.4827 0.4749 -0.7358
vn -0.4749 -0.4920 -0.7297
vn -0.4026 0.5768 -0.7108
vn -0.4860 0.4828 -0.7285
vn 0.4806 -0.4868 -0.7294
vn 0.4808 -0.4869 -0.7292
vn 0.1301 0.6722 -0.7288
vn 0.1301 0.6718 -0.7292
vn 0.4874 -0.4848 -0.7262
vn 0.4874 -0.4849 -0.7262
vn -0.0001 -0.6757 -0.7372
vn -0.4821 0.4811 -0.7322
vn 0.4866 -0.4883 -0.7244
vn 0.4866 -0.4882 -0.7245
vn 0.6674 0.1269 -0.7338
vn -0.4804 0.4854 -0.7305
vn -0.4804 0.4853 -0.7305
vn -0.4923 0.4861 -0.7221
vn -0.4923 0.4861 -0.7220
vn -0.0006 -0.6771 -0.7359
vn 0.4822 0.4815 -0.7318
vn 0.4822 0.4815 -0.7319
vn -0.6816 -0.0006 -0.7317
vn -0.5004 0.4846 -0.7174
vn -0.0002 0.7268 0.6868
vn 0.2538 0.7550 0.6046
vn 0.2704 0.7549 0.5975
vn 0.7070 -0.7071 0.0118
vn 0.5849 -0.5850 0.5619
vn 0.7035 -0.7107 -0.0025
vn 0.7188 -0.0139 -0.6951
vn 0.7169 -0.6247 -0.3095
vn 0.7169 -0.6246 -0.3095
vn 0.7161 -0.0013 -0.6980
vn 0.7390 0.6271 -0.2462
vn 0.7156 0.5103 -0.4770
vn 0.7390 0.6273 -0.2458
vn 0.7124 0.7018 0.0018
vn 0.7390 0.6272 -0.2461
vn 0.7122 0.7020 0.0018
vn 0.7118 0.0090 0.7023
vn 0.7143 0.0056 0.6999
vn 0.7041 -0.0007 0.7101
vn 0.7208 -0.0017 0.6931
vn 0.7120 -0.6326 -0.3048
vn 0.7131 0.0013 -0.7010
vn 0.7131 0.0013 -0.7011
vn 0.7229 0.6206 0.3038
vn 0.7202 -0.4995 0.4814
vn 0.7119 -0.7023 -0.0008
vn 0.7122 -0.7020 -0.0008
vn 0.7095 0.0002 -0.7047
vn 0.7176 0.6965 0.0001
vn 0.7090 0.0014 0.7052
vn 0.5008 0.5010 0.7058
vn -0.4894 0.5077 0.7091
vn -0.4893 0.5076 0.7091
vn -0.5180 -0.4655 0.7176
vn -0.4928 0.5106 0.7046
vn -0.4929 0.5106 0.7046
vn 0.6336 0.2419 0.7349
vn 0.5297 0.4626 0.7110
vn 0.6342 0.2402 0.7349
vn 0.6336 0.2418 0.7349
vn 0.6342 0.2401 0.7349
vn 0.6346 0.2396 0.7348
vn 0.6341 0.2409 0.7348
vn 0.6346 0.2397 0.7348
vn 0.5308 0.4614 0.7109
vn 0.6341 0.2410 0.7348
vn 0.5000 -0.5082 0.7013
vn 0.5000 -0.5082 0.7012
vn -0.6273 -0.2732 0.7293
vn -0.4974 -0.4992 0.7095
vn -0.6245 -0.2792 0.7294
vn -0.4974 -0.4992 0.7096
vn -0.6149 -0.2832 0.7360
vn -0.5059 -0.4654 0.7263
vn -0.6369 -0.2379 0.7334
vn -0.5058 -0.4654 0.7263
vn 0.4644 0.5213 0.7159
vn 0.2398 0.6284 0.7400
vn 0.2425 0.6274 0.7400
vn 0.4645 0.5214 0.7158
vn 0.2399 0.6284 0.7400
vn 0.2615 0.6172 0.7421
vn 0.2600 0.6178 0.7421
vn 0.2601 0.6177 0.7421
vn 0.4994 0.4940 0.7117
vn 0.4995 0.4941 0.7116
vn 0.2616 0.6171 0.7421
vn 0.4995 0.4941 0.7117
vn 0.4657 -0.4849 0.7402
vn -0.2485 -0.6241 0.7407
vn -0.4776 -0.5066 0.7178
vn -0.2504 -0.6233 0.7408
vn -0.2484 -0.6241 0.7408
vn -0.2107 -0.6649 0.7166
vn -0.2206 -0.6625 0.7159
vn -0.2504 -0.6234 0.7408
vn -0.2207 -0.6625 0.7158
vn -0.4170 -0.5974 0.6850
vn -0.2207 -0.6624 0.7159
vn -0.2108 -0.6649 0.7166
vn -0.5179 0.4959 0.6971
vn -0.5179 0.4959 0.6970
vn 0.4675 0.5190 0.7156
vn 0.4675 0.5189 0.7157
vn 0.4675 0.5189 0.7156
vn -0.5108 0.4902 0.7063
vn -0.5108 0.4902 0.7062
vn -0.5043 -0.5010 0.7033
vn -0.5395 0.4229 0.7280
vn -0.5057 -0.4971 0.7051
vn 0.4621 -0.5095 0.7259
vn -0.5045 -0.5058 0.6998
vn -0.5045 -0.5057 0.6998
vn -0.5062 0.5048 0.6992
vn -0.5061 0.5048 0.6993
vn 0.5071 0.5017 0.7008
vn 0.5103 -0.4610 0.7260
vn 0.5101 -0.4610 0.7262
vn 0.4987 0.5052 0.7043
vn 0.4989 0.5053 0.7041
vn -0.4240 0.5394 0.7275
vn 0.5010 -0.5155 0.6951
vn 0.5011 -0.5156 0.6950
vn -0.5187 -0.5023 0.6919
vn -0.5111 0.4974 0.7010
vn -0.5111 0.4973 0.7010
vn -0.5105 -0.5041 0.6967
vn -0.5152 -0.4979 0.6976
vn -0.5153 -0.4979 0.6976
vn -0.5153 -0.4979 0.6975
vn -0.5374 0.4492 0.7137
vn -0.5151 -0.5056 0.6921
vn 0.4486 -0.5371 0.7143
vn -0.5068 0.5105 0.6947
vn -0.5068 0.5105 0.6946
vn -0.5067 0.5105 0.6947
vn 0.5120 0.5102 0.6910
vn 0.5120 0.5102 0.6911
vn -0.2069 0.6895 0.6941
vn 0.5109 0.5029 0.6972
vn -0.5008 -0.4938 0.7108
vn -0.5008 -0.4938 0.7109
vn -0.0032 0.6973 0.7168
vn -0.0033 0.6973 0.7168
vn 0.4906 0.5092 0.7071
vn 0.4840 -0.5218 0.7024
vn 0.4840 -0.5218 0.7025
vn -0.0001 0.7018 0.7124
vn 0.4099 0.4177 0.8109
vn 0.6861 0.0456 0.7261
vn 0.4159 0.4117 0.8109
vn 0.4099 0.4177 0.8108
vn 0.0476 0.6945 0.7179
vn 0.0476 0.6944 0.7180
vn 0.4158 0.4117 0.8109
vn 0.7073 0.0094 0.7068
vn 0.7074 0.0094 0.7067
vn -0.6702 0.2010 0.7145
vn -0.6702 0.2010 0.7144
vn -0.5004 -0.4994 0.7072
vn -0.5005 -0.4994 0.7072
vn -0.5004 -0.4994 0.7073
vn -0.5085 0.5016 0.6998
vn -0.5085 0.5016 0.6999
vn 0.5048 0.5065 0.6991
vn 0.5047 0.5063 0.6992
vn 0.5301 -0.4390 0.7255
vn 0.4996 0.5053 0.7036
vn 0.4997 0.5053 0.7035
vn -0.4422 0.5280 0.7250
vn 0.4960 0.5103 0.7026
vn 0.4960 0.5104 0.7025
vn 0.6929 -0.1318 0.7089
vn 0.6929 -0.1318 0.7088
vn 0.4987 0.5007 0.7075
vn 0.4987 0.5006 0.7076
vn -0.4901 0.5007 0.7135
vn -0.4901 0.5008 0.7134
vn -0.4901 0.5008 0.7135
vn -0.4902 0.5008 0.7134
vn 0.4977 0.5119 0.7002
vn 0.4976 0.5119 0.7002
vn 0.5106 -0.4935 0.7041
vn 0.5105 -0.4933 0.7043
vn -0.4986 -0.5037 0.7054
vn 0.5234 -0.4822 0.7025
vn 0.5235 -0.4823 0.7024
vn 0.5234 -0.4822 0.7026
vn -0.5120 -0.4900 0.7055
vn -0.5119 -0.4900 0.7056
vn -0.7089 0.0060 0.7053
vn 0.5024 0.5083 0.6995
vn 0.5024 0.5083 0.6994
vn -0.0001 -0.7095 0.7047
vn -0.7180 0.0020 0.6961
vn -0.7179 0.0020 0.6961
vn 0.5006 0.5072 0.7015
vn -0.6277 -0.7417 -0.2365
vn -0.5085 -0.7114 -0.4851
vn -0.6275 -0.7417 -0.2368
vn -0.6982 -0.7153 0.0284
vn -0.6277 -0.7417 -0.2364
vn -0.6276 -0.7417 -0.2368
vn 0.0002 -0.7079 0.7063
vn 0.7016 -0.7126 -0.0001
vn 0.7016 -0.7125 -0.0001
vn 0.0005 -0.7093 -0.7049
vn -0.6400 -0.7339 -0.2274
vn -0.5384 -0.7130 -0.4491
vn -0.6405 -0.7339 -0.2261
vn -0.6401 -0.7339 -0.2274
vn -0.6401 -0.7339 -0.2273
vn -0.7036 -0.7105 0.0096
vn -0.6405 -0.7339 -0.2260
vn 0.2712 -0.7535 0.5989
vn 0.2626 -0.7496 0.6076
vn 0.2539 -0.7550 0.6046
vn 0.2705 -0.7549 0.5974
vn 0.2649 -0.7496 0.6065
vn -0.0010 -0.7153 0.6988
vn 0.2648 -0.7497 0.6065
vn 0.2625 -0.7496 0.6076
vn 0.2648 -0.7496 0.6066
vn -0.0011 -0.7171 -0.6970
vn 0.2125 -0.7358 -0.6430
vn 0.2113 -0.7358 -0.6434
vn 0.2114 -0.7358 -0.6434
vn 0.2119 -0.7341 -0.6451
vn 0.2130 -0.7341 -0.6447
vn 0.2126 -0.7358 -0.6429
vn -0.5000 -0.7222 -0.4779
vn 0.2641 -0.7491 0.6075
vn -0.0022 -0.7230 0.6908
vn 0.2626 -0.7491 0.6082
vn 0.2641 -0.7491 0.6076
vn -0.0021 -0.7230 0.6908
vn 0.5082 -0.7168 0.4774
vn 0.2642 -0.7491 0.6075
vn 0.0007 -0.7193 0.6947
vn -0.4129 -0.7192 0.5588
vn -0.2077 -0.7347 0.6458
vn -0.2095 -0.7347 0.6452
vn -0.2094 -0.7347 0.6452
vn 0.0065 -0.7137 0.7004
vn -0.2076 -0.7347 0.6459
vn 0.7060 -0.7082 0.0002
vn -0.7021 -0.7121 -0.0001
vn 0.7172 -0.5111 0.4737
vn 0.7174 -0.5110 0.4736
vn 0.7098 0.6358 0.3031
vn 0.7098 0.6359 0.3031
vn 0.7298 -0.4330 0.5291
vn 0.7061 0.7081 -0.0006
vn 0.7061 0.7082 -0.0006
vn -0.6369 -0.2378 0.7334
vn -0.6246 -0.2791 0.7294
vn -0.6150 -0.2832 0.7360
vn -0.6274 -0.2731 0.7293
vn 0.1350 -0.6972 0.7040
vn 0.1350 -0.6975 0.7037
vn -0.5137 -0.5091 0.6906
vn -0.0005 -0.7138 -0.7004
vn 0.2130 -0.7342 -0.6447
vn 0.2118 -0.7341 -0.6451
vn -0.0005 -0.7137 -0.7004
vn 0.6109 -0.6108 0.5036
vn 0.6108 -0.6108 0.5038
vn 0.5026 -0.5014 0.7043
vn -0.5013 -0.4932 0.7110
vn 0.0009 -0.7125 -0.7016
vn 0.0009 -0.7126 -0.7016
vn 0.4825 0.4827 -0.7309
vn -0.4713 0.4889 -0.7340
vn -0.4985 -0.4480 -0.7422
vn -0.4984 -0.4480 -0.7422
vn 0.5100 0.4455 -0.7358
vn 0.6733 0.0045 -0.7393
vn 0.6736 0.0045 -0.7391
vn 0.5111 0.4443 -0.7358
vn 0.4819 -0.4898 -0.7265
vn 0.4820 -0.4899 -0.7265
vn -0.4790 -0.4808 -0.7344
vn -0.4790 -0.4807 -0.7345
vn -0.6048 -0.2344 -0.7611
vn -0.6710 -0.0037 -0.7415
vn -0.6048 -0.2343 -0.7611
vn -0.6062 -0.2307 -0.7611
vn -0.5050 -0.4489 -0.7372
vn -0.6062 -0.2308 -0.7611
vn 0.4844 -0.4831 -0.7294
vn 0.4469 0.5018 -0.7406
vn 0.2302 0.6033 -0.7635
vn 0.4470 0.5018 -0.7405
vn 0.2329 0.6023 -0.7635
vn 0.2302 0.6033 -0.7636
vn 0.2328 0.6023 -0.7635
vn 0.0034 0.6693 -0.7430
vn 0.2328 0.6024 -0.7635
vn 0.4809 0.4757 -0.7365
vn 0.4471 -0.4656 -0.7638
vn 0.4471 -0.4655 -0.7638
vn -0.4596 -0.4876 -0.7423
vn -0.4596 -0.4875 -0.7423
vn -0.0043 -0.6734 -0.7393
vn -0.4994 0.4782 -0.7224
vn -0.4994 0.4783 -0.7224
vn 0.4500 0.4995 -0.7403
vn -0.4922 0.4723 -0.7312
vn -0.5187 0.4066 -0.7521
vn -0.5186 0.4066 -0.7522
vn -0.4873 -0.4789 -0.7302
vn -0.4873 -0.4790 -0.7302
vn 0.4443 -0.4899 -0.7501
vn -0.4863 -0.4875 -0.7252
vn -0.4863 -0.4875 -0.7251
vn -0.4863 -0.4876 -0.7251
vn -0.4880 0.4867 -0.7245
vn -0.4880 0.4867 -0.7246
vn 0.4889 0.4836 -0.7261
vn 0.4889 0.4836 -0.7260
vn 0.4905 -0.4432 -0.7503
vn 0.4906 -0.4432 -0.7503
vn -0.4076 0.5185 -0.7517
vn -0.4077 0.5184 -0.7517
vn 0.4833 -0.4973 -0.7204
vn 0.4833 -0.4973 -0.7205
vn -0.4927 0.4794 -0.7262
vn -0.4970 -0.4801 -0.7229
vn -0.4969 -0.4801 -0.7229
vn -0.5174 0.4325 -0.7384
vn -0.4970 -0.4878 -0.7177
vn -0.4969 -0.4878 -0.7177
vn 0.4319 -0.5170 -0.7391
vn 0.4319 -0.5170 -0.7390
vn -0.4957 -0.4913 -0.7162
vn -0.4956 -0.4912 -0.7163
vn -0.4888 0.4924 -0.7201
vn -0.4888 0.4924 -0.7202
vn -0.1985 0.6523 -0.7315
vn -0.1985 0.6522 -0.7316
vn 0.4927 0.4849 -0.7226
vn -0.4823 -0.4755 -0.7357
vn -0.0031 0.6711 -0.7414
vn -0.0031 0.6710 -0.7414
vn 0.4726 0.4905 -0.7321
vn 0.4665 -0.5029 -0.7276
vn 0.4665 -0.5029 -0.7277
vn 0.6597 0.0438 -0.7503
vn 0.0458 0.6683 -0.7425
vn 0.0459 0.6683 -0.7425
vn 0.6814 0.0090 -0.7319
vn 0.6815 0.0090 -0.7318
vn 0.6815 0.0090 -0.7317
vn 0.6814 0.0090 -0.7318
vn -0.6451 0.1935 -0.7392
vn -0.4902 0.4836 -0.7251
vn -0.4903 0.4837 -0.7250
vn -0.4900 0.4833 -0.7254
vn -0.4903 0.4836 -0.7251
vn 0.5097 -0.4221 -0.7497
vn 0.4816 0.4870 -0.7286
vn 0.4816 0.4870 -0.7287
vn -0.4252 0.5077 -0.7493
vn 0.4780 0.4919 -0.7277
vn 0.4804 0.4823 -0.7325
vn 0.4804 0.4823 -0.7326
vn -0.4719 0.4821 -0.7382
vn 0.4798 0.4935 -0.7254
vn 0.4919 -0.4752 -0.7295
vn 0.4918 -0.4752 -0.7296
vn 0.5046 -0.4650 -0.7274
vn 0.5045 -0.4649 -0.7275
vn -0.4933 -0.4721 -0.7306
vn -0.6831 0.0057 -0.7303
vn 0.4845 0.4902 -0.7245
vn -0.0001 -0.6837 -0.7298
vn -0.6924 0.0019 -0.7215
vn 0.4825 0.4889 -0.7267
vn -0.4827 -0.4749 -0.7358
vn -0.4749 0.4920 -0.7297
vn -0.4749 0.4920 -0.7296
vn -0.4026 -0.5768 -0.7108
vn -0.4860 -0.4828 -0.7285
vn 0.4808 0.4869 -0.7292
vn 0.4806 0.4868 -0.7294
vn 0.1301 -0.6722 -0.7288
vn 0.1301 -0.6720 -0.7291
vn 0.1301 -0.6718 -0.7292
vn 0.4874 0.4849 -0.7262
vn 0.4874 0.4848 -0.7262
vn -0.0001 0.6757 -0.7372
vn -0.4821 -0.4811 -0.7322
vn 0.4864 0.4880 -0.7247
vn 0.4866 0.4882 -0.7245
vn 0.6674 -0.1269 -0.7338
vn -0.4804 -0.4853 -0.7305
vn -0.4804 -0.4854 -0.7305
vn -0.4923 -0.4861 -0.7221
vn -0.0006 0.6771 -0.7359
vn 0.4822 -0.4815 -0.7318
vn 0.4822 -0.4815 -0.7319
vn -0.6816 0.0006 -0.7317
vn -0.5004 -0.4846 -0.7175
vn -0.5004 -0.4846 -0.7174
vn -0.0002 -0.7268 0.6868
vn 0.2538 -0.7550 0.6047
vn 0.2704 -0.7549 0.5974
vn 0.2538 -0.7550 0.6046
vn -0.7070 -0.7071 0.0118
vn -0.5849 -0.5850 0.5619
vn -0.7035 -0.7107 -0.0025
vn -0.7188 -0.0139 -0.6951
vn -0.7169 -0.6247 -0.3095
vn -0.7170 -0.6246 -0.3095
vn -0.7161 -0.0013 -0.6980
vn -0.7390 0.6271 -0.2462
vn -0.7156 0.5103 -0.4770
vn -0.7390 0.6273 -0.2458
vn -0.7390 0.6272 -0.2461
vn -0.7123 0.7019 0.0018
vn -0.7126 0.7015 0.0018
vn -0.7118 0.0090 0.7023
vn -0.7143 0.0056 0.6999
vn -0.7041 -0.0007 0.7101
vn -0.7208 -0.0017 0.6931
vn -0.7120 -0.6326 -0.3048
vn -0.7131 0.0013 -0.7010
vn -0.7131 0.0013 -0.7011
vn -0.7229 0.6206 0.3038
vn -0.7202 -0.4995 0.4814
vn -0.7119 -0.7022 -0.0008
vn -0.7119 -0.7023 -0.0008
vn -0.7095 0.0002 -0.7047
vn -0.7176 0.6965 0.0001
vn -0.7165 -0.0000 -0.6976
vn -0.7090 0.0014 0.7052
vn -0.5008 0.5010 0.7058
vn 0.4893 0.5076 0.7091
vn 0.4894 0.5077 0.7091
vn 0.5180 -0.4655 0.7176
vn 0.4929 0.5106 0.7046
vn -0.6336 0.2418 0.7349
vn -0.5297 0.4626 0.7110
vn -0.6335 0.2418 0.7349
vn -0.6342 0.2402 0.7349
vn -0.6342 0.2401 0.7349
vn -0.6346 0.2396 0.7348
vn -0.6341 0.2409 0.7348
vn -0.6346 0.2397 0.7348
vn -0.5308 0.4614 0.7109
vn -0.6341 0.2410 0.7348
vn -0.5000 -0.5082 0.7013
vn -0.5000 -0.5082 0.7012
vn 0.6273 -0.2732 0.7292
vn 0.4974 -0.4992 0.7096
vn 0.6273 -0.2732 0.7293
vn 0.6246 -0.2792 0.7294
vn 0.4974 -0.4992 0.7095
vn 0.6149 -0.2832 0.7360
vn 0.5059 -0.4654 0.7263
vn 0.6369 -0.2378 0.7334
vn 0.5058 -0.4654 0.7263
vn -0.4645 0.5214 0.7158
vn -0.2399 0.6284 0.7400
vn -0.4644 0.5213 0.7159
vn -0.2425 0.6274 0.7400
vn -0.2398 0.6284 0.7400
vn -0.2615 0.6172 0.7421
vn -0.2600 0.6178 0.7421
vn -0.2601 0.6177 0.7421
vn -0.4995 0.4941 0.7117
vn -0.2616 0.6171 0.7421
vn -0.4995 0.4941 0.7116
vn -0.4657 -0.4849 0.7402
vn -0.4658 -0.4849 0.7402
vn 0.2485 -0.6241 0.7407
vn 0.4776 -0.5066 0.7178
vn 0.2485 -0.6241 0.7408
vn 0.2504 -0.6233 0.7408
vn 0.4776 -0.5067 0.7178
vn 0.2107 -0.6649 0.7166
vn 0.2484 -0.6242 0.7408
vn 0.2206 -0.6625 0.7159
vn 0.2504 -0.6234 0.7408
vn 0.2485 -0.6242 0.7407
vn 0.2207 -0.6624 0.7159
vn 0.4170 -0.5974 0.6850
vn 0.2108 -0.6649 0.7166
vn 0.2208 -0.6624 0.7158
vn 0.5179 0.4959 0.6971
vn 0.5178 0.4959 0.6971
vn 0.5179 0.4959 0.6970
vn -0.4675 0.5190 0.7156
vn -0.4675 0.5189 0.7156
vn -0.4675 0.5189 0.7157
vn 0.5107 0.4900 0.7065
vn 0.5108 0.4902 0.7062
vn 0.5043 -0.5010 0.7033
vn 0.5395 0.4229 0.7280
vn 0.5396 0.4229 0.7280
vn 0.5057 -0.4971 0.7051
vn 0.5057 -0.4970 0.7051
vn -0.4621 -0.5095 0.7259
vn 0.5045 -0.5057 0.6998
vn 0.5045 -0.5058 0.6998
vn 0.5061 0.5047 0.6993
vn 0.5062 0.5048 0.6992
vn -0.5071 0.5017 0.7008
vn -0.5072 0.5017 0.7008
vn -0.5101 -0.4610 0.7262
vn -0.5103 -0.4610 0.7260
vn -0.5104 -0.4610 0.7260
vn -0.4989 0.5053 0.7041
vn 0.4240 0.5393 0.7275
vn 0.4240 0.5394 0.7275
vn -0.5010 -0.5155 0.6951
vn -0.5011 -0.5156 0.6950
vn 0.5187 -0.5023 0.6919
vn 0.5111 0.4973 0.7010
vn 0.5111 0.4974 0.7010
vn 0.5104 -0.5041 0.6967
vn 0.5105 -0.5041 0.6966
vn 0.5154 -0.4979 0.6975
vn 0.5153 -0.4979 0.6975
vn 0.5374 0.4492 0.7137
vn 0.5151 -0.5056 0.6922
vn 0.5151 -0.5056 0.6921
vn -0.4486 -0.5371 0.7143
vn 0.5068 0.5105 0.6947
vn 0.5068 0.5105 0.6946
vn 0.5068 0.5106 0.6946
vn -0.5120 0.5102 0.6910
vn -0.5120 0.5102 0.6911
vn 0.2069 0.6895 0.6941
vn -0.5109 0.5029 0.6972
vn 0.5008 -0.4938 0.7109
vn 0.5008 -0.4938 0.7108
vn 0.0032 0.6973 0.7168
vn 0.0033 0.6973 0.7168
vn -0.4906 0.5092 0.7071
vn -0.4840 -0.5218 0.7024
vn 0.0001 0.7018 0.7124
vn -0.6861 0.0456 0.7261
vn -0.4099 0.4177 0.8109
vn -0.4159 0.4117 0.8109
vn -0.0476 0.6945 0.7179
vn -0.4158 0.4117 0.8109
vn -0.4099 0.4178 0.8108
vn -0.7074 0.0094 0.7067
vn -0.7073 0.0094 0.7068
vn 0.6702 0.2010 0.7144
vn 0.6702 0.2010 0.7145
vn 0.5004 -0.4994 0.7073
vn 0.5004 -0.4994 0.7072
vn 0.5005 -0.4994 0.7072
vn 0.5085 0.5016 0.6998
vn 0.5084 0.5014 0.7001
vn -0.5047 0.5063 0.6992
vn -0.5047 0.5064 0.6991
vn -0.5048 0.5065 0.6991
vn -0.5047 0.5064 0.6992
vn -0.5301 -0.4390 0.7255
vn -0.4997 0.5053 0.7036
vn -0.4997 0.5053 0.7035
vn 0.4422 0.5280 0.7250
vn -0.4960 0.5104 0.7025
vn -0.4960 0.5103 0.7026
vn -0.6929 -0.1318 0.7088
vn -0.6929 -0.1318 0.7089
vn -0.4987 0.5007 0.7075
vn 0.4902 0.5008 0.7134
vn 0.4901 0.5008 0.7134
vn -0.4977 0.5119 0.7002
vn -0.5105 -0.4933 0.7043
vn -0.5104 -0.4931 0.7045
vn 0.4986 -0.5037 0.7054
vn 0.4986 -0.5038 0.7054
vn -0.5234 -0.4822 0.7025
vn -0.5232 -0.4819 0.7028
vn -0.5236 -0.4824 0.7022
vn 0.5120 -0.4900 0.7055
vn 0.5119 -0.4900 0.7056
vn 0.7089 0.0060 0.7053
vn -0.5024 0.5083 0.6995
vn 0.0001 -0.7095 0.7047
vn 0.7179 0.0020 0.6961
vn 0.7180 0.0020 0.6961
vn -0.5006 0.5072 0.7015
vn 0.5085 -0.7114 -0.4851
vn 0.6277 -0.7417 -0.2365
vn 0.6275 -0.7417 -0.2368
vn 0.6982 -0.7153 0.0284
vn 0.6276 -0.7417 -0.2368
vn 0.6277 -0.7417 -0.2364
vn -0.0002 -0.7079 0.7063
vn -0.0002 -0.7079 0.7064
vn -0.7016 -0.7126 -0.0001
vn -0.0005 -0.7093 -0.7049
vn 0.5384 -0.7130 -0.4491
vn 0.6401 -0.7339 -0.2274
vn 0.6405 -0.7339 -0.2261
vn 0.6401 -0.7339 -0.2273
vn 0.7036 -0.7105 0.0096
vn 0.6405 -0.7339 -0.2260
vn -0.2705 -0.7549 0.5974
vn -0.2626 -0.7496 0.6076
vn -0.2649 -0.7496 0.6065
vn -0.2539 -0.7550 0.6046
vn -0.2648 -0.7497 0.6065
vn 0.0010 -0.7153 0.6989
vn 0.0010 -0.7153 0.6988
vn -0.2648 -0.7496 0.6066
vn 0.0011 -0.7171 -0.6970
vn -0.2125 -0.7358 -0.6430
vn -0.2113 -0.7358 -0.6434
vn -0.2114 -0.7358 -0.6433
vn -0.2119 -0.7341 -0.6451
vn -0.2126 -0.7358 -0.6429
vn -0.2114 -0.7358 -0.6434
vn -0.2130 -0.7341 -0.6447
vn 0.5000 -0.7222 -0.4779
vn 0.0022 -0.7230 0.6908
vn -0.2641 -0.7491 0.6075
vn -0.2626 -0.7491 0.6082
vn 0.0021 -0.7230 0.6908
vn -0.5082 -0.7168 0.4774
vn -0.2642 -0.7491 0.6075
vn -0.0007 -0.7193 0.6947
vn 0.4129 -0.7192 0.5588
vn 0.2077 -0.7347 0.6458
vn 0.2095 -0.7347 0.6452
vn 0.2094 -0.7347 0.6452
vn -0.0065 -0.7137 0.7004
vn 0.2076 -0.7347 0.6459
vn -0.7060 -0.7082 0.0002
vn -0.7059 -0.7083 0.0002
vn 0.7021 -0.7121 -0.0001
vn -0.7171 -0.5112 0.4738
vn -0.7173 -0.5110 0.4736
vn -0.7098 0.6358 0.3031
vn -0.7098 0.6359 0.3031
vn -0.7298 -0.4330 0.5291
vn -0.7061 0.7081 -0.0006
vn 0.6246 -0.2791 0.7294
vn 0.6274 -0.2731 0.7292
vn -0.1350 -0.6976 0.7037
vn -0.1350 -0.6972 0.7041
vn 0.5137 -0.5091 0.6906
vn 0.0005 -0.7138 -0.7004
vn -0.2118 -0.7341 -0.6451
vn 0.0005 -0.7137 -0.7004
vn -0.6109 -0.6108 0.5036
vn -0.6108 -0.6108 0.5038
vn -0.5027 -0.5014 0.7042
vn -0.5026 -0.5014 0.7043
vn 0.5013 -0.4932 0.7110
vn -0.0009 -0.7126 -0.7016
vn -0.0009 -0.7125 -0.7016
vn -0.4825 0.4827 -0.7309
vn 0.4713 0.4889 -0.7340
vn 0.4984 -0.4480 -0.7422
vn 0.4985 -0.4480 -0.7422
vn -0.5100 0.4455 -0.7358
vn -0.6736 0.0045 -0.7391
vn -0.6733 0.0045 -0.7393
vn -0.5111 0.4443 -0.7358
vn -0.4819 -0.4898 -0.7265
vn -0.4820 -0.4899 -0.7265
vn 0.4790 -0.4807 -0.7345
vn 0.4790 -0.4808 -0.7344
vn 0.6710 -0.0037 -0.7414
vn 0.6048 -0.2344 -0.7611
vn 0.6710 -0.0036 -0.7415
vn 0.6062 -0.2307 -0.7611
vn 0.6048 -0.2343 -0.7611
vn 0.6061 -0.2308 -0.7612
vn 0.5050 -0.4489 -0.7372
vn 0.6061 -0.2308 -0.7611
vn -0.4844 -0.4831 -0.7294
vn -0.2302 0.6033 -0.7636
vn -0.4469 0.5018 -0.7406
vn -0.2329 0.6023 -0.7635
vn -0.4470 0.5018 -0.7405
vn -0.0034 0.6693 -0.7430
vn -0.2328 0.6023 -0.7635
vn -0.4809 0.4757 -0.7365
vn -0.4471 -0.4656 -0.7638
vn 0.4596 -0.4875 -0.7423
vn 0.4596 -0.4876 -0.7423
vn 0.0043 -0.6734 -0.7393
vn 0.4994 0.4782 -0.7224
vn 0.4994 0.4783 -0.7224
vn -0.4500 0.4995 -0.7403
vn -0.4499 0.4994 -0.7403
vn 0.4922 0.4723 -0.7312
vn 0.5186 0.4066 -0.7522
vn 0.5187 0.4065 -0.7521
vn 0.4873 -0.4790 -0.7302
vn 0.4873 -0.4790 -0.7301
vn 0.4873 -0.4789 -0.7302
vn -0.4443 -0.4899 -0.7501
vn 0.4863 -0.4875 -0.7252
vn 0.4863 -0.4875 -0.7251
vn 0.4864 -0.4876 -0.7250
vn 0.4863 -0.4876 -0.7251
vn 0.4880 0.4867 -0.7246
vn 0.4880 0.4866 -0.7246
vn -0.4889 0.4836 -0.7260
vn -0.4904 -0.4432 -0.7503
vn -0.4905 -0.4432 -0.7503
vn -0.4906 -0.4432 -0.7503
vn 0.4077 0.5184 -0.7517
vn 0.4076 0.5185 -0.7517
vn 0.4076 0.5185 -0.7516
vn -0.4833 -0.4973 -0.7205
vn -0.4833 -0.4973 -0.7204
vn 0.4927 0.4794 -0.7262
vn 0.4969 -0.4801 -0.7229
vn 0.4970 -0.4801 -0.7229
vn 0.5174 0.4325 -0.7384
vn 0.4970 -0.4878 -0.7177
vn -0.4319 -0.5170 -0.7390
vn -0.4319 -0.5170 -0.7391
vn 0.4957 -0.4913 -0.7162
vn 0.4888 0.4924 -0.7202
vn 0.4888 0.4924 -0.7201
vn 0.1985 0.6522 -0.7316
vn 0.1985 0.6523 -0.7315
vn -0.4927 0.4849 -0.7226
vn 0.4823 -0.4755 -0.7357
vn 0.0031 0.6710 -0.7414
vn 0.0031 0.6711 -0.7414
vn -0.4727 0.4905 -0.7321
vn -0.4726 0.4905 -0.7321
vn -0.4665 -0.5029 -0.7276
vn -0.6597 0.0438 -0.7503
vn -0.0458 0.6683 -0.7425
vn -0.6814 0.0090 -0.7318
vn -0.6815 0.0090 -0.7317
vn -0.6815 0.0090 -0.7318
vn 0.6451 0.1935 -0.7392
vn 0.4900 0.4833 -0.7254
vn 0.4903 0.4836 -0.7251
vn 0.4902 0.4836 -0.7251
vn 0.4903 0.4837 -0.7250
vn -0.5097 -0.4221 -0.7497
vn -0.4815 0.4869 -0.7287
vn -0.4816 0.4870 -0.7286
vn -0.4816 0.4870 -0.7287
vn 0.4252 0.5077 -0.7493
vn 0.4252 0.5077 -0.7492
vn 0.4252 0.5078 -0.7492
vn -0.4780 0.4919 -0.7277
vn -0.4780 0.4920 -0.7276
vn -0.4804 0.4823 -0.7326
vn -0.4804 0.4823 -0.7325
vn 0.4719 0.4821 -0.7382
vn 0.4719 0.4822 -0.7381
vn -0.4798 0.4936 -0.7254
vn -0.4918 -0.4752 -0.7296
vn -0.4919 -0.4752 -0.7295
vn -0.5045 -0.4648 -0.7276
vn -0.5045 -0.4649 -0.7275
vn -0.5046 -0.4650 -0.7274
vn 0.4933 -0.4721 -0.7306
vn 0.6831 0.0057 -0.7303
vn -0.4845 0.4902 -0.7245
vn -0.4845 0.4903 -0.7245
vn 0.0001 -0.6837 -0.7298
vn 0.6924 0.0019 -0.7215
vn -0.4825 0.4889 -0.7267
vn 0.4827 -0.4749 -0.7358
vn 0.4749 0.4920 -0.7297
vn 0.4026 -0.5768 -0.7108
vn 0.4860 -0.4828 -0.7285
vn -0.4806 0.4868 -0.7294
vn -0.4808 0.4869 -0.7292
vn -0.1301 -0.6720 -0.7291
vn -0.1301 -0.6721 -0.7290
vn -0.4874 0.4849 -0.7262
vn -0.4874 0.4848 -0.7262
vn 0.0001 0.6757 -0.7372
vn 0.4821 -0.4811 -0.7322
vn -0.4866 0.4882 -0.7245
vn -0.4865 0.4881 -0.7246
vn -0.4864 0.4880 -0.7247
vn -0.6674 -0.1269 -0.7338
vn 0.4804 -0.4854 -0.7305
vn 0.4804 -0.4853 -0.7305
vn 0.4923 -0.4861 -0.7221
vn 0.4922 -0.4861 -0.7221
vn 0.0006 0.6771 -0.7359
vn -0.4822 -0.4815 -0.7318
vn 0.6816 0.0006 -0.7317
vn 0.5004 -0.4846 -0.7175
vn 0.0002 -0.7268 0.6868
vn -0.2538 -0.7550 0.6046
vn -0.2704 -0.7549 0.5975
vn -0.7070 0.7071 0.0118
vn -0.5849 0.5850 0.5619
vn -0.7034 0.7108 -0.0025
vn -0.7035 0.7107 -0.0025
vn -0.7188 0.0139 -0.6951
vn -0.7169 0.6247 -0.3095
vn -0.7170 0.6246 -0.3095
vn -0.7161 0.0013 -0.6980
vn -0.7390 -0.6271 -0.2462
vn -0.7156 -0.5103 -0.4770
vn -0.7390 -0.6273 -0.2458
vn -0.7155 -0.5103 -0.4770
vn -0.7125 -0.7017 0.0018
vn -0.7390 -0.6272 -0.2461
vn -0.7118 -0.0090 0.7023
vn -0.7143 -0.0056 0.6998
vn -0.7143 -0.0056 0.6999
vn -0.7041 0.0007 0.7101
vn -0.7040 0.0007 0.7102
vn -0.7208 0.0017 0.6931
vn -0.7120 0.6326 -0.3048
vn -0.7131 -0.0013 -0.7010
vn -0.7131 -0.0013 -0.7011
vn -0.7229 -0.6206 0.3038
vn -0.7203 0.4995 0.4814
vn -0.7202 0.4995 0.4814
vn -0.7119 0.7023 -0.0008
vn -0.7095 -0.0002 -0.7047
vn -0.7176 -0.6965 0.0001
vn -0.7090 -0.0014 0.7052
vn -0.5008 -0.5010 0.7058
vn 0.4893 -0.5076 0.7091
vn 0.4894 -0.5077 0.7091
vn 0.4894 -0.5076 0.7091
vn 0.5180 0.4655 0.7176
vn 0.4929 -0.5106 0.7046
vn -0.6336 -0.2419 0.7349
vn -0.5297 -0.4626 0.7110
vn -0.6342 -0.2402 0.7349
vn -0.6336 -0.2418 0.7349
vn -0.5297 -0.4626 0.7109
vn -0.6342 -0.2401 0.7349
vn -0.6346 -0.2396 0.7348
vn -0.6341 -0.2409 0.7348
vn -0.5308 -0.4614 0.7109
vn -0.6346 -0.2397 0.7348
vn -0.6341 -0.2410 0.7348
vn -0.5000 0.5082 0.7013
vn 0.6273 0.2732 0.7293
vn 0.4974 0.4992 0.7095
vn 0.6245 0.2792 0.7294
vn 0.6273 0.2732 0.7292
vn 0.6149 0.2832 0.7360
vn 0.5059 0.4654 0.7263
vn 0.6369 0.2379 0.7334
vn 0.5058 0.4654 0.7263
vn -0.4644 -0.5214 0.7159
vn -0.2398 -0.6284 0.7400
vn -0.2425 -0.6274 0.7400
vn -0.4644 -0.5213 0.7159
vn -0.2399 -0.6284 0.7400
vn -0.2615 -0.6172 0.7421
vn -0.2600 -0.6178 0.7421
vn -0.2397 -0.6284 0.7400
vn -0.2601 -0.6177 0.7421
vn -0.4994 -0.4940 0.7117
vn -0.2616 -0.6171 0.7421
vn -0.4995 -0.4941 0.7116
vn -0.4657 0.4849 0.7402
vn 0.2485 0.6241 0.7408
vn 0.4776 0.5066 0.7178
vn 0.2504 0.6234 0.7408
vn 0.2107 0.6649 0.7166
vn 0.2206 0.6625 0.7159
vn 0.2484 0.6241 0.7408
vn 0.2208 0.6625 0.7158
vn 0.4170 0.5974 0.6850
vn 0.2207 0.6624 0.7159
vn 0.2108 0.6649 0.7166
vn 0.5179 -0.4959 0.6971
vn 0.5179 -0.4959 0.6970
vn -0.4675 -0.5190 0.7156
vn 0.5107 -0.4900 0.7065
vn 0.5043 0.5010 0.7033
vn 0.5396 -0.4229 0.7280
vn 0.5395 -0.4229 0.7280
vn 0.5057 0.4971 0.7051
vn -0.4621 0.5095 0.7259
vn 0.5044 0.5057 0.6999
vn 0.5045 0.5057 0.6998
vn 0.5062 -0.5048 0.6992
vn 0.5061 -0.5048 0.6993
vn -0.5071 -0.5017 0.7008
vn -0.5103 0.4610 0.7260
vn -0.5102 0.4610 0.7261
vn -0.4987 -0.5052 0.7043
vn -0.4989 -0.5053 0.7041
vn 0.4240 -0.5394 0.7275
vn 0.4240 -0.5393 0.7275
vn -0.5011 0.5156 0.6950
vn -0.5010 0.5155 0.6951
vn 0.5187 0.5023 0.6918
vn 0.5187 0.5023 0.6919
vn 0.5111 -0.4973 0.7010
vn 0.5104 0.5041 0.6967
vn 0.5105 0.5041 0.6966
vn 0.5154 0.4979 0.6975
vn 0.5153 0.4979 0.6975
vn 0.5374 -0.4492 0.7137
vn 0.5151 0.5056 0.6921
vn 0.5151 0.5056 0.6922
vn -0.4486 0.5371 0.7143
vn 0.5067 -0.5105 0.6947
vn 0.5068 -0.5105 0.6946
vn 0.5068 -0.5106 0.6946
vn 0.5068 -0.5105 0.6947
vn -0.5120 -0.5102 0.6910
vn -0.5120 -0.5102 0.6911
vn 0.2069 -0.6895 0.6941
vn -0.5109 -0.5029 0.6972
vn 0.5008 0.4938 0.7109
vn 0.0033 -0.6973 0.7168
vn 0.0032 -0.6973 0.7168
vn -0.4906 -0.5092 0.7071
vn -0.4840 0.5218 0.7024
vn -0.4840 0.5218 0.7025
vn 0.0001 -0.7018 0.7124
vn -0.4099 -0.4177 0.8109
vn -0.6861 -0.0456 0.7261
vn -0.4159 -0.4117 0.8109
vn -0.4099 -0.4177 0.8108
vn -0.0477 -0.6945 0.7179
vn -0.0476 -0.6945 0.7180
vn -0.7074 -0.0094 0.7067
vn 0.6702 -0.2010 0.7145
vn 0.6702 -0.2010 0.7144
vn 0.5005 0.4994 0.7072
vn 0.5004 0.4993 0.7073
vn 0.5085 -0.5016 0.6998
vn 0.5084 -0.5014 0.7001
vn -0.5047 -0.5064 0.6992
vn -0.5046 -0.5062 0.6994
vn -0.5047 -0.5063 0.6992
vn -0.5301 0.4390 0.7255
vn -0.4996 -0.5053 0.7036
vn -0.4997 -0.5053 0.7035
vn -0.4996 -0.5052 0.7036
vn -0.4997 -0.5053 0.7036
vn 0.4422 -0.5281 0.7249
vn 0.4422 -0.5281 0.7250
vn -0.4960 -0.5103 0.7026
vn -0.4960 -0.5104 0.7025
vn -0.6929 0.1318 0.7089
vn -0.6929 0.1318 0.7088
vn -0.4987 -0.5007 0.7075
vn 0.4901 -0.5008 0.7134
vn -0.4977 -0.5119 0.7002
vn -0.4977 -0.5120 0.7002
vn -0.5106 0.4935 0.7041
vn -0.5105 0.4933 0.7043
vn -0.5104 0.4931 0.7045
vn 0.4986 0.5037 0.7054
vn -0.5234 0.4822 0.7025
vn -0.5234 0.4821 0.7026
vn -0.5234 0.4822 0.7026
vn 0.5120 0.4900 0.7056
vn 0.5119 0.4900 0.7056
vn 0.7089 -0.0060 0.7053
vn -0.5024 -0.5083 0.6995
vn -0.5024 -0.5083 0.6994
vn 0.0001 0.7095 0.7047
vn 0.7179 -0.0020 0.6961
vn 0.7180 -0.0020 0.6961
vn -0.5006 -0.5072 0.7015
vn 0.6277 0.7417 -0.2365
vn 0.5085 0.7114 -0.4851
vn 0.6275 0.7417 -0.2368
vn 0.6982 0.7153 0.0284
vn 0.6276 0.7417 -0.2368
vn 0.6277 0.7417 -0.2364
vn -0.0002 0.7079 0.7063
vn -0.0002 0.7079 0.7064
vn -0.7016 0.7126 -0.0001
vn -0.7016 0.7125 -0.0001
vn -0.0005 0.7093 -0.7049
vn 0.6400 0.7339 -0.2274
vn 0.5384 0.7131 -0.4491
vn 0.6405 0.7339 -0.2261
vn 0.6401 0.7339 -0.2274
vn 0.5384 0.7130 -0.4491
vn 0.6401 0.7339 -0.2273
vn 0.7036 0.7105 0.0096
vn 0.6405 0.7339 -0.2260
vn -0.2712 0.7535 0.5989
vn -0.2626 0.7496 0.6076
vn -0.2539 0.7550 0.6046
vn -0.2705 0.7549 0.5974
vn -0.2649 0.7496 0.6065
vn -0.2626 0.7496 0.6075
vn 0.0010 0.7153 0.6988
vn -0.2648 0.7496 0.6066
vn 0.0010 0.7153 0.6989
vn -0.2625 0.7496 0.6076
vn 0.0011 0.7171 -0.6970
vn -0.2125 0.7358 -0.6430
vn -0.2113 0.7358 -0.6434
vn -0.2114 0.7358 -0.6434
vn -0.2119 0.7341 -0.6451
vn -0.2130 0.7341 -0.6447
vn -0.2126 0.7358 -0.6429
vn 0.5000 0.7222 -0.4779
vn -0.2641 0.7491 0.6075
vn 0.0022 0.7230 0.6908
vn -0.2626 0.7491 0.6082
vn -0.2641 0.7491 0.6076
vn 0.0021 0.7230 0.6908
vn -0.5082 0.7168 0.4774
vn -0.2642 0.7491 0.6075
vn -0.0007 0.7193 0.6947
vn 0.4129 0.7192 0.5588
vn 0.2077 0.7347 0.6458
vn 0.2095 0.7347 0.6452
vn 0.2094 0.7347 0.6452
vn -0.0065 0.7137 0.7004
vn 0.2076 0.7347 0.6459
vn -0.7060 0.7082 0.0002
vn 0.7021 0.7121 -0.0001
vn -0.7176 0.5108 0.4734
vn -0.7171 0.5112 0.4738
vn -0.7098 -0.6358 0.3031
vn -0.7098 -0.6359 0.3031
vn -0.7298 0.4330 0.5291
vn -0.7061 -0.7081 -0.0006
vn -0.7061 -0.7082 -0.0006
vn 0.6369 0.2378 0.7334
vn 0.6246 0.2791 0.7294
vn 0.6150 0.2832 0.7360
vn 0.6274 0.2731 0.7293
vn -0.1350 0.6973 0.7039
vn -0.1350 0.6972 0.7040
vn -0.1350 0.6972 0.7041
vn 0.5137 0.5091 0.6906
vn 0.5136 0.5091 0.6907
vn 0.0005 0.7137 -0.7004
vn -0.2130 0.7342 -0.6447
vn -0.2118 0.7341 -0.6451
vn -0.6109 0.6108 0.5036
vn -0.6108 0.6108 0.5038
vn -0.5026 0.5014 0.7043
vn 0.5013 0.4932 0.7110
vn -0.0009 0.7125 -0.7016
vn -0.4825 -0.4827 -0.7309
vn 0.4713 -0.4890 -0.7340
vn 0.4713 -0.4889 -0.7340
vn 0.4713 -0.4889 -0.7341
vn 0.4984 0.4480 -0.7422
vn 0.4985 0.4480 -0.7422
vn -0.5100 -0.4455 -0.7358
vn -0.6737 -0.0045 -0.7390
vn -0.6738 -0.0045 -0.7389
vn -0.5111 -0.4443 -0.7358
vn -0.4819 0.4898 -0.7265
vn -0.4819 0.4899 -0.7265
vn 0.4790 0.4807 -0.7345
vn 0.4790 0.4808 -0.7344
vn 0.6048 0.2344 -0.7611
vn 0.6710 0.0037 -0.7414
vn 0.6048 0.2343 -0.7611
vn 0.6062 0.2307 -0.7611
vn 0.5050 0.4489 -0.7372
vn 0.6062 0.2308 -0.7611
vn -0.4844 0.4831 -0.7294
vn -0.4471 -0.5018 -0.7405
vn -0.2302 -0.6033 -0.7635
vn -0.4469 -0.5018 -0.7406
vn -0.2329 -0.6023 -0.7635
vn -0.2302 -0.6033 -0.7636
vn -0.2328 -0.6023 -0.7635
vn -0.0034 -0.6693 -0.7430
vn -0.4809 -0.4757 -0.7365
vn -0.4471 0.4656 -0.7638
vn -0.4472 0.4656 -0.7637
vn 0.4596 0.4875 -0.7423
vn 0.0043 0.6734 -0.7393
vn 0.4994 -0.4782 -0.7224
vn 0.4994 -0.4783 -0.7224
vn -0.4500 -0.4995 -0.7403
vn 0.4920 -0.4720 -0.7315
vn 0.4922 -0.4723 -0.7312
vn 0.5187 -0.4066 -0.7521
vn 0.5186 -0.4066 -0.7521
vn 0.4873 0.4790 -0.7302
vn 0.4873 0.4789 -0.7302
vn -0.4443 0.4899 -0.7501
vn 0.4863 0.4875 -0.7252
vn 0.4863 0.4875 -0.7251
vn 0.4864 0.4876 -0.7250
vn 0.4863 0.4876 -0.7251
vn 0.4879 -0.4866 -0.7247
vn 0.4880 -0.4867 -0.7245
vn -0.4889 -0.4836 -0.7261
vn -0.4888 -0.4836 -0.7261
vn -0.4905 0.4432 -0.7503
vn -0.4906 0.4432 -0.7503
vn 0.4076 -0.5185 -0.7517
vn -0.4832 0.4973 -0.7206
vn -0.4834 0.4974 -0.7204
vn -0.4833 0.4973 -0.7205
vn 0.4927 -0.4794 -0.7262
vn 0.4970 0.4801 -0.7229
vn 0.4969 0.4801 -0.7229
vn 0.5173 -0.4325 -0.7385
vn 0.5174 -0.4325 -0.7384
vn 0.4969 0.4878 -0.7177
vn 0.4970 0.4878 -0.7177
vn -0.4319 0.5170 -0.7390
vn -0.4319 0.5170 -0.7391
vn -0.4319 0.5171 -0.7390
vn 0.4957 0.4913 -0.7162
vn 0.4888 -0.4924 -0.7201
vn 0.4888 -0.4925 -0.7201
vn 0.1985 -0.6523 -0.7315
vn 0.1985 -0.6522 -0.7316
vn -0.4927 -0.4849 -0.7226
vn -0.4927 -0.4849 -0.7225
vn 0.4823 0.4755 -0.7357
vn 0.4823 0.4756 -0.7357
vn 0.0031 -0.6711 -0.7414
vn 0.0031 -0.6710 -0.7414
vn -0.4726 -0.4905 -0.7321
vn -0.4665 0.5029 -0.7276
vn -0.6597 -0.0438 -0.7503
vn -0.0458 -0.6683 -0.7425
vn -0.0459 -0.6683 -0.7425
vn -0.6815 -0.0090 -0.7318
vn -0.6814 -0.0090 -0.7318
vn 0.6451 -0.1935 -0.7392
vn 0.6452 -0.1935 -0.7391
vn 0.4901 -0.4834 -0.7254
vn 0.4902 -0.4836 -0.7251
vn -0.5097 0.4221 -0.7497
vn -0.4816 -0.4870 -0.7286
vn -0.4815 -0.4869 -0.7287
vn 0.4252 -0.5077 -0.7493
vn 0.4252 -0.5078 -0.7492
vn -0.4780 -0.4919 -0.7277
vn -0.4780 -0.4918 -0.7278
vn -0.4780 -0.4918 -0.7277
vn -0.4804 -0.4823 -0.7325
vn -0.4804 -0.4823 -0.7326
vn 0.4719 -0.4821 -0.7382
vn -0.4798 -0.4935 -0.7254
vn -0.4798 -0.4935 -0.7255
vn -0.4921 0.4755 -0.7292
vn -0.4919 0.4753 -0.7294
vn -0.4920 0.4754 -0.7293
vn -0.5046 0.4650 -0.7274
vn -0.5045 0.4648 -0.7277
vn -0.5045 0.4648 -0.7276
vn 0.4933 0.4721 -0.7306
vn 0.6831 -0.0057 -0.7303
vn -0.4845 -0.4902 -0.7245
vn 0.0001 0.6837 -0.7298
vn 0.6924 -0.0019 -0.7215
vn -0.4825 -0.4889 -0.7267
vn 0.4827 0.4749 -0.7358
vn 0.4749 -0.4920 -0.7297
vn 0.4026 0.5768 -0.7108
vn 0.4860 0.4828 -0.7285
vn -0.4808 -0.4869 -0.7292
vn -0.4806 -0.4868 -0.7294
vn -0.1301 0.6722 -0.7288
vn -0.1301 0.6718 -0.7292
vn -0.4874 -0.4848 -0.7262
vn -0.4874 -0.4849 -0.7262
vn 0.0001 -0.6757 -0.7372
vn 0.4821 0.4811 -0.7322
vn -0.4864 -0.4880 -0.7247
vn -0.4866 -0.4882 -0.7245
vn -0.4866 -0.4883 -0.7244
vn -0.6674 0.1269 -0.7338
vn 0.4804 0.4853 -0.7305
vn 0.4804 0.4854 -0.7305
vn 0.4923 0.4861 -0.7220
vn 0.4923 0.4861 -0.7221
vn 0.0006 -0.6771 -0.7359
vn -0.4823 0.4815 -0.7318
vn -0.4822 0.4815 -0.7318
vn 0.6816 -0.0006 -0.7318
vn 0.6816 -0.0006 -0.7317
vn 0.5004 0.4846 -0.7174
vn 0.5004 0.4846 -0.7175
vn 0.0002 0.7268 0.6868
vn -0.2538 0.7550 0.6047
vn -0.2704 0.7549 0.5974
vn -0.2538 0.7550 0.6046
vn -0.5473 0.7096 -0.4437
vn -0.5474 0.7096 -0.4437
vn -0.0043 0.7112 -0.7030
vn -0.2782 0.7450 -0.6063
vn -0.2868 0.7450 -0.6022
vn -0.6377 0.7338 -0.2343
vn -0.4039 0.8167 0.4121
vn -0.6409 0.7337 -0.2255
vn -0.4086 0.8167 0.4074
vn -0.4087 0.8167 0.4074
vn -0.0000 0.7097 0.7045
vn 0.7063 0.7079 -0.0002
vn 0.7064 0.7078 -0.0001
vn 0.7063 0.7079 -0.0001
vn 0.0069 0.7241 -0.6896
vn 0.0068 0.7241 -0.6896
vn 0.5363 0.7240 0.4338
vn 0.7004 0.7137 -0.0026
vn 0.7004 0.7138 -0.0026
vn -0.0024 0.7067 -0.7075
vn -0.6944 0.7194 -0.0159
vn -0.0073 0.7159 -0.6982
vn -0.0073 0.7158 -0.6982
vn -0.5245 0.7168 -0.4594
vn -0.6320 0.7392 -0.2328
vn -0.6320 0.7391 -0.2330
vn -0.5245 0.7169 -0.4593
vn 1.0000 0.0002 0.0027
vn 1.0000 0.0038 -0.0002
vn 1.0000 0.0059 0.0019
vn 1.0000 0.0012 0.0009
vn 1.0000 0.0015 -0.0000
vn 1.0000 0.0010 -0.0022
vn 1.0000 -0.0000 -0.0032
vn 1.0000 0.0021 -0.0020
vn 0.7329 -0.6383 -0.2356
vn 0.7031 -0.7111 0.0031
vn 0.7030 -0.7111 0.0031
vn 0.7329 -0.6383 -0.2357
vn 0.7328 -0.6383 -0.2355
vn 0.7072 -0.5490 -0.4456
vn 0.7071 -0.5490 -0.4456
vn 0.7366 -0.6352 -0.2322
vn 0.7120 -0.7021 0.0081
vn 0.7365 -0.6379 -0.2250
vn 0.7120 -0.7022 0.0081
vn 0.7078 0.0002 0.7064
vn 0.7055 0.7087 -0.0007
vn 0.7077 0.5503 0.4431
vn 0.7124 0.7018 -0.0022
vn 0.7072 -0.0026 -0.7070
vn 0.7130 -0.7009 -0.0180
vn 0.6095 0.6094 0.5071
vn 0.6094 0.6094 0.5073
vn 0.7071 0.7071 0.0081
vn 0.7071 0.7071 0.0080
vn 0.7070 0.7071 0.0086
vn 0.6132 0.6132 0.4980
vn 0.6133 0.6132 0.4978
vn -0.6994 0.7146 0.0086
vn -0.6320 0.7392 -0.2329
vn -0.6320 0.7391 -0.2328
vn -0.0106 0.7124 0.7017
vn 0.7165 -0.5327 -0.4504
vn 0.7366 -0.6352 -0.2323
vn 0.7365 -0.6378 -0.2251
vn 0.7076 0.0092 -0.7066
vn 1.0000 0.0022 -0.0019
vn 0.6042 0.6043 0.5194
vn 0.6042 0.6042 0.5194
vn -0.6377 0.7338 -0.2344
vn -0.2783 0.7450 -0.6063
vn -0.2869 0.7450 -0.6022
vn -0.6409 0.7337 -0.2256
vn 0.7164 -0.5251 -0.4593
vn 0.7329 -0.6382 -0.2357
vn 0.7163 -0.5251 -0.4595
vn 0.2512 0.6281 -0.7365
vn -0.2596 0.6268 -0.7347
vn 0.2520 0.6278 -0.7365
vn -0.2672 0.6237 -0.7346
vn 0.2513 0.6281 -0.7365
vn 0.2614 0.6225 -0.7377
vn 0.2592 0.6234 -0.7377
vn 0.2513 0.6280 -0.7365
vn 0.2521 0.6278 -0.7365
vn 0.2613 0.6225 -0.7377
vn 0.2691 0.6211 -0.7361
vn 0.2591 0.6234 -0.7377
vn 0.2657 0.6225 -0.7361
vn 0.2658 0.6225 -0.7361
vn 0.4991 0.5017 -0.7065
vn 0.2692 0.6211 -0.7361
vn 0.4991 0.5017 -0.7066
vn 0.4859 -0.5216 -0.7013
vn -0.4776 -0.5168 -0.7105
vn -0.2423 -0.6307 -0.7373
vn -0.2431 -0.6304 -0.7372
vn -0.2424 -0.6307 -0.7372
vn -0.4819 -0.5085 -0.7136
vn -0.2477 -0.6258 -0.7396
vn -0.2487 -0.6254 -0.7396
vn -0.2476 -0.6258 -0.7396
vn 0.2461 -0.6166 -0.7478
vn -0.2486 -0.6254 -0.7396
vn -0.2476 -0.6259 -0.7396
vn 0.2499 -0.6149 -0.7479
vn -0.2639 0.6214 -0.7378
vn -0.4985 0.4920 -0.7138
vn -0.2643 0.6212 -0.7378
vn -0.2639 0.6213 -0.7378
vn -0.2642 0.6212 -0.7378
vn 0.2463 0.6284 -0.7379
vn -0.2638 0.6214 -0.7378
vn 0.2485 0.6275 -0.7379
vn 0.4866 0.5043 -0.7134
vn 0.2463 0.6283 -0.7379
vn 0.4866 0.5044 -0.7133
vn 0.2464 0.6283 -0.7379
vn -0.4991 0.5028 -0.7058
vn -0.4990 0.5027 -0.7058
vn -0.4990 0.5028 -0.7058
vn 0.4889 0.5038 -0.7121
vn -0.7206 -0.0019 -0.6934
vn -0.6288 -0.2423 -0.7388
vn -0.6178 -0.2644 -0.7406
vn -0.2597 0.6268 -0.7347
vn -0.5079 0.4966 -0.7038
vn -0.5080 0.4966 -0.7038
vn -0.0001 -0.7012 -0.7129
vn -0.7112 -0.0119 -0.7029
vn -0.0023 0.7082 -0.7060
vn 0.4892 0.4998 -0.7148
vn 0.4892 0.4998 -0.7147
vn -0.2423 -0.6307 -0.7372
vn 0.0090 -0.7009 -0.7132
vn -0.2430 -0.6304 -0.7373
vn -0.2429 -0.6288 -0.7387
vn -0.6178 -0.2645 -0.7406
vn -0.6288 -0.2424 -0.7388
vn -0.2649 -0.6178 -0.7404
vn -0.6177 -0.2645 -0.7406
vn 0.5423 -0.5341 -0.6486
vn -0.4680 -0.5209 -0.7139
vn 0.4762 -0.4899 -0.7302
vn 0.2500 -0.6149 -0.7480
vn 0.2462 -0.6166 -0.7478
vn 0.2500 -0.6149 -0.7479
vn 0.6263 0.2699 -0.7314
vn 0.7187 0.0002 -0.6954
vn 0.6291 0.2637 -0.7313
vn 0.6262 0.2699 -0.7314
vn 0.6262 0.2700 -0.7314
vn 0.4869 0.5106 -0.7087
vn 0.6290 0.2638 -0.7313
vn 0.4869 0.5106 -0.7086
vn 0.4863 0.4863 -0.7260
vn 0.6211 0.2691 -0.7361
vn 0.6225 0.2613 -0.7377
vn 0.6234 0.2591 -0.7377
vn 0.6225 0.2657 -0.7361
vn -0.5216 0.4859 -0.7013
vn -0.5216 0.4860 -0.7012
vn -0.5216 0.4859 -0.7014
vn -0.6307 -0.2423 -0.7373
vn -0.5168 -0.4776 -0.7105
vn -0.6304 -0.2431 -0.7372
vn -0.6307 -0.2424 -0.7372
vn -0.5168 -0.4776 -0.7106
vn -0.5085 -0.4819 -0.7136
vn -0.6258 -0.2477 -0.7396
vn -0.6254 -0.2487 -0.7396
vn -0.6166 0.2461 -0.7478
vn -0.6259 -0.2476 -0.7396
vn -0.6255 -0.2486 -0.7396
vn -0.6150 0.2499 -0.7479
vn 0.6213 -0.2639 -0.7378
vn 0.4920 -0.4985 -0.7138
vn 0.6212 -0.2643 -0.7378
vn 0.6284 0.2463 -0.7379
vn 0.6212 -0.2642 -0.7378
vn 0.6214 -0.2638 -0.7378
vn 0.6275 0.2485 -0.7379
vn 0.6283 0.2463 -0.7379
vn 0.5043 0.4866 -0.7134
vn 0.6283 0.2464 -0.7379
vn 0.5044 0.4866 -0.7133
vn 0.5028 -0.4991 -0.7058
vn 0.5038 0.4889 -0.7121
vn 0.6268 -0.2597 -0.7347
vn 0.4966 -0.5080 -0.7038
vn 0.6237 -0.2672 -0.7346
vn -0.7013 -0.0001 -0.7129
vn -0.7012 -0.0001 -0.7129
vn -0.0119 -0.7112 -0.7029
vn 0.7082 -0.0023 -0.7060
vn 0.4998 0.4892 -0.7147
vn 0.6225 0.2658 -0.7361
vn 0.5017 0.4991 -0.7066
vn 0.6211 0.2692 -0.7361
vn 0.5017 0.4991 -0.7065
vn -0.7009 0.0090 -0.7132
vn -0.6307 -0.2423 -0.7372
vn -0.6304 -0.2430 -0.7372
vn 0.6281 0.2512 -0.7365
vn 0.6268 -0.2596 -0.7347
vn 0.6278 0.2520 -0.7365
vn 0.6280 0.2513 -0.7365
vn 0.6277 0.2521 -0.7365
vn 0.6281 0.2513 -0.7365
vn 0.6234 0.2592 -0.7377
vn 0.6225 0.2614 -0.7377
vn -0.6149 0.2500 -0.7480
vn -0.4899 0.4762 -0.7302
vn -0.6149 0.2500 -0.7479
vn -0.6166 0.2462 -0.7478
vn -0.5341 0.5423 -0.6486
vn -0.5242 -0.4732 -0.7080
vn -0.0029 -0.7208 -0.6931
vn -0.2429 -0.6289 -0.7386
vn -0.2648 -0.6179 -0.7404
vn -0.2429 -0.6288 -0.7386
vn 0.2699 0.6262 -0.7314
vn 0.0002 0.7187 -0.6953
vn 0.2637 0.6291 -0.7313
vn 0.2700 0.6262 -0.7314
vn 0.5106 0.4869 -0.7087
vn 0.2638 0.6290 -0.7313
vn 0.5106 0.4869 -0.7086
vn 1.0000 -0.0021 -0.0040
vn 1.0000 -0.0035 -0.0047
vn 1.0000 0.0039 -0.0002
vn 0.7061 -0.0083 0.7081
vn 0.7107 -0.0088 -0.7034
vn 0.7108 -0.0088 -0.7034
vn 0.9999 -0.0108 -0.0084
vn 1.0000 -0.0019 -0.0003
vn 1.0000 -0.0024 -0.0018
vn 1.0000 -0.0003 0.0033
vn 1.0000 -0.0025 -0.0019
vn 1.0000 -0.0020 -0.0004
vn 1.0000 -0.0019 -0.0004
vn 1.0000 0.0002 0.0026
vn 0.7073 -0.0053 -0.7069
vn 1.0000 0.0021 -0.0019
vn -0.5473 -0.7096 -0.4437
vn -0.0043 -0.7112 -0.7030
vn -0.2782 -0.7450 -0.6063
vn -0.2868 -0.7450 -0.6022
vn -0.6377 -0.7338 -0.2343
vn -0.4039 -0.8167 0.4121
vn -0.4086 -0.8167 0.4074
vn -0.6409 -0.7337 -0.2255
vn -0.0000 -0.7098 0.7044
vn -0.4087 -0.8167 0.4074
vn -0.0000 -0.7097 0.7045
vn -0.0000 -0.7098 0.7045
vn 0.7064 -0.7078 -0.0001
vn 0.7063 -0.7079 -0.0001
vn 0.0069 -0.7241 -0.6896
vn 0.5363 -0.7240 0.4338
vn 0.7004 -0.7138 -0.0026
vn 0.7004 -0.7137 -0.0026
vn -0.0024 -0.7067 -0.7075
vn -0.6945 -0.7193 -0.0160
vn -0.6943 -0.7195 -0.0159
vn -0.0073 -0.7159 -0.6982
vn -0.5245 -0.7167 -0.4596
vn -0.6320 -0.7391 -0.2328
vn -0.5245 -0.7166 -0.4597
vn -0.5245 -0.7168 -0.4594
vn -0.6320 -0.7392 -0.2330
vn -0.6320 -0.7392 -0.2328
vn 1.0000 -0.0039 -0.0002
vn 1.0000 -0.0002 0.0027
vn 1.0000 -0.0059 0.0019
vn 1.0000 -0.0012 0.0009
vn 1.0000 -0.0015 -0.0000
vn 1.0000 -0.0010 -0.0022
vn 1.0000 -0.0021 -0.0020
vn 0.7329 0.6383 -0.2357
vn 0.7030 0.7111 0.0031
vn 0.7329 0.6383 -0.2355
vn 0.7329 0.6383 -0.2356
vn 0.7071 0.5490 -0.4456
vn 0.7072 0.5490 -0.4456
vn 0.7120 0.7022 0.0081
vn 0.7366 0.6352 -0.2322
vn 0.7120 0.7021 0.0081
vn 0.7365 0.6379 -0.2250
vn 0.7078 -0.0002 0.7064
vn 0.7054 -0.7088 -0.0007
vn 0.7055 -0.7087 -0.0007
vn 0.7077 -0.5502 0.4431
vn 0.7077 -0.5503 0.4431
vn 0.7124 -0.7018 -0.0022
vn 0.7072 0.0026 -0.7070
vn 0.7130 0.7009 -0.0180
vn 0.6095 -0.6094 0.5070
vn 0.6095 -0.6094 0.5071
vn 0.6093 -0.6093 0.5074
vn 0.7071 -0.7071 0.0081
vn 0.7071 -0.7071 0.0080
vn 0.7070 -0.7071 0.0086
vn 0.6132 -0.6132 0.4980
vn 0.6133 -0.6132 0.4978
vn -0.6321 -0.7391 -0.2328
vn -0.6994 -0.7146 0.0087
vn -0.6320 -0.7392 -0.2329
vn -0.6994 -0.7146 0.0086
vn -0.0106 -0.7124 0.7017
vn -0.0106 -0.7123 0.7018
vn 0.7366 0.6352 -0.2323
vn 0.7165 0.5327 -0.4504
vn 0.7365 0.6378 -0.2251
vn 0.7076 -0.0092 -0.7066
vn 1.0000 -0.0021 -0.0019
vn 0.6042 -0.6043 0.5194
vn 0.6042 -0.6042 0.5194
vn -0.2783 -0.7450 -0.6063
vn -0.6376 -0.7338 -0.2344
vn -0.2869 -0.7450 -0.6022
vn -0.6409 -0.7337 -0.2256
vn 0.7329 0.6382 -0.2357
vn 0.7164 0.5251 -0.4593
vn 0.7328 0.6383 -0.2356
vn 0.7165 0.5251 -0.4592
vn -0.2596 -0.6268 -0.7347
vn 0.2512 -0.6281 -0.7365
vn 0.2520 -0.6278 -0.7365
vn -0.2672 -0.6237 -0.7346
vn 0.2513 -0.6281 -0.7365
vn 0.2613 -0.6225 -0.7377
vn 0.2521 -0.6277 -0.7365
vn 0.2592 -0.6234 -0.7377
vn 0.2614 -0.6225 -0.7377
vn 0.2691 -0.6211 -0.7361
vn 0.2657 -0.6225 -0.7361
vn 0.2591 -0.6234 -0.7377
vn 0.2658 -0.6225 -0.7361
vn 0.4991 -0.5017 -0.7066
vn 0.2692 -0.6211 -0.7361
vn 0.4991 -0.5017 -0.7065
vn 0.4859 0.5216 -0.7013
vn -0.4776 0.5168 -0.7106
vn -0.2424 0.6307 -0.7372
vn -0.4776 0.5168 -0.7105
vn -0.2431 0.6304 -0.7373
vn -0.2477 0.6258 -0.7396
vn -0.4819 0.5085 -0.7136
vn -0.2487 0.6254 -0.7396
vn -0.2476 0.6258 -0.7396
vn 0.2461 0.6166 -0.7478
vn 0.2499 0.6149 -0.7479
vn -0.2486 0.6255 -0.7396
vn -0.4985 -0.4920 -0.7138
vn -0.2639 -0.6214 -0.7378
vn -0.2643 -0.6212 -0.7378
vn -0.2639 -0.6213 -0.7378
vn -0.2642 -0.6212 -0.7378
vn 0.2463 -0.6284 -0.7379
vn 0.2485 -0.6275 -0.7379
vn -0.2638 -0.6214 -0.7378
vn 0.4866 -0.5044 -0.7133
vn 0.2464 -0.6284 -0.7379
vn 0.4866 -0.5043 -0.7134
vn 0.2463 -0.6283 -0.7379
vn -0.4990 -0.5027 -0.7058
vn -0.4991 -0.5028 -0.7058
vn 0.4889 -0.5038 -0.7121
vn -0.6288 0.2423 -0.7388
vn -0.7206 0.0019 -0.6933
vn -0.6178 0.2644 -0.7405
vn -0.7206 0.0019 -0.6934
vn -0.2597 -0.6268 -0.7347
vn -0.5079 -0.4966 -0.7038
vn -0.2597 -0.6267 -0.7347
vn -0.5080 -0.4966 -0.7038
vn -0.0001 0.7012 -0.7129
vn -0.7112 0.0119 -0.7029
vn -0.0023 -0.7082 -0.7060
vn 0.4892 -0.4998 -0.7148
vn 0.4892 -0.4998 -0.7147
vn -0.2423 0.6307 -0.7373
vn 0.0090 0.7009 -0.7132
vn -0.2423 0.6307 -0.7372
vn -0.2430 0.6304 -0.7372
vn -0.6178 0.2645 -0.7406
vn -0.2429 0.6288 -0.7387
vn -0.6288 0.2424 -0.7388
vn -0.6177 0.2645 -0.7406
vn -0.2649 0.6178 -0.7404
vn -0.2429 0.6288 -0.7386
vn 0.5423 0.5341 -0.6486
vn -0.4680 0.5209 -0.7139
vn 0.4762 0.4899 -0.7302
vn 0.2500 0.6149 -0.7479
vn 0.2462 0.6166 -0.7478
vn 0.2500 0.6149 -0.7480
vn 0.6262 -0.2699 -0.7314
vn 0.7187 -0.0002 -0.6953
vn 0.6291 -0.2637 -0.7313
vn 0.4869 -0.5106 -0.7087
vn 0.6262 -0.2700 -0.7314
vn 0.6290 -0.2638 -0.7313
vn 0.4863 -0.4863 -0.7260
vn 0.6211 -0.2691 -0.7361
vn 0.6225 -0.2613 -0.7377
vn 0.6225 -0.2657 -0.7361
vn 0.6234 -0.2591 -0.7377
vn -0.5216 -0.4859 -0.7013
vn -0.5216 -0.4860 -0.7012
vn -0.6307 0.2424 -0.7372
vn -0.5168 0.4776 -0.7105
vn -0.6307 0.2423 -0.7373
vn -0.6304 0.2431 -0.7372
vn -0.5168 0.4776 -0.7106
vn -0.6258 0.2477 -0.7396
vn -0.5085 0.4819 -0.7136
vn -0.6254 0.2487 -0.7396
vn -0.6258 0.2476 -0.7396
vn -0.6166 -0.2461 -0.7478
vn -0.6254 0.2486 -0.7396
vn -0.6149 -0.2499 -0.7479
vn 0.4920 0.4985 -0.7138
vn 0.6213 0.2639 -0.7378
vn 0.6212 0.2643 -0.7378
vn 0.6214 0.2639 -0.7378
vn 0.6212 0.2642 -0.7378
vn 0.6284 -0.2463 -0.7379
vn 0.6214 0.2638 -0.7378
vn 0.6275 -0.2484 -0.7379
vn 0.5044 -0.4866 -0.7134
vn 0.6283 -0.2464 -0.7379
vn 0.6275 -0.2485 -0.7379
vn 0.5044 -0.4866 -0.7133
vn 0.5028 0.4991 -0.7058
vn 0.5027 0.4990 -0.7058
vn 0.5038 -0.4889 -0.7121
vn 0.6268 0.2597 -0.7347
vn 0.4966 0.5080 -0.7038
vn 0.6237 0.2672 -0.7346
vn -0.7012 0.0001 -0.7129
vn -0.0119 0.7112 -0.7029
vn 0.7082 0.0023 -0.7060
vn 0.4998 -0.4892 -0.7147
vn 0.6225 -0.2658 -0.7361
vn 0.5017 -0.4991 -0.7065
vn 0.6211 -0.2692 -0.7361
vn 0.5017 -0.4991 -0.7066
vn -0.6307 0.2423 -0.7372
vn -0.7009 -0.0090 -0.7132
vn -0.6304 0.2430 -0.7372
vn 0.6281 -0.2512 -0.7365
vn 0.6268 0.2596 -0.7347
vn 0.6278 -0.2520 -0.7365
vn 0.6280 -0.2513 -0.7365
vn 0.6277 -0.2521 -0.7365
vn 0.6225 -0.2614 -0.7377
vn 0.6234 -0.2592 -0.7377
vn 0.6281 -0.2513 -0.7365
vn -0.6149 -0.2500 -0.7479
vn -0.4899 -0.4762 -0.7302
vn -0.6166 -0.2462 -0.7478
vn -0.5341 -0.5423 -0.6486
vn -0.5242 0.4732 -0.7080
vn -0.0029 0.7208 -0.6932
vn -0.2428 0.6288 -0.7387
vn -0.2648 0.6179 -0.7403
vn -0.0029 0.7208 -0.6931
vn 0.2699 -0.6262 -0.7314
vn 0.0002 -0.7187 -0.6953
vn 0.2637 -0.6291 -0.7313
vn 0.5106 -0.4869 -0.7087
vn 0.2700 -0.6262 -0.7314
vn 0.2638 -0.6290 -0.7313
vn 1.0000 0.0021 -0.0040
vn 1.0000 0.0035 -0.0047
vn 0.7061 0.0083 0.7081
vn 0.7107 0.0088 -0.7034
vn 0.9999 0.0108 -0.0084
vn 1.0000 0.0024 -0.0019
vn 1.0000 0.0020 -0.0004
vn 1.0000 0.0003 0.0033
vn 1.0000 0.0025 -0.0019
vn 1.0000 0.0019 -0.0004
vn 1.0000 -0.0002 0.0026
vn 0.7073 0.0053 -0.7069
vn 1.0000 -0.0038 -0.0002
vn 0.5473 -0.7096 -0.4437
vn 0.5474 -0.7096 -0.4437
vn 0.0043 -0.7112 -0.7030
vn 0.2782 -0.7450 -0.6063
vn 0.2868 -0.7450 -0.6022
vn 0.6377 -0.7338 -0.2343
vn 0.4039 -0.8167 0.4121
vn 0.6409 -0.7337 -0.2255
vn 0.4086 -0.8167 0.4074
vn 0.4087 -0.8167 0.4074
vn -0.7064 -0.7078 -0.0001
vn -0.0069 -0.7241 -0.6896
vn -0.5363 -0.7240 0.4338
vn -0.7004 -0.7138 -0.0026
vn -0.7004 -0.7137 -0.0026
vn 0.0024 -0.7067 -0.7075
vn 0.6944 -0.7194 -0.0159
vn 0.0073 -0.7159 -0.6982
vn 0.5245 -0.7169 -0.4593
vn 0.6320 -0.7391 -0.2328
vn 0.6320 -0.7391 -0.2330
vn 0.5245 -0.7166 -0.4597
vn 0.5245 -0.7166 -0.4598
vn 0.6320 -0.7392 -0.2328
vn -1.0000 -0.0002 0.0027
vn -1.0000 -0.0039 -0.0002
vn -1.0000 -0.0059 0.0019
vn -1.0000 -0.0012 0.0009
vn -1.0000 -0.0015 -0.0000
vn -1.0000 -0.0010 -0.0022
vn -1.0000 -0.0000 -0.0032
vn -1.0000 -0.0021 -0.0020
vn -0.7329 0.6383 -0.2356
vn -0.7030 0.7111 0.0031
vn -0.7329 0.6383 -0.2357
vn -0.7328 0.6383 -0.2355
vn -0.7031 0.7111 0.0031
vn -0.7071 0.5490 -0.4456
vn -0.7072 0.5490 -0.4456
vn -0.7366 0.6352 -0.2322
vn -0.7120 0.7021 0.0081
vn -0.7365 0.6379 -0.2250
vn -0.7120 0.7022 0.0081
vn -0.7078 -0.0002 0.7064
vn -0.7054 -0.7088 -0.0007
vn -0.7055 -0.7087 -0.0007
vn -0.7077 -0.5503 0.4431
vn -0.7077 -0.5502 0.4431
vn -0.7124 -0.7018 -0.0022
vn -0.7072 0.0026 -0.7070
vn -0.7130 0.7009 -0.0180
vn -0.6095 -0.6094 0.5071
vn -0.6093 -0.6093 0.5074
vn -0.7071 -0.7071 0.0082
vn -0.7071 -0.7071 0.0080
vn -0.7070 -0.7071 0.0086
vn -0.6132 -0.6132 0.4980
vn -0.6133 -0.6132 0.4978
vn 0.6994 -0.7146 0.0086
vn 0.6994 -0.7147 0.0086
vn 0.6320 -0.7392 -0.2329
vn 0.0106 -0.7123 0.7018
vn 0.0106 -0.7124 0.7017
vn -0.7165 0.5327 -0.4504
vn -0.7366 0.6352 -0.2323
vn -0.7365 0.6378 -0.2251
vn -0.7076 -0.0092 -0.7066
vn -1.0000 -0.0022 -0.0019
vn -1.0000 -0.0038 -0.0002
vn -0.6042 -0.6043 0.5194
vn -0.6042 -0.6042 0.5194
vn 0.6377 -0.7338 -0.2344
vn 0.2783 -0.7450 -0.6063
vn 0.2869 -0.7450 -0.6022
vn 0.6376 -0.7338 -0.2344
vn 0.6409 -0.7337 -0.2256
vn -0.7164 0.5251 -0.4593
vn -0.7329 0.6382 -0.2357
vn -0.7163 0.5251 -0.4595
vn -0.2512 -0.6281 -0.7365
vn 0.2596 -0.6268 -0.7347
vn -0.2520 -0.6278 -0.7365
vn 0.2672 -0.6237 -0.7346
vn -0.2513 -0.6281 -0.7365
vn -0.2614 -0.6225 -0.7377
vn -0.2592 -0.6234 -0.7377
vn -0.2521 -0.6278 -0.7365
vn -0.2613 -0.6225 -0.7377
vn -0.2612 -0.6225 -0.7377
vn -0.2691 -0.6211 -0.7361
vn -0.2591 -0.6234 -0.7377
vn -0.2657 -0.6225 -0.7361
vn -0.2658 -0.6225 -0.7361
vn -0.4991 -0.5017 -0.7065
vn -0.2692 -0.6211 -0.7361
vn -0.4991 -0.5017 -0.7066
vn -0.4859 0.5216 -0.7013
vn -0.4860 0.5216 -0.7013
vn 0.4776 0.5168 -0.7105
vn 0.2423 0.6306 -0.7373
vn 0.2431 0.6304 -0.7372
vn 0.4776 0.5168 -0.7106
vn 0.2424 0.6307 -0.7372
vn 0.4819 0.5085 -0.7136
vn 0.2477 0.6258 -0.7396
vn 0.2487 0.6254 -0.7396
vn 0.2476 0.6258 -0.7396
vn -0.2461 0.6166 -0.7478
vn 0.2486 0.6255 -0.7396
vn 0.2476 0.6259 -0.7396
vn -0.2499 0.6149 -0.7479
vn 0.2639 -0.6213 -0.7378
vn 0.4985 -0.4920 -0.7138
vn 0.2643 -0.6212 -0.7378
vn 0.2642 -0.6212 -0.7378
vn -0.2463 -0.6284 -0.7379
vn 0.2638 -0.6214 -0.7378
vn -0.2484 -0.6275 -0.7379
vn -0.4866 -0.5044 -0.7133
vn -0.2463 -0.6283 -0.7379
vn -0.2485 -0.6275 -0.7379
vn -0.2464 -0.6283 -0.7379
vn 0.4991 -0.5028 -0.7058
vn 0.4990 -0.5027 -0.7058
vn -0.4889 -0.5038 -0.7121
vn 0.7206 0.0019 -0.6934
vn 0.6288 0.2423 -0.7388
vn 0.6178 0.2644 -0.7406
vn 0.2597 -0.6267 -0.7347
vn 0.5080 -0.4966 -0.7038
vn 0.2597 -0.6268 -0.7347
vn 0.5079 -0.4966 -0.7038
vn 0.0001 0.7012 -0.7129
vn 0.7112 0.0119 -0.7029
vn 0.0023 -0.7082 -0.7060
vn -0.4892 -0.4998 -0.7147
vn -0.4892 -0.4998 -0.7148
vn 0.2423 0.6307 -0.7372
vn -0.0090 0.7009 -0.7132
vn 0.2430 0.6304 -0.7372
vn 0.2429 0.6288 -0.7387
vn 0.6178 0.2645 -0.7406
vn 0.6288 0.2424 -0.7388
vn 0.2429 0.6288 -0.7386
vn 0.2649 0.6178 -0.7404
vn 0.6177 0.2645 -0.7406
vn -0.5423 0.5341 -0.6486
vn 0.4680 0.5209 -0.7139
vn -0.4762 0.4899 -0.7302
vn -0.2500 0.6149 -0.7480
vn -0.2462 0.6166 -0.7478
vn -0.2500 0.6149 -0.7479
vn -0.6262 -0.2699 -0.7314
vn -0.7187 -0.0002 -0.6953
vn -0.6291 -0.2637 -0.7313
vn -0.6262 -0.2700 -0.7314
vn -0.4869 -0.5106 -0.7087
vn -0.6290 -0.2638 -0.7313
vn -0.4869 -0.5106 -0.7086
vn -0.4863 -0.4863 -0.7260
vn -0.6211 -0.2691 -0.7361
vn -0.6225 -0.2613 -0.7377
vn -0.6234 -0.2591 -0.7377
vn -0.6225 -0.2657 -0.7361
vn 0.5216 -0.4859 -0.7013
vn 0.5216 -0.4860 -0.7012
vn 0.6307 0.2423 -0.7373
vn 0.5168 0.4776 -0.7105
vn 0.6304 0.2431 -0.7373
vn 0.6307 0.2424 -0.7372
vn 0.5085 0.4819 -0.7136
vn 0.6258 0.2477 -0.7396
vn 0.6254 0.2486 -0.7396
vn 0.6166 -0.2461 -0.7478
vn 0.6258 0.2476 -0.7396
vn 0.6255 0.2486 -0.7396
vn 0.6149 -0.2499 -0.7479
vn 0.6259 0.2476 -0.7396
vn -0.6213 0.2639 -0.7378
vn -0.4920 0.4985 -0.7138
vn -0.6212 0.2643 -0.7378
vn -0.6284 -0.2463 -0.7379
vn -0.6212 0.2642 -0.7378
vn -0.6214 0.2638 -0.7378
vn -0.6275 -0.2485 -0.7379
vn -0.6283 -0.2464 -0.7379
vn -0.5043 -0.4866 -0.7134
vn -0.6284 -0.2464 -0.7379
vn -0.5044 -0.4866 -0.7133
vn -0.5028 0.4991 -0.7058
vn -0.5027 0.4990 -0.7058
vn -0.5038 -0.4889 -0.7121
vn -0.6268 0.2597 -0.7347
vn -0.4966 0.5080 -0.7038
vn -0.6237 0.2672 -0.7346
vn -0.6267 0.2597 -0.7347
vn 0.7012 0.0001 -0.7129
vn 0.0119 0.7112 -0.7029
vn -0.7082 0.0023 -0.7060
vn -0.4998 -0.4892 -0.7147
vn -0.6225 -0.2658 -0.7361
vn -0.5017 -0.4991 -0.7065
vn -0.5017 -0.4991 -0.7066
vn -0.6211 -0.2692 -0.7361
vn 0.7009 -0.0090 -0.7132
vn 0.6307 0.2423 -0.7372
vn 0.6304 0.2430 -0.7372
vn -0.6281 -0.2512 -0.7365
vn -0.6268 0.2596 -0.7347
vn -0.6278 -0.2520 -0.7365
vn -0.6281 -0.2513 -0.7365
vn -0.6277 -0.2521 -0.7365
vn -0.6234 -0.2592 -0.7377
vn -0.6225 -0.2614 -0.7377
vn 0.6149 -0.2500 -0.7480
vn 0.4899 -0.4762 -0.7302
vn 0.6149 -0.2500 -0.7479
vn 0.6166 -0.2462 -0.7478
vn 0.5341 -0.5423 -0.6486
vn 0.5242 0.4732 -0.7080
vn 0.0029 0.7208 -0.6931
vn 0.0029 0.7208 -0.6932
vn 0.2648 0.6179 -0.7404
vn -0.2699 -0.6262 -0.7314
vn -0.0002 -0.7187 -0.6953
vn -0.2637 -0.6291 -0.7313
vn -0.2700 -0.6262 -0.7314
vn -0.5106 -0.4869 -0.7087
vn -0.2638 -0.6290 -0.7313
vn -1.0000 0.0021 -0.0040
vn -1.0000 0.0035 -0.0047
vn -0.7061 0.0083 0.7081
vn -0.7107 0.0088 -0.7034
vn -0.9999 0.0108 -0.0084
vn -1.0000 0.0020 -0.0004
vn -1.0000 0.0024 -0.0019
vn -1.0000 0.0003 0.0033
vn -1.0000 0.0025 -0.0019
vn -1.0000 0.0019 -0.0004
vn -1.0000 -0.0002 0.0026
vn -0.7073 0.0053 -0.7069
vn -1.0000 -0.0021 -0.0019
vn 0.5474 0.7096 -0.4437
vn 0.5473 0.7096 -0.4437
vn 0.0043 0.7112 -0.7030
vn 0.2782 0.7450 -0.6063
vn 0.2868 0.7450 -0.6022
vn 0.6377 0.7338 -0.2343
vn 0.4039 0.8167 0.4121
vn 0.4086 0.8167 0.4074
vn 0.6409 0.7337 -0.2255
vn 0.4087 0.8167 0.4074
vn -0.7063 0.7079 -0.0001
vn -0.7064 0.7078 -0.0001
vn -0.0068 0.7241 -0.6896
vn -0.0069 0.7241 -0.6896
vn -0.5363 0.7240 0.4338
vn -0.7004 0.7137 -0.0026
vn -0.7004 0.7138 -0.0026
vn 0.0024 0.7067 -0.7075
vn 0.6944 0.7194 -0.0159
vn 0.6943 0.7195 -0.0159
vn 0.0073 0.7158 -0.6982
vn 0.0073 0.7159 -0.6982
vn 0.5245 0.7169 -0.4593
vn 0.6320 0.7391 -0.2328
vn 0.5245 0.7168 -0.4594
vn 0.6320 0.7392 -0.2330
vn 0.6320 0.7392 -0.2328
vn -1.0000 0.0038 -0.0002
vn -1.0000 0.0002 0.0027
vn -1.0000 0.0060 0.0018
vn -1.0000 0.0012 0.0009
vn -1.0000 0.0015 -0.0000
vn -1.0000 0.0010 -0.0022
vn -1.0000 0.0021 -0.0020
vn -0.7329 -0.6383 -0.2357
vn -0.7030 -0.7111 0.0031
vn -0.7329 -0.6383 -0.2355
vn -0.7328 -0.6383 -0.2357
vn -0.7031 -0.7111 0.0031
vn -0.7072 -0.5490 -0.4456
vn -0.7071 -0.5490 -0.4456
vn -0.7120 -0.7021 0.0081
vn -0.7366 -0.6352 -0.2322
vn -0.7120 -0.7022 0.0081
vn -0.7365 -0.6379 -0.2250
vn -0.7078 0.0002 0.7064
vn -0.7054 0.7088 -0.0007
vn -0.7055 0.7087 -0.0007
vn -0.7077 0.5502 0.4431
vn -0.7077 0.5503 0.4431
vn -0.7124 0.7018 -0.0022
vn -0.7072 -0.0026 -0.7070
vn -0.7130 -0.7009 -0.0180
vn -0.6093 0.6093 0.5074
vn -0.6095 0.6094 0.5070
vn -0.7071 0.7071 0.0082
vn -0.7071 0.7071 0.0083
vn -0.7071 0.7071 0.0081
vn -0.7070 0.7071 0.0086
vn -0.6132 0.6132 0.4980
vn -0.6133 0.6132 0.4978
vn 0.6321 0.7391 -0.2328
vn 0.6994 0.7146 0.0086
vn 0.6994 0.7147 0.0086
vn 0.6320 0.7392 -0.2329
vn 0.0106 0.7124 0.7017
vn -0.7366 -0.6352 -0.2323
vn -0.7165 -0.5327 -0.4504
vn -0.7365 -0.6378 -0.2251
vn -0.7076 0.0092 -0.7066
vn -1.0000 0.0022 -0.0019
vn -0.6042 0.6043 0.5194
vn -0.6042 0.6042 0.5194
vn 0.2783 0.7450 -0.6063
vn 0.6376 0.7338 -0.2344
vn 0.2869 0.7450 -0.6022
vn 0.6409 0.7337 -0.2256
vn 0.6377 0.7338 -0.2344
vn -0.7329 -0.6382 -0.2357
vn -0.7164 -0.5251 -0.4593
vn -0.7328 -0.6383 -0.2356
vn -0.7165 -0.5251 -0.4592
vn 0.2596 0.6268 -0.7347
vn -0.2512 0.6281 -0.7365
vn -0.2520 0.6278 -0.7365
vn 0.2672 0.6237 -0.7346
vn -0.2513 0.6280 -0.7365
vn -0.2613 0.6225 -0.7377
vn -0.2521 0.6277 -0.7365
vn -0.2592 0.6234 -0.7377
vn -0.2614 0.6225 -0.7377
vn -0.2691 0.6211 -0.7361
vn -0.2657 0.6225 -0.7361
vn -0.2591 0.6234 -0.7377
vn -0.2658 0.6225 -0.7361
vn -0.4991 0.5017 -0.7066
vn -0.2692 0.6211 -0.7361
vn -0.4991 0.5017 -0.7065
vn -0.4859 -0.5216 -0.7013
vn 0.4776 -0.5168 -0.7105
vn 0.2424 -0.6307 -0.7372
vn 0.2431 -0.6304 -0.7373
vn 0.2423 -0.6307 -0.7373
vn 0.2477 -0.6258 -0.7396
vn 0.4819 -0.5085 -0.7136
vn 0.2487 -0.6254 -0.7396
vn 0.2476 -0.6258 -0.7396
vn -0.2461 -0.6166 -0.7478
vn -0.2499 -0.6149 -0.7479
vn 0.2486 -0.6255 -0.7396
vn 0.4985 0.4920 -0.7138
vn 0.2639 0.6213 -0.7378
vn 0.2643 0.6212 -0.7378
vn 0.2642 0.6212 -0.7378
vn -0.2463 0.6284 -0.7379
vn -0.2485 0.6275 -0.7379
vn 0.2638 0.6214 -0.7378
vn -0.4866 0.5043 -0.7134
vn -0.2464 0.6284 -0.7379
vn -0.4866 0.5044 -0.7133
vn -0.2485 0.6274 -0.7379
vn -0.2463 0.6283 -0.7379
vn 0.4990 0.5027 -0.7058
vn 0.4990 0.5028 -0.7058
vn 0.4991 0.5028 -0.7058
vn -0.4889 0.5038 -0.7121
vn 0.6288 -0.2423 -0.7388
vn 0.7206 -0.0019 -0.6934
vn 0.6178 -0.2644 -0.7405
vn 0.2597 0.6268 -0.7347
vn 0.5080 0.4966 -0.7038
vn 0.2597 0.6267 -0.7347
vn 0.5079 0.4966 -0.7038
vn 0.0001 -0.7012 -0.7129
vn 0.7112 -0.0119 -0.7029
vn 0.0023 0.7082 -0.7060
vn -0.4892 0.4998 -0.7147
vn -0.4892 0.4998 -0.7148
vn -0.0090 -0.7009 -0.7132
vn 0.2423 -0.6307 -0.7372
vn 0.2430 -0.6304 -0.7372
vn 0.6177 -0.2645 -0.7406
vn 0.2429 -0.6288 -0.7387
vn 0.6288 -0.2424 -0.7389
vn 0.2649 -0.6178 -0.7404
vn 0.2429 -0.6288 -0.7386
vn -0.5423 -0.5341 -0.6486
vn 0.4680 -0.5209 -0.7139
vn -0.4762 -0.4899 -0.7302
vn -0.2500 -0.6149 -0.7479
vn -0.2462 -0.6166 -0.7478
vn -0.2500 -0.6149 -0.7480
vn -0.6262 0.2699 -0.7314
vn -0.7187 0.0002 -0.6954
vn -0.6291 0.2637 -0.7313
vn -0.4869 0.5106 -0.7087
vn -0.6262 0.2700 -0.7314
vn -0.4869 0.5106 -0.7086
vn -0.6290 0.2638 -0.7313
vn -0.4863 0.4863 -0.7260
vn -0.6211 0.2691 -0.7361
vn -0.6225 0.2613 -0.7377
vn -0.6225 0.2657 -0.7361
vn -0.6234 0.2591 -0.7377
vn 0.5216 0.4859 -0.7014
vn 0.5216 0.4859 -0.7013
vn 0.5216 0.4860 -0.7012
vn 0.6307 -0.2424 -0.7372
vn 0.5168 -0.4776 -0.7106
vn 0.6307 -0.2423 -0.7373
vn 0.6304 -0.2431 -0.7372
vn 0.5168 -0.4776 -0.7105
vn 0.6258 -0.2477 -0.7396
vn 0.5085 -0.4819 -0.7136
vn 0.6254 -0.2487 -0.7396
vn 0.6258 -0.2476 -0.7396
vn 0.6166 0.2461 -0.7478
vn 0.6255 -0.2486 -0.7396
vn 0.6259 -0.2476 -0.7396
vn 0.6149 0.2499 -0.7479
vn -0.4920 -0.4985 -0.7138
vn -0.6213 -0.2639 -0.7378
vn -0.6212 -0.2643 -0.7378
vn -0.6214 -0.2639 -0.7378
vn -0.6212 -0.2642 -0.7378
vn -0.6284 0.2463 -0.7379
vn -0.6214 -0.2638 -0.7378
vn -0.6275 0.2484 -0.7379
vn -0.5043 0.4866 -0.7134
vn -0.6283 0.2463 -0.7379
vn -0.6275 0.2485 -0.7379
vn -0.5044 0.4866 -0.7133
vn -0.6283 0.2464 -0.7379
vn -0.5028 -0.4991 -0.7058
vn -0.5028 -0.4990 -0.7058
vn -0.5038 0.4889 -0.7121
vn -0.6268 -0.2597 -0.7347
vn -0.4966 -0.5079 -0.7038
vn -0.6237 -0.2672 -0.7346
vn -0.4966 -0.5080 -0.7038
vn 0.7012 -0.0001 -0.7129
vn 0.0119 -0.7112 -0.7029
vn -0.7082 -0.0023 -0.7060
vn -0.4998 0.4892 -0.7147
vn -0.5017 0.4991 -0.7065
vn -0.6211 0.2692 -0.7361
vn -0.6225 0.2658 -0.7361
vn -0.5017 0.4991 -0.7066
vn 0.6307 -0.2423 -0.7372
vn 0.7009 0.0090 -0.7132
vn 0.6304 -0.2430 -0.7373
vn -0.6281 0.2512 -0.7365
vn -0.6268 -0.2596 -0.7347
vn -0.6278 0.2520 -0.7365
vn -0.6280 0.2513 -0.7365
vn -0.6277 0.2521 -0.7365
vn -0.6225 0.2614 -0.7377
vn -0.6234 0.2592 -0.7377
vn -0.6281 0.2513 -0.7365
vn 0.6149 0.2500 -0.7479
vn 0.4899 0.4762 -0.7302
vn 0.6166 0.2462 -0.7478
vn 0.5341 0.5423 -0.6486
vn 0.5242 -0.4732 -0.7080
vn 0.0029 -0.7208 -0.6931
vn 0.2648 -0.6179 -0.7403
vn 0.2429 -0.6289 -0.7386
vn -0.2699 0.6262 -0.7314
vn -0.0002 0.7187 -0.6953
vn -0.2637 0.6291 -0.7313
vn -0.5106 0.4869 -0.7087
vn -0.2700 0.6262 -0.7314
vn -0.2638 0.6290 -0.7313
vn -1.0000 -0.0021 -0.0040
vn -1.0000 -0.0035 -0.0047
vn -1.0000 0.0039 -0.0002
vn -0.7061 -0.0083 0.7081
vn -0.7108 -0.0088 -0.7034
vn -0.7107 -0.0088 -0.7034
vn -0.9999 -0.0108 -0.0084
vn -1.0000 -0.0024 -0.0018
vn -1.0000 -0.0019 -0.0003
vn -1.0000 -0.0003 0.0033
vn -1.0000 -0.0025 -0.0019
vn -1.0000 -0.0020 -0.0004
vn -1.0000 -0.0019 -0.0004
vn -1.0000 0.0002 0.0026
vn -0.7073 -0.0053 -0.7069
vn -1.0000 0.0059 0.0019
vn -1.0000 0.0021 -0.0019
vt 0.369318 0.544312
vt 0.376089 0.545260
vt 0.369318 0.545260
vt 0.376089 0.544312
vt 0.494269 0.572894
vt 0.487298 0.569633
vt 0.494293 0.569633
vt 0.487161 0.572894
vt 0.480489 0.572018
vt 0.480738 0.569633
vt 0.476785 0.590188
vt 0.484515 0.587881
vt 0.488510 0.590188
vt 0.467878 0.587881
vt 0.476657 0.587881
vt 0.472431 0.591139
vt 0.460637 0.591139
vt 0.460608 0.587881
vt 0.467914 0.591139
vt 0.453139 0.587881
vt 0.453162 0.591139
vt 0.445508 0.591139
vt 0.445495 0.587881
vt 0.437817 0.587881
vt 0.437830 0.591139
vt 0.430312 0.591139
vt 0.430299 0.587881
vt 0.423020 0.587881
vt 0.422955 0.591139
vt 0.418018 0.587881
vt 0.417627 0.591139
vt 0.509329 0.572894
vt 0.512857 0.569633
vt 0.514822 0.572894
vt 0.508646 0.569633
vt 0.501684 0.572894
vt 0.501694 0.569633
vt 0.468692 0.572018
vt 0.468650 0.569633
vt 0.474361 0.569633
vt 0.480258 0.637755
vt 0.477118 0.646372
vt 0.472252 0.646372
vt 0.484549 0.646372
vt 0.482244 0.638414
vt 0.486723 0.638394
vt 0.491930 0.646372
vt 0.496762 0.646372
vt 0.488680 0.637721
vt 0.386709 0.532509
vt 0.379361 0.531713
vt 0.386709 0.531713
vt 0.379361 0.532509
vt 0.648537 0.508203
vt 0.641313 0.507206
vt 0.648537 0.507206
vt 0.641313 0.508203
vt 0.383260 0.545260
vt 0.383260 0.544312
vt 0.619208 0.508203
vt 0.612128 0.507206
vt 0.619208 0.507206
vt 0.612128 0.508203
vt 0.626483 0.508203
vt 0.626483 0.507206
vt 0.523149 0.635640
vt 0.523967 0.634589
vt 0.524065 0.635590
vt 0.522732 0.634589
vt 0.521731 0.637237
vt 0.517673 0.634589
vt 0.515452 0.637237
vt 0.515109 0.634589
vt 0.517607 0.637237
vt 0.519793 0.637237
vt 0.520231 0.634589
vt 0.512218 0.635730
vt 0.511345 0.634589
vt 0.512584 0.634589
vt 0.511246 0.635682
vt 0.480307 0.572894
vt 0.371987 0.531713
vt 0.367260 0.532509
vt 0.367260 0.531713
vt 0.371987 0.532509
vt 0.391402 0.532509
vt 0.391402 0.531713
vt 0.476980 0.591139
vt 0.362975 0.545260
vt 0.362975 0.544312
vt 0.356810 0.545260
vt 0.356810 0.544312
vt 0.655557 0.508203
vt 0.664108 0.507206
vt 0.664108 0.508203
vt 0.655557 0.507206
vt 0.390017 0.544312
vt 0.390017 0.545260
vt 0.607214 0.508203
vt 0.607214 0.507206
vt 0.671737 0.507206
vt 0.671737 0.508203
vt 0.633912 0.508203
vt 0.633912 0.507206
vt 0.513502 0.637237
vt 0.488656 0.587951
vt 0.387336 0.512302
vt 0.389685 0.509365
vt 0.390695 0.512302
vt 0.515414 0.651518
vt 0.517758 0.652603
vt 0.515497 0.654927
vt 0.517795 0.651609
vt 0.390695 0.509326
vt 0.394098 0.545260
vt 0.394098 0.544312
vt 0.351130 0.544312
vt 0.351130 0.545260
vt 0.491612 0.659424
vt 0.499099 0.659424
vt 0.499099 0.666908
vt 0.675828 0.507206
vt 0.675828 0.508203
vt 0.491611 0.660611
vt 0.497916 0.666908
vt 0.492347 0.662868
vt 0.495662 0.666177
vt 0.493741 0.664785
vt 0.568773 0.608796
vt 0.558929 0.601208
vt 0.568858 0.601890
vt 0.564957 0.593020
vt 0.554884 0.591917
vt 0.560904 0.584542
vt 0.548813 0.599105
vt 0.551769 0.608600
vt 0.542477 0.606290
vt 0.550158 0.582522
vt 0.556843 0.576153
vt 0.544049 0.589242
vt 0.538520 0.596405
vt 0.533640 0.604044
vt 0.553617 0.613303
vt 0.544251 0.613303
vt 0.534327 0.613303
vt 0.596633 0.579159
vt 0.597719 0.583953
vt 0.590741 0.585695
vt 0.582055 0.601101
vt 0.574735 0.605970
vt 0.575429 0.594300
vt 0.586234 0.594506
vt 0.580671 0.585555
vt 0.570787 0.585107
vt 0.584869 0.575767
vt 0.575496 0.575380
vt 0.566210 0.575439
vt 0.548267 0.571775
vt 0.558894 0.567017
vt 0.552468 0.564449
vt 0.560871 0.561564
vt 0.544457 0.568590
vt 0.525029 0.607940
vt 0.527729 0.596656
vt 0.518189 0.600531
vt 0.521968 0.589143
vt 0.527450 0.585408
vt 0.532903 0.587359
vt 0.531500 0.579955
vt 0.539910 0.578899
vt 0.537407 0.573741
vt 0.569567 0.565514
vt 0.577269 0.559679
vt 0.569151 0.559973
vt 0.580325 0.565473
vt 0.587298 0.560567
vt 0.582430 0.559916
vt 0.590157 0.564638
vt 0.594130 0.571573
vt 0.588320 0.595673
vt 0.593432 0.589820
vt 0.524977 0.613303
vt 0.516448 0.613303
vt 0.562559 0.613303
vt 0.568880 0.613303
vt 0.524016 0.584299
vt 0.484472 0.638720
vt 1.376089 0.545260
vt 1.369318 0.544312
vt 1.369318 0.545260
vt 1.376089 0.544312
vt 1.487298 0.569633
vt 1.494269 0.572894
vt 1.494293 0.569633
vt 1.487161 0.572894
vt 1.480738 0.569633
vt 1.480489 0.572018
vt 1.484515 0.587881
vt 1.476785 0.590188
vt 1.488510 0.590188
vt 1.476657 0.587881
vt 1.467878 0.587881
vt 1.472431 0.591139
vt 1.460637 0.591139
vt 1.460608 0.587881
vt 1.467914 0.591139
vt 1.453139 0.587881
vt 1.453162 0.591139
vt 1.445508 0.591139
vt 1.445495 0.587881
vt 1.437817 0.587881
vt 1.437830 0.591139
vt 1.430312 0.591139
vt 1.430299 0.587881
vt 1.423020 0.587881
vt 1.422955 0.591139
vt 1.418018 0.587881
vt 1.417627 0.591139
vt 1.512857 0.569633
vt 1.509329 0.572894
vt 1.514822 0.572894
vt 1.501684 0.572894
vt 1.508646 0.569633
vt 1.501694 0.569633
vt 1.468650 0.569633
vt 1.468692 0.572018
vt 1.474361 0.569633
vt 1.477118 0.646372
vt 1.480258 0.637755
vt 1.472252 0.646372
vt 1.484549 0.646372
vt 1.482244 0.638414
vt 1.491930 0.646372
vt 1.486723 0.638394
vt 1.496762 0.646372
vt 1.488680 0.637721
vt 1.379361 0.531713
vt 1.386709 0.532509
vt 1.386709 0.531713
vt 1.379361 0.532509
vt 1.641313 0.507206
vt 1.648537 0.508203
vt 1.648537 0.507206
vt 1.641313 0.508203
vt 1.383260 0.545260
vt 1.383260 0.544312
vt 1.612128 0.507206
vt 1.619208 0.508203
vt 1.619208 0.507206
vt 1.612128 0.508203
vt 1.626483 0.508203
vt 1.626483 0.507206
vt 1.523149 0.635640
vt 1.523967 0.634589
vt 1.522732 0.634589
vt 1.524065 0.635590
vt 1.521731 0.637237
vt 1.515452 0.637237
vt 1.517673 0.634589
vt 1.515109 0.634589
vt 1.517607 0.637237
vt 1.519793 0.637237
vt 1.520231 0.634589
vt 1.512218 0.635730
vt 1.511345 0.634589
vt 1.511246 0.635682
vt 1.512584 0.634589
vt 1.480307 0.572894
vt 1.371987 0.531713
vt 1.367260 0.532509
vt 1.371987 0.532509
vt 1.367260 0.531713
vt 1.391402 0.532509
vt 1.391402 0.531713
vt 1.476980 0.591139
vt 1.362975 0.545260
vt 1.362975 0.544312
vt 1.356810 0.545260
vt 1.356810 0.544312
vt 1.664108 0.507206
vt 1.655557 0.508203
vt 1.664108 0.508203
vt 1.655557 0.507206
vt 1.390017 0.544312
vt 1.390017 0.545260
vt 1.607214 0.508203
vt 1.607214 0.507206
vt 1.671737 0.507206
vt 1.671737 0.508203
vt 1.633912 0.508203
vt 1.633912 0.507206
vt 1.513502 0.637237
vt 1.488656 0.587951
vt 1.389685 0.509365
vt 1.387336 0.512302
vt 1.390695 0.512302
vt 1.515414 0.651518
vt 1.517758 0.652603
vt 1.517795 0.651609
vt 1.515497 0.654927
vt 1.390695 0.509326
vt 1.394098 0.545260
vt 1.394098 0.544312
vt 1.351130 0.544312
vt 1.351130 0.545260
vt 1.499099 0.659424
vt 1.491612 0.659424
vt 1.499099 0.666908
vt 1.675828 0.507206
vt 1.675828 0.508203
vt 1.491611 0.660611
vt 1.497916 0.666908
vt 1.492347 0.662868
vt 1.495662 0.666177
vt 1.493741 0.664785
vt 1.558929 0.601208
vt 1.568773 0.608796
vt 1.568858 0.601890
vt 1.564957 0.593020
vt 1.560904 0.584542
vt 1.554884 0.591917
vt 1.548813 0.599105
vt 1.551769 0.608600
vt 1.542477 0.606290
vt 1.556843 0.576153
vt 1.550158 0.582522
vt 1.544049 0.589242
vt 1.538520 0.596405
vt 1.533640 0.604044
vt 1.544251 0.613303
vt 1.553617 0.613303
vt 1.534327 0.613303
vt 1.597719 0.583953
vt 1.596633 0.579159
vt 1.590741 0.585695
vt 1.582055 0.601101
vt 1.574735 0.605970
vt 1.586234 0.594506
vt 1.575429 0.594300
vt 1.580671 0.585555
vt 1.570787 0.585107
vt 1.584869 0.575767
vt 1.575496 0.575380
vt 1.566210 0.575439
vt 1.558894 0.567017
vt 1.548267 0.571775
vt 1.560871 0.561564
vt 1.552468 0.564449
vt 1.544457 0.568590
vt 1.527729 0.596656
vt 1.525029 0.607940
vt 1.521968 0.589143
vt 1.518189 0.600531
vt 1.527450 0.585408
vt 1.531500 0.579955
vt 1.532903 0.587359
vt 1.539910 0.578899
vt 1.537407 0.573741
vt 1.569567 0.565514
vt 1.577269 0.559679
vt 1.569151 0.559973
vt 1.580325 0.565473
vt 1.587298 0.560567
vt 1.582430 0.559916
vt 1.590157 0.564638
vt 1.594130 0.571573
vt 1.588320 0.595673
vt 1.593432 0.589820
vt 1.524977 0.613303
vt 1.516448 0.613303
vt 1.562559 0.613303
vt 1.568880 0.613303
vt 1.524016 0.584299
vt 1.484472 0.638720
vt 0.751308 0.588817
vt 0.744777 0.583262
vt 0.632192 0.588817
vt 0.939745 0.330889
vt 0.928487 0.324196
vt 0.928487 0.330889
vt 0.939745 0.324196
vt 0.909413 0.844319
vt 0.898190 0.850728
vt 0.909416 0.850728
vt 0.898190 0.844319
vt 0.615235 0.710940
vt 0.615235 0.577435
vt 0.921518 0.850728
vt 0.921518 0.844319
vt 0.964577 0.817026
vt 0.952853 0.819939
vt 0.964577 0.819939
vt 0.952853 0.817026
vt 0.950927 0.330889
vt 0.950927 0.324196
vt 0.885845 0.053343
vt 0.877479 0.044579
vt 0.883736 0.054377
vt 0.878212 0.040621
vt 0.829159 0.040608
vt 0.811326 0.022296
vt 0.794178 0.022290
vt 0.829214 0.050619
vt 0.811778 0.058004
vt 0.820451 0.059297
vt 0.811960 0.157019
vt 0.823383 0.137431
vt 0.807967 0.152918
vt 0.830658 0.143611
vt 0.100758 0.846508
vt 0.107856 0.829257
vt 0.100643 0.836472
vt 0.589299 0.777257
vt 0.565195 0.774565
vt 0.565989 0.777257
vt 0.590564 0.774565
vt 0.860578 0.151326
vt 0.849581 0.154037
vt 0.859779 0.154037
vt 0.848761 0.151326
vt 0.033870 0.766698
vt 0.024649 0.763952
vt 0.023841 0.766698
vt 0.034663 0.763952
vt 0.173029 0.376984
vt 0.159840 0.374237
vt 0.158800 0.376984
vt 0.172168 0.374237
vt 0.980364 0.069441
vt 0.972541 0.072186
vt 0.981325 0.072186
vt 0.971589 0.069441
vt 0.763100 0.577109
vt 0.748678 0.574401
vt 0.749477 0.577109
vt 0.764090 0.574401
vt 0.504184 0.967149
vt 0.483309 0.969852
vt 0.506057 0.969852
vt 0.484113 0.967149
vt 0.841509 0.050917
vt 0.836631 0.048212
vt 0.837445 0.050917
vt 0.843365 0.048212
vt 0.813651 0.351491
vt 0.735055 0.354176
vt 0.812848 0.354176
vt 0.733515 0.351491
vt 0.408259 0.193786
vt 0.398018 0.196603
vt 0.408268 0.196603
vt 0.397776 0.193786
vt 0.352364 0.701456
vt 0.321056 0.698746
vt 0.321853 0.701456
vt 0.353312 0.698746
vt 0.634931 0.020598
vt 0.601589 0.017883
vt 0.602382 0.020598
vt 0.635729 0.017883
vt 0.561415 0.157392
vt 0.578058 0.160117
vt 0.579962 0.157392
vt 0.560645 0.160117
vt 0.123501 0.447025
vt 0.098407 0.449730
vt 0.125402 0.449730
vt 0.098417 0.447025
vt 0.089802 0.449730
vt 0.089806 0.447025
vt 0.051514 0.449730
vt 0.049620 0.447025
vt 0.018335 0.889416
vt 0.026732 0.886779
vt 0.016259 0.886779
vt 0.026464 0.889416
vt 0.552711 0.892585
vt 0.548853 0.889811
vt 0.546998 0.892585
vt 0.554581 0.889811
vt 0.354414 0.343571
vt 0.378113 0.340876
vt 0.356238 0.340876
vt 0.380098 0.343571
vt 0.993272 0.942885
vt 0.985463 0.945627
vt 0.995029 0.945627
vt 0.983721 0.942885
vt 0.410914 0.756370
vt 0.426304 0.759057
vt 0.424447 0.756370
vt 0.409005 0.759057
vt 0.088563 0.474319
vt 0.094865 0.477111
vt 0.098485 0.474319
vt 0.088412 0.477111
vt 0.079271 0.477111
vt 0.076915 0.474319
vt 0.587366 0.740877
vt 0.572777 0.738173
vt 0.573611 0.740877
vt 0.589752 0.738173
vt 0.710915 0.017883
vt 0.706511 0.020595
vt 0.710044 0.020595
vt 0.704703 0.017883
vt 0.884257 0.102473
vt 0.904061 0.099769
vt 0.880604 0.099769
vt 0.902216 0.102473
vt 0.421216 0.193786
vt 0.421225 0.196603
vt 0.794170 0.213149
vt 0.819661 0.174805
vt 0.804576 0.164477
vt 0.076510 0.884980
vt 0.090688 0.856573
vt 0.072366 0.864830
vt 0.866011 0.013358
vt 0.811330 0.013334
vt 0.866151 0.607397
vt 0.862332 0.618099
vt 0.994395 0.598663
vt 0.800934 0.123740
vt 0.801006 0.091616
vt 0.867563 0.598663
vt 0.856562 0.629181
vt 0.994395 0.789511
vt 0.962153 0.324196
vt 0.962153 0.330889
vt 0.982205 0.850728
vt 0.970340 0.844319
vt 0.970340 0.850723
vt 0.982205 0.844319
vt 0.894254 0.817026
vt 0.906156 0.819939
vt 0.906156 0.817026
vt 0.894254 0.819939
vt 0.994596 0.850728
vt 0.994596 0.844322
vt 0.929378 0.819939
vt 0.941110 0.817026
vt 0.929378 0.817026
vt 0.941110 0.819939
vt 0.917679 0.817026
vt 0.917679 0.819939
vt 0.973237 0.330889
vt 0.973237 0.324196
vt 0.945834 0.850728
vt 0.933610 0.844319
vt 0.933610 0.850723
vt 0.945834 0.844319
vt 0.952757 0.120930
vt 0.963419 0.130667
vt 0.967532 0.130019
vt 0.953644 0.124429
vt 0.994641 0.142188
vt 0.980311 0.136529
vt 0.975724 0.145392
vt 0.890667 0.200251
vt 0.916288 0.207048
vt 0.916148 0.200331
vt 0.884168 0.207099
vt 0.945321 0.118982
vt 0.941268 0.112922
vt 0.972836 0.143812
vt 0.972838 0.143812
vt 0.932447 0.118182
vt 0.945294 0.142489
vt 0.995467 0.458609
vt 0.978118 0.465678
vt 0.988241 0.465808
vt 0.235982 0.932272
vt 0.211875 0.934951
vt 0.237137 0.934951
vt 0.212667 0.932272
vt 0.004127 0.741204
vt 0.015127 0.743916
vt 0.015947 0.741204
vt 0.004926 0.743916
vt 0.173245 0.430054
vt 0.182587 0.427311
vt 0.172447 0.427311
vt 0.183375 0.430054
vt 0.786035 0.686614
vt 0.772940 0.689338
vt 0.787045 0.689338
vt 0.773832 0.686614
vt 0.577562 0.104319
vt 0.563149 0.107028
vt 0.576765 0.107028
vt 0.562161 0.104319
vt 0.123561 0.781808
vt 0.102692 0.779115
vt 0.103496 0.781808
vt 0.125432 0.779115
vt 0.081768 0.894043
vt 0.086669 0.891327
vt 0.079948 0.891327
vt 0.085835 0.894043
vt 0.434192 0.193786
vt 0.444700 0.196603
vt 0.445172 0.193786
vt 0.434183 0.196603
vt 0.044216 0.835222
vt 0.027668 0.837912
vt 0.046058 0.837912
vt 0.026873 0.835222
vt 0.355179 0.313580
vt 0.379873 0.316269
vt 0.381711 0.313580
vt 0.354414 0.316269
vt 0.985235 0.556204
vt 0.993870 0.558916
vt 0.994697 0.556204
vt 0.985976 0.558916
vt 0.154250 0.597148
vt 0.192969 0.599846
vt 0.194850 0.597148
vt 0.155077 0.599846
vt 0.951632 0.455736
vt 0.943171 0.453090
vt 0.943435 0.455736
vt 0.953733 0.453090
vt 0.880288 0.174072
vt 0.876459 0.176831
vt 0.882152 0.176831
vt 0.874539 0.174072
vt 0.532278 0.939853
vt 0.555968 0.942543
vt 0.554152 0.939853
vt 0.530317 0.942543
vt 0.752170 0.651435
vt 0.744382 0.648706
vt 0.742613 0.651435
vt 0.753912 0.648706
vt 0.066300 0.684776
vt 0.081753 0.682066
vt 0.068213 0.682066
vt 0.083695 0.684776
vt 0.644047 0.066408
vt 0.661216 0.069101
vt 0.663106 0.066408
vt 0.645934 0.069101
vt 0.561281 0.977527
vt 0.567596 0.974730
vt 0.557612 0.974730
vt 0.567744 0.977527
vt 0.576865 0.977527
vt 0.579232 0.974730
vt 0.618559 0.036081
vt 0.603981 0.038785
vt 0.617724 0.038785
vt 0.601589 0.036081
vt 0.069177 0.827316
vt 0.064783 0.824607
vt 0.065642 0.827316
vt 0.070995 0.824607
vt 0.215591 0.889811
vt 0.235385 0.892549
vt 0.233539 0.889858
vt 0.211875 0.892533
vt 0.994574 0.213431
vt 0.939018 0.207240
vt 0.843575 0.207023
vt 0.843436 0.203424
vt 0.833137 0.188317
vt 0.975710 0.170663
vt 0.700717 0.479463
vt 0.710663 0.500137
vt 0.716216 0.494585
vt 0.682307 0.497873
vt 0.672733 0.499327
vt 0.672805 0.500322
vt 0.678246 0.493809
vt 0.543853 0.900095
vt 0.454921 0.897395
vt 0.452982 0.900095
vt 0.545744 0.897395
vt 0.949913 0.196354
vt 0.967335 0.178999
vt 0.603362 0.631502
vt 0.544463 0.628804
vt 0.542603 0.631502
vt 0.605167 0.628804
vt 0.077427 0.612075
vt 0.188847 0.632605
vt 0.205504 0.606275
vt 0.071533 0.712284
vt 0.060141 0.692323
vt 0.005644 0.655927
vt 0.011768 0.646007
vt 0.005673 0.617619
vt 0.083284 0.650653
vt 0.087186 0.679894
vt 0.188831 0.650433
vt 0.513168 0.840415
vt 0.409005 0.854423
vt 0.513698 0.854423
vt 0.409005 0.840415
vt 0.077306 0.560755
vt 0.182521 0.563531
vt 0.184411 0.560755
vt 0.077311 0.563539
vt 0.559359 0.307516
vt 0.455372 0.310261
vt 0.561222 0.310261
vt 0.455377 0.307516
vt 0.039105 0.599923
vt 0.007216 0.597150
vt 0.004127 0.599927
vt 0.039105 0.597148
vt 0.102241 0.597150
vt 0.146062 0.599923
vt 0.147945 0.597150
vt 0.102186 0.599923
vt 0.943929 0.004236
vt 0.870059 0.006953
vt 0.943920 0.006949
vt 0.870018 0.004236
vt 0.857717 0.004236
vt 0.857752 0.006949
vt 0.794205 0.004236
vt 0.794062 0.006949
vt 0.791822 0.004236
vt 0.789622 0.006949
vt 0.005993 0.563539
vt 0.042689 0.560755
vt 0.004127 0.560755
vt 0.042689 0.563539
vt 0.453615 0.778742
vt 0.409644 0.765469
vt 0.409642 0.778742
vt 0.457960 0.765469
vt 0.545655 0.841426
vt 0.536476 0.830482
vt 0.510147 0.807299
vt 0.523392 0.798649
vt 0.995184 0.835150
vt 0.873023 0.826124
vt 0.873023 0.835150
vt 0.995184 0.826124
vt 0.205437 0.739733
vt 0.188817 0.707602
vt 0.311219 0.693588
vt 0.227246 0.693588
vt 0.317669 0.708217
vt 0.380091 0.708217
vt 0.394775 0.713306
vt 0.280122 0.623827
vt 0.291478 0.618550
vt 0.277523 0.618550
vt 0.211875 0.675089
vt 0.211875 0.713306
vt 0.394775 0.591081
vt 0.340283 0.591081
vt 0.363384 0.623553
vt 0.389676 0.623553
vt 0.253262 0.672215
vt 0.389723 0.693542
vt 0.380091 0.693542
vt 0.829609 0.338757
vt 0.819974 0.339010
vt 0.819948 0.356292
vt 0.553716 0.948952
vt 0.539138 0.951704
vt 0.554983 0.951704
vt 0.537899 0.948952
vt 0.088255 0.725749
vt 0.009618 0.723008
vt 0.004127 0.725749
vt 0.089629 0.723008
vt 0.101947 0.409114
vt 0.073882 0.411817
vt 0.107455 0.411817
vt 0.074570 0.409114
vt 0.994363 0.299596
vt 0.859745 0.296902
vt 0.857860 0.299596
vt 0.993682 0.296902
vt 0.384838 0.229862
vt 0.364870 0.227146
vt 0.364778 0.229862
vt 0.382919 0.227146
vt 0.356157 0.229862
vt 0.354414 0.227146
vt 0.564051 0.122515
vt 0.576710 0.125236
vt 0.578597 0.122515
vt 0.562161 0.125236
vt 0.202628 0.747271
vt 0.142121 0.749969
vt 0.204555 0.749969
vt 0.143384 0.747271
vt 0.561573 0.266573
vt 0.575909 0.269304
vt 0.575900 0.266573
vt 0.560645 0.269304
vt 0.467655 0.795440
vt 0.456517 0.792788
vt 0.452982 0.795478
vt 0.466632 0.792762
vt 0.848761 0.093366
vt 0.892587 0.090693
vt 0.850008 0.090671
vt 0.896148 0.093342
vt 0.687767 0.039113
vt 0.669506 0.041827
vt 0.688962 0.041827
vt 0.668309 0.039113
vt 0.687770 0.114589
vt 0.708715 0.111900
vt 0.686506 0.111900
vt 0.707495 0.114589
vt 0.380708 0.325367
vt 0.356296 0.322679
vt 0.354414 0.325367
vt 0.379435 0.322679
vt 0.898801 0.149448
vt 0.922757 0.146778
vt 0.900696 0.146778
vt 0.924655 0.149448
vt 0.844210 0.480046
vt 0.921884 0.477353
vt 0.845404 0.477353
vt 0.923774 0.480046
vt 0.590569 0.266573
vt 0.591700 0.269304
vt 0.288446 0.635982
vt 0.097395 0.400016
vt 0.081464 0.402700
vt 0.099293 0.402700
vt 0.083333 0.400016
vt 0.992774 0.004236
vt 0.994641 0.006949
vt 0.986877 0.819939
vt 0.994687 0.817026
vt 0.986877 0.817026
vt 0.994687 0.819939
vt 0.889703 0.850723
vt 0.889703 0.844319
vt 0.907402 0.324196
vt 0.900318 0.330889
vt 0.907402 0.330889
vt 0.900318 0.324196
vt 0.857638 0.075537
vt 0.807741 0.091747
vt 0.833474 0.099656
vt 0.131562 0.829926
vt 0.131167 0.829155
vt 0.183062 0.392827
vt 0.185840 0.390917
vt 0.183078 0.391965
vt 0.185840 0.394163
vt 0.072448 0.884895
vt 0.631395 0.457969
vt 0.632799 0.448406
vt 0.630401 0.457906
vt 0.636879 0.452486
vt 0.233466 0.536149
vt 0.322387 0.533459
vt 0.231588 0.533459
vt 0.324292 0.536149
vt 0.747650 0.583492
vt 0.907307 0.134513
vt 0.897947 0.124742
vt 0.864351 0.177461
vt 0.932443 0.150479
vt 0.951499 0.142744
vt 0.757857 0.414308
vt 0.737203 0.429545
vt 0.757954 0.444911
vt 0.005059 0.409114
vt 0.013007 0.411843
vt 0.013955 0.409114
vt 0.004127 0.411843
vt 0.995213 0.087638
vt 0.961769 0.090353
vt 0.994450 0.090353
vt 0.960973 0.087638
vt 0.942138 0.455736
vt 0.939745 0.453090
vt 0.570243 0.098133
vt 0.572090 0.083625
vt 0.566711 0.098004
vt 0.070503 0.617640
vt 0.074556 0.612303
vt 0.909700 0.379981
vt 0.968650 0.377270
vt 0.907900 0.377270
vt 0.970537 0.379981
vt 0.085508 0.712404
vt 0.072404 0.692412
vt 0.063203 0.659204
vt 0.433322 0.310261
vt 0.430236 0.307516
vt 0.011617 0.650759
vt 0.582512 0.839487
vt 0.582436 0.841423
vt 0.554831 0.137694
vt 0.354414 0.004236
vt 0.354414 0.137694
vt 0.554831 0.004236
vt 0.303124 0.635982
vt 0.310214 0.649527
vt 0.888894 0.324196
vt 0.895246 0.338757
vt 0.829668 0.324196
vt 0.557110 0.969596
vt 0.536427 0.961178
vt 0.514500 0.969596
vt 0.141633 0.813666
vt 0.123653 0.810959
vt 0.122408 0.813666
vt 0.142869 0.810959
vt 0.452982 0.969489
vt 0.483929 0.951986
vt 0.452982 0.947435
vt 0.188787 0.724532
vt 0.909421 0.098649
vt 0.907516 0.084554
vt 0.900695 0.089224
vt 0.901772 0.075068
vt 0.893128 0.063858
vt 0.901735 0.077831
vt 0.889086 0.062695
vt 0.864426 0.035080
vt 0.865386 0.056476
vt 0.889899 0.075660
vt 0.865643 0.062687
vt 0.318078 0.593823
vt 0.324108 0.580466
vt 0.314990 0.580466
vt 0.630566 0.420040
vt 0.874949 0.262331
vt 0.833627 0.307752
vt 0.871644 0.271706
vt 0.823264 0.310155
vt 0.452982 0.985732
vt 0.462924 0.995544
vt 0.457991 0.983914
vt 0.927280 0.114280
vt 0.579882 0.088338
vt 0.450664 0.196603
vt 0.451685 0.193786
vt 0.134206 0.739602
vt 0.138227 0.724640
vt 0.211875 0.354523
vt 0.402736 0.487980
vt 0.402736 0.354523
vt 0.211875 0.487980
vt 0.389723 0.672215
vt 0.562161 0.064564
vt 0.577180 0.061860
vt 0.564059 0.061860
vt 0.579105 0.064564
vt 0.863925 0.366355
vt 0.895272 0.363622
vt 0.864718 0.363622
vt 0.896220 0.366355
vt 0.939745 0.489914
vt 0.994771 0.434893
vt 0.968152 0.475643
vt 0.409005 0.830672
vt 0.487661 0.833360
vt 0.489100 0.830672
vt 0.409812 0.833360
vt 0.871641 0.027687
vt 0.918837 0.107408
vt 0.923506 0.100580
vt 0.802859 0.471644
vt 0.849429 0.398584
vt 0.756260 0.398499
vt 0.027764 0.889416
vt 0.030132 0.886779
vt 0.089296 0.847353
vt 0.087368 0.850058
vt 0.088230 0.850040
vt 0.086013 0.847353
vt 0.097072 0.718783
vt 0.098172 0.718464
vt 0.121971 0.731657
vt 0.124793 0.733162
vt 0.593454 0.701610
vt 0.594265 0.649318
vt 0.588032 0.649318
vt 0.602280 0.701610
vt 0.537733 0.854273
vt 0.589010 0.851902
vt 0.536383 0.851902
vt 0.589947 0.854273
vt 0.986604 0.528909
vt 0.992618 0.530701
vt 0.994480 0.528909
vt 0.986422 0.530701
vt 0.992556 0.070958
vt 0.994517 0.072182
vt 0.994135 0.070958
vt 0.991303 0.072182
vt 0.676998 0.570526
vt 0.686317 0.559167
vt 0.685108 0.556630
vt 0.692197 0.570526
vt 0.993443 0.125098
vt 0.974956 0.124031
vt 0.974797 0.125098
vt 0.993511 0.124031
vt 0.123686 0.878799
vt 0.125444 0.877681
vt 0.123796 0.877681
vt 0.125182 0.878799
vt 0.119869 0.878799
vt 0.121808 0.877681
vt 0.119374 0.877681
vt 0.121748 0.878799
vt 0.605261 0.084605
vt 0.622959 0.086125
vt 0.623507 0.084605
vt 0.603105 0.086125
vt 0.972069 0.125098
vt 0.971589 0.124031
vt 0.686141 0.554666
vt 0.682959 0.552913
vt 0.686415 0.555239
vt 0.995173 0.124031
vt 0.995446 0.125098
vt 0.674705 0.535161
vt 0.675539 0.532389
vt 0.673204 0.532517
vt 0.676819 0.534721
vt 0.197014 0.355598
vt 0.195570 0.354523
vt 0.195570 0.355598
vt 0.196936 0.354523
vt 0.193930 0.355598
vt 0.193678 0.354523
vt 0.004393 0.419032
vt 0.005706 0.418213
vt 0.004127 0.418213
vt 0.006030 0.419032
vt 0.198902 0.355598
vt 0.198749 0.354523
vt 0.120828 0.731990
vt 0.120026 0.730608
vt 0.120269 0.731687
vt 0.099005 0.718921
vt 0.101567 0.721278
vt 0.102687 0.720957
vt 0.099243 0.719986
vt 0.556012 0.982385
vt 0.556096 0.995544
vt 0.565963 0.985652
vt 0.534074 0.977952
vt 0.523060 0.976687
vt 0.545408 0.979848
vt 0.576457 0.649318
vt 0.582235 0.701610
vt 0.582247 0.649318
vt 0.571015 0.701610
vt 0.355767 0.277188
vt 0.407110 0.279556
vt 0.408046 0.277188
vt 0.354414 0.279556
vt 0.968897 0.530701
vt 0.974910 0.528909
vt 0.967041 0.528909
vt 0.975094 0.530701
vt 0.181593 0.827639
vt 0.163894 0.829131
vt 0.183743 0.829131
vt 0.163349 0.827639
vt 0.993260 0.569851
vt 0.991303 0.571031
vt 0.994503 0.571031
vt 0.991680 0.569851
vt 0.675450 0.105361
vt 0.674374 0.106505
vt 0.675454 0.106989
vt 0.674485 0.104319
vt 0.798954 0.796913
vt 0.800835 0.795795
vt 0.798846 0.795795
vt 0.800889 0.796913
vt 0.797203 0.795795
vt 0.797501 0.796913
vt 0.802725 0.796913
vt 0.803269 0.795795
vt 0.693915 0.104319
vt 0.696857 0.105361
vt 0.697381 0.104319
vt 0.694091 0.105361
vt 0.711026 0.224750
vt 0.711902 0.227446
vt 0.713352 0.224868
vt 0.709782 0.227105
vt 0.883967 0.841287
vt 0.882520 0.842365
vt 0.883901 0.842365
vt 0.882524 0.841287
vt 0.880779 0.841287
vt 0.880604 0.842365
vt 0.993085 0.951983
vt 0.994417 0.952784
vt 0.994729 0.951983
vt 0.992819 0.952784
vt 0.885936 0.841287
vt 0.885722 0.842365
vt 0.326802 0.598471
vt 0.325978 0.599861
vt 0.327953 0.598819
vt 0.326243 0.598770
vt 0.304939 0.611679
vt 0.307487 0.609270
vt 0.305177 0.610589
vt 0.308625 0.609578
vt 0.330817 0.597355
vt 0.331133 0.596153
vt 0.304093 0.612221
vt 0.327459 0.623310
vt 0.714358 0.222966
vt 0.717437 0.210465
vt 0.712209 0.222696
vt 0.391752 0.196603
vt 0.390808 0.193786
vt 0.980758 0.528909
vt 0.980758 0.530701
vt 0.849219 0.638942
vt 0.840218 0.647575
vt 0.829865 0.654294
vt 0.806649 0.662409
vt 0.794170 0.664117
vt 0.794170 0.789511
vt 0.818248 0.659537
vt 0.807766 0.117279
vt 0.837513 0.032244
vt 0.082001 0.855192
vt 0.800989 0.164340
vt 0.862878 0.032223
vt 0.716337 0.372837
vt 0.685772 0.372720
vt 0.701135 0.393512
vt 0.662716 0.395779
vt 0.726463 0.386022
vt 0.713598 0.405970
vt 0.720070 0.377934
vt 0.660417 0.481301
vt 0.649340 0.470225
vt 0.724686 0.417028
vt 0.735189 0.395511
vt 0.744674 0.404240
vt 0.752945 0.410831
vt 0.734815 0.468046
vt 0.716417 0.468089
vt 0.694001 0.472746
vt 0.662678 0.414339
vt 0.636068 0.414534
vt 0.651265 0.429944
vt 0.657986 0.436666
vt 0.870531 0.184708
vt 0.850953 0.195987
vt 0.854995 0.200075
vt 0.883445 0.110215
vt 0.873709 0.100824
vt 0.959887 0.494062
vt 0.969514 0.484427
vt 0.939831 0.493981
vt 0.321103 0.595564
vt 0.330558 0.580466
vt 0.566711 0.080056
vt 0.957204 0.178917
vt 0.948607 0.187558
vt 0.800873 0.068885
vt 0.995549 0.435294
vt 0.908230 0.174670
vt 0.890887 0.174822
vt 0.833226 0.117058
vt 0.701247 0.248946
vt 0.700232 0.247014
vt 0.699958 0.247584
vt 0.703428 0.245217
vt 0.389676 0.649527
vt 0.529498 0.947435
vt 0.506133 0.951986
vt 0.476108 0.969533
vt 0.954011 0.356292
vt 0.975194 0.338757
vt 0.551361 0.961178
vt 0.302951 0.611940
vt 0.335799 0.640956
vt 0.355498 0.640956
vt 0.930215 0.106375
vt 0.915271 0.092808
vt 0.894173 0.081123
vt 0.932977 0.106340
vt 0.570225 0.649318
vt 0.562193 0.701610
vt 0.709317 0.262798
vt 0.700010 0.251478
vt 0.694088 0.262798
vt 0.495835 0.976692
vt 0.490126 0.977356
vt 0.478697 0.978924
vt 0.467709 0.981222
vt 0.509451 0.976247
vt 0.503661 0.976393
vt 0.515237 0.976393
vt 0.050004 0.645842
vt 0.081893 0.632664
vt 0.535386 0.798762
vt 0.622817 0.570526
vt 0.628825 0.518294
vt 0.622817 0.518294
vt 0.633095 0.570526
vt 0.640745 0.518294
vt 0.646619 0.570526
vt 0.652548 0.518294
vt 0.663290 0.570526
vt 0.663142 0.518294
vt 0.672062 0.530506
vt 0.668581 0.518294
vt 0.674160 0.530121
vt 0.751712 0.210465
vt 0.763198 0.262798
vt 0.763198 0.210465
vt 0.749430 0.262798
vt 0.739633 0.210465
vt 0.737221 0.262798
vt 0.723113 0.262798
vt 0.727980 0.210465
vt 0.697634 0.252790
vt 0.143454 0.707369
vt 0.125091 0.734368
vt 0.080138 0.606247
vt 0.876550 0.255878
vt 0.812368 0.246859
vt 0.812370 0.311738
vt 0.995468 0.246859
vt 0.995652 0.255878
vt 0.742070 0.577435
vt 0.632194 0.710934
vt 0.976049 0.819939
vt 0.976049 0.817026
vt 0.917684 0.324196
vt 0.917684 0.330889
vt 0.957996 0.844319
vt 0.957996 0.850728
vt 0.984209 0.324196
vt 0.984209 0.330889
vt 0.843280 0.303171
vt 0.866903 0.280909
vt 0.860186 0.289631
vt 0.852425 0.297185
vt 0.995549 0.330889
vt 0.995549 0.324196
vt 0.688687 0.560467
vt 0.528401 0.788066
vt 0.532303 0.787196
vt 0.531552 0.786320
vt 0.528733 0.789168
vt 0.533751 0.783469
vt 0.534789 0.783963
vt 0.533896 0.776431
vt 0.532651 0.772625
vt 0.531862 0.773459
vt 0.534960 0.775986
vt 0.535731 0.779991
vt 0.534582 0.779965
vt 0.517401 0.781368
vt 0.517843 0.785346
vt 0.518787 0.784691
vt 0.516272 0.781579
vt 0.524811 0.788359
vt 0.520820 0.788134
vt 0.524663 0.789499
vt 0.521421 0.787149
vt 0.517504 0.777769
vt 0.518109 0.773811
vt 0.516381 0.777504
vt 0.519025 0.774507
vt 0.521206 0.771152
vt 0.521757 0.772161
vt 0.528784 0.771588
vt 0.529164 0.770502
vt 0.525116 0.769999
vt 0.525211 0.771148
vt 0.532344 0.782800
vt 0.530528 0.785130
vt 0.530789 0.774589
vt 0.532446 0.777037
vt 0.533025 0.779935
vt 0.522237 0.785808
vt 0.520066 0.783803
vt 0.525014 0.786816
vt 0.527952 0.786576
vt 0.520265 0.775448
vt 0.522500 0.773528
vt 0.519030 0.778132
vt 0.518931 0.781085
vt 0.528273 0.773057
vt 0.525340 0.772711
vt 0.530553 0.780861
vt 0.529080 0.783447
vt 0.528392 0.775694
vt 0.530399 0.777894
vt 0.523391 0.783912
vt 0.526306 0.784512
vt 0.522809 0.776151
vt 0.521192 0.778643
vt 0.521520 0.781602
vt 0.525521 0.774924
vt 0.525916 0.779765
vt 0.528001 0.781041
vt 0.527777 0.778176
vt 0.523477 0.779955
vt 0.525345 0.782142
vt 0.524981 0.777504
vt 0.451665 0.568336
vt 0.372613 0.578372
vt 0.451665 0.578372
vt 0.372613 0.568336
vt 0.231588 0.553170
vt 0.365159 0.570294
vt 0.365159 0.553170
vt 0.231588 0.570294
vt 0.688022 0.541041
vt 0.821605 0.549970
vt 0.821605 0.541041
vt 0.688022 0.549970
vt 0.731998 0.505338
vt 0.810944 0.504975
vt 0.771166 0.434893
vt 0.518176 0.255683
vt 0.480704 0.242651
vt 0.499677 0.258056
vt 0.485166 0.150423
vt 0.485166 0.173253
vt 0.518176 0.157049
vt 0.442508 0.229892
vt 0.417254 0.242651
vt 0.460676 0.229892
vt 0.427841 0.278791
vt 0.417254 0.258056
vt 0.538878 0.255683
vt 0.554301 0.278791
vt 0.538878 0.178672
vt 0.554301 0.145261
vt 0.410371 0.247562
vt 0.375485 0.150477
vt 0.354413 0.189545
vt 0.375485 0.186608
vt 0.354413 0.145261
vt 0.441404 0.150423
vt 0.981585 0.032287
vt 0.995518 0.032287
vt 0.995518 0.013333
vt 0.663478 0.351491
vt 0.660682 0.391043
vt 0.680051 0.351734
vt 0.644047 0.390926
vt 0.680333 0.032680
vt 0.659587 0.030014
vt 0.657696 0.032680
vt 0.678453 0.030014
vt 0.761089 0.093704
vt 0.748344 0.096431
vt 0.762925 0.096431
vt 0.747161 0.093704
vt 0.993775 0.504332
vt 0.931849 0.501613
vt 0.930647 0.504332
vt 0.994984 0.501613
vt 0.379720 0.331784
vt 0.354413 0.334497
vt 0.380912 0.334497
vt 0.355277 0.331779
vt 0.959279 0.859484
vt 0.901162 0.862191
vt 0.959279 0.862191
vt 0.900318 0.859484
vt 0.993166 0.862191
vt 0.995050 0.859484
vt 0.018151 0.516443
vt 0.025890 0.513746
vt 0.016258 0.513746
vt 0.025009 0.516443
vt 0.173965 0.386040
vt 0.180611 0.383336
vt 0.174832 0.383340
vt 0.181815 0.386040
vt 0.929130 0.395467
vt 0.971001 0.398167
vt 0.972873 0.395500
vt 0.930329 0.398137
vt 0.992303 0.478570
vt 0.974622 0.475836
vt 0.975853 0.478570
vt 0.995433 0.475836
vt 0.908941 0.495548
vt 0.863924 0.498248
vt 0.912105 0.498248
vt 0.865112 0.495548
vt 0.384907 0.345425
vt 0.402855 0.348129
vt 0.401665 0.345425
vt 0.381711 0.348129
vt 0.136196 0.716651
vt 0.181387 0.713909
vt 0.133020 0.713909
vt 0.180179 0.716651
vt 0.379431 0.304482
vt 0.354413 0.307215
vt 0.384386 0.307215
vt 0.355190 0.304482
vt 0.492103 0.604071
vt 0.417052 0.601372
vt 0.415140 0.604071
vt 0.491331 0.601372
vt 0.211875 0.874302
vt 0.230618 0.871616
vt 0.213788 0.871616
vt 0.232537 0.874302
vt 0.076915 0.641121
vt 0.170524 0.643841
vt 0.175495 0.641121
vt 0.078813 0.643841
vt 0.912450 0.872816
vt 0.989169 0.870100
vt 0.914331 0.870100
vt 0.994853 0.872816
vt 0.144017 0.581632
vt 0.205616 0.578951
vt 0.142121 0.578951
vt 0.204833 0.581632
vt 0.954025 0.089289
vt 0.937995 0.049511
vt 0.416040 0.229892
vt 0.562161 0.967930
vt 0.579011 0.893576
vt 0.562161 0.876164
vt 0.579011 0.967917
vt 0.787899 0.853501
vt 0.597038 0.719976
vt 0.597038 0.853501
vt 0.787899 0.719976
vt 0.470618 0.173253
vt 0.481979 0.186528
vt 0.024522 0.902751
vt 0.060977 0.908483
vt 0.039918 0.887408
vt 0.045729 0.923942
vt 0.084013 0.774622
vt 0.069596 0.761232
vt 0.071154 0.788136
vt 0.061737 0.844452
vt 0.045297 0.814418
vt 0.032496 0.816111
vt 0.068673 0.837207
vt 0.122326 0.754082
vt 0.131304 0.744238
vt 0.106656 0.751698
vt 0.070432 0.814540
vt 0.080565 0.824904
vt 0.082019 0.802806
vt 0.131107 0.796100
vt 0.143126 0.784075
vt 0.139892 0.771543
vt 0.109287 0.802428
vt 0.119593 0.791975
vt 0.084466 0.792200
vt 0.105979 0.798496
vt 0.115615 0.788679
vt 0.156231 0.863949
vt 0.160193 0.877322
vt 0.173657 0.864407
vt 0.196309 0.893001
vt 0.186972 0.878898
vt 0.133891 0.903262
vt 0.103982 0.886662
vt 0.132651 0.916661
vt 0.111138 0.879701
vt 0.123493 0.867726
vt 0.087311 0.882260
vt 0.171471 0.798012
vt 0.164288 0.805130
vt 0.176751 0.808377
vt 0.159490 0.832660
vt 0.145876 0.838948
vt 0.149782 0.842221
vt 0.156231 0.828670
vt 0.080911 0.908344
vt 0.084973 0.904725
vt 0.790454 0.594165
vt 0.787450 0.590340
vt 0.725130 0.659488
vt 0.409072 0.676001
vt 0.412499 0.694723
vt 0.430707 0.676508
vt 0.401423 0.683650
vt 0.714955 0.604000
vt 0.738766 0.598662
vt 0.714955 0.598662
vt 0.994526 0.060917
vt 0.976139 0.057209
vt 0.986723 0.068720
vt 0.994234 0.039113
vt 0.610687 0.377045
vt 0.644276 0.377045
vt 0.644182 0.343910
vt 0.545059 0.909201
vt 0.454872 0.906494
vt 0.452982 0.909201
vt 0.546867 0.906494
vt 0.882161 0.199539
vt 0.865857 0.196816
vt 0.863924 0.199539
vt 0.880271 0.196816
vt 0.400263 0.187444
vt 0.407463 0.184688
vt 0.398391 0.184688
vt 0.409280 0.187444
vt 0.108539 0.465222
vt 0.069821 0.467927
vt 0.106647 0.467927
vt 0.067815 0.465222
vt 0.515065 0.879198
vt 0.531225 0.881931
vt 0.533263 0.879198
vt 0.515048 0.881931
vt 0.470169 0.879198
vt 0.470149 0.881931
vt 0.454833 0.881931
vt 0.452982 0.879198
vt 0.354413 0.220742
vt 0.374444 0.218049
vt 0.356209 0.218049
vt 0.376331 0.220742
vt 0.025523 0.707521
vt 0.005917 0.704813
vt 0.004126 0.707521
vt 0.025464 0.704813
vt 0.046941 0.704813
vt 0.050969 0.707521
vt 0.053089 0.704813
vt 0.046447 0.707521
vt 0.577457 0.865549
vt 0.571654 0.868290
vt 0.579590 0.868290
vt 0.571648 0.865549
vt 0.551675 0.868290
vt 0.551693 0.865549
vt 0.532567 0.868290
vt 0.530317 0.865549
vt 0.590960 0.821398
vt 0.571698 0.818542
vt 0.569742 0.821398
vt 0.589101 0.818542
vt 0.783743 0.633216
vt 0.768796 0.630509
vt 0.766875 0.633216
vt 0.783743 0.630509
vt 0.829217 0.630509
vt 0.829324 0.633216
vt 0.844662 0.630509
vt 0.846809 0.633216
vt 0.946334 0.013333
vt 0.906772 0.016013
vt 0.944415 0.016013
vt 0.904868 0.013333
vt 0.780860 0.612312
vt 0.788043 0.615064
vt 0.789864 0.612312
vt 0.779007 0.615064
vt 0.462080 0.863717
vt 0.478345 0.861001
vt 0.463957 0.861001
vt 0.480260 0.863717
vt 0.323731 0.542557
vt 0.233463 0.545256
vt 0.325540 0.545256
vt 0.231588 0.542557
vt 0.063417 0.871380
vt 0.060389 0.868583
vt 0.058717 0.871380
vt 0.065047 0.868583
vt 0.974622 0.933788
vt 0.992636 0.936492
vt 0.994611 0.933788
vt 0.976445 0.936492
vt 0.879087 0.025611
vt 0.883152 0.026221
vt 0.880146 0.022432
vt 0.882094 0.029348
vt 0.579882 0.877335
vt 0.571654 0.874647
vt 0.569742 0.877335
vt 0.578001 0.874647
vt 0.914366 0.025117
vt 0.942460 0.022432
vt 0.912450 0.022432
vt 0.940576 0.025117
vt 0.874943 0.016028
vt 0.883170 0.013333
vt 0.873022 0.013333
vt 0.881286 0.016028
vt 0.809580 0.075507
vt 0.812605 0.078299
vt 0.814427 0.075507
vt 0.807819 0.078299
vt 0.577144 0.139193
vt 0.559130 0.141895
vt 0.579095 0.141895
vt 0.560956 0.139193
vt 0.877722 0.185967
vt 0.880743 0.183171
vt 0.876056 0.183171
vt 0.882399 0.185967
vt 0.559468 0.747271
vt 0.590249 0.749939
vt 0.588410 0.747271
vt 0.557612 0.749939
vt 0.909762 0.137677
vt 0.925028 0.140337
vt 0.923187 0.137677
vt 0.907899 0.140337
vt 0.578190 0.995621
vt 0.565481 0.992928
vt 0.563678 0.995621
vt 0.579972 0.992928
vt 0.682282 0.163101
vt 0.699813 0.160426
vt 0.680441 0.160426
vt 0.698786 0.163101
vt 0.529047 0.177104
vt 0.524253 0.179785
vt 0.530825 0.179785
vt 0.525313 0.177104
vt 0.803829 0.598371
vt 0.800360 0.595631
vt 0.798721 0.598371
vt 0.805504 0.595631
vt 0.211875 0.862515
vt 0.227410 0.865181
vt 0.229230 0.862515
vt 0.213643 0.865181
vt 0.063923 0.807927
vt 0.060424 0.810666
vt 0.065594 0.810666
vt 0.058717 0.807927
vt 0.762843 0.102802
vt 0.739938 0.105469
vt 0.761004 0.105469
vt 0.738065 0.102802
vt 0.727303 0.178242
vt 0.675432 0.175587
vt 0.674373 0.178242
vt 0.729156 0.175587
vt 0.994606 0.547106
vt 0.981800 0.549772
vt 0.995684 0.549772
vt 0.980687 0.547106
vt 0.994798 0.114932
vt 0.959810 0.117610
vt 0.993614 0.117610
vt 0.957942 0.114932
vt 0.930647 0.407294
vt 0.958131 0.404565
vt 0.932500 0.404565
vt 0.962872 0.407294
vt 0.968557 0.492516
vt 0.990953 0.495270
vt 0.995693 0.492516
vt 0.969349 0.495270
vt 0.007484 0.972235
vt 0.012303 0.961081
vt 0.004126 0.972244
vt 0.014034 0.963338
vt 0.129960 0.772713
vt 0.112277 0.770017
vt 0.110275 0.772713
vt 0.128132 0.770017
vt 0.199580 0.781849
vt 0.173965 0.779115
vt 0.175852 0.781849
vt 0.204310 0.779115
vt 0.643693 0.057137
vt 0.639382 0.054276
vt 0.639540 0.057137
vt 0.644990 0.054276
vt 0.631955 0.057137
vt 0.630401 0.054276
vt 0.844210 0.470950
vt 0.874059 0.468513
vt 0.846055 0.468252
vt 0.878799 0.471273
vt 0.191808 0.560755
vt 0.204597 0.563497
vt 0.205742 0.560755
vt 0.190643 0.563497
vt 0.940921 0.900111
vt 0.992757 0.897395
vt 0.939745 0.897395
vt 0.994624 0.900111
vt 0.682528 0.086121
vt 0.659587 0.088808
vt 0.680652 0.088808
vt 0.657696 0.086121
vt 0.094779 0.525529
vt 0.067815 0.522844
vt 0.069651 0.525529
vt 0.096669 0.522844
vt 0.005853 0.666903
vt 0.009317 0.669691
vt 0.011013 0.666903
vt 0.004126 0.669691
vt 0.170930 0.925875
vt 0.186434 0.923173
vt 0.172800 0.923173
vt 0.188323 0.925875
vt 0.794721 0.604727
vt 0.791320 0.607517
vt 0.796432 0.607517
vt 0.789622 0.604727
vt 0.061971 0.819724
vt 0.057202 0.817026
vt 0.058242 0.819724
vt 0.063794 0.817026
vt 0.762732 0.116140
vt 0.740589 0.113416
vt 0.739579 0.116140
vt 0.763733 0.113416
vt 0.995509 0.540723
vt 0.978070 0.538007
vt 0.976139 0.540723
vt 0.994467 0.538007
vt 0.576627 0.113416
vt 0.563988 0.116158
vt 0.578521 0.116158
vt 0.562161 0.113416
vt 0.721533 0.140367
vt 0.706219 0.137677
vt 0.708114 0.140367
vt 0.723434 0.137677
vt 0.086012 0.910713
vt 0.116832 0.908010
vt 0.087902 0.908010
vt 0.118747 0.910713
vt 0.006053 0.381819
vt 0.041051 0.384528
vt 0.039866 0.381819
vt 0.004126 0.384528
vt 0.004126 0.402711
vt 0.021811 0.400016
vt 0.005946 0.400016
vt 0.023825 0.402711
vt 0.876559 0.124030
vt 0.888396 0.126738
vt 0.887609 0.124030
vt 0.874539 0.126738
vt 0.026872 0.856127
vt 0.049320 0.853416
vt 0.027654 0.853416
vt 0.053754 0.856127
vt 0.823144 0.320814
vt 0.795687 0.318129
vt 0.797522 0.320814
vt 0.827593 0.318129
vt 0.161972 0.569850
vt 0.197455 0.572556
vt 0.195566 0.569850
vt 0.157284 0.572556
vt 0.354413 0.288962
vt 0.389436 0.286285
vt 0.356305 0.286285
vt 0.393848 0.288962
vt 0.738017 0.672378
vt 0.728591 0.681909
vt 0.693740 0.628171
vt 0.673291 0.595803
vt 0.662588 0.608244
vt 0.699401 0.621913
vt 0.680693 0.642642
vt 0.664138 0.653734
vt 0.680140 0.664348
vt 0.666449 0.678044
vt 0.653146 0.664734
vt 0.712629 0.701928
vt 0.689216 0.700275
vt 0.701753 0.712809
vt 0.702382 0.687111
vt 0.758445 0.702021
vt 0.722337 0.687134
vt 0.698356 0.332971
vt 0.688705 0.342622
vt 0.708621 0.343232
vt 0.580043 0.392558
vt 0.569778 0.382292
vt 0.570406 0.402199
vt 0.733937 0.291105
vt 0.737586 0.294755
vt 0.751802 0.273245
vt 0.079530 0.751603
vt 0.055872 0.751693
vt 0.587346 0.361681
vt 0.573880 0.357973
vt 0.583760 0.368308
vt 0.732904 0.339219
vt 0.709104 0.363020
vt 0.021498 0.753229
vt 0.025567 0.751742
vt 0.021448 0.744278
vt 0.025244 0.756789
vt 0.063418 0.919803
vt 0.114936 0.917106
vt 0.058717 0.917106
vt 0.110531 0.919803
vt 0.586312 0.301942
vt 0.566155 0.323170
vt 0.594251 0.328508
vt 0.454345 0.361321
vt 0.442062 0.317544
vt 0.442062 0.388697
vt 0.454345 0.336899
vt 0.520821 0.417690
vt 0.424844 0.403811
vt 0.410970 0.417690
vt 0.514126 0.403811
vt 0.410970 0.284210
vt 0.424844 0.297959
vt 0.510665 0.317544
vt 0.469179 0.336899
vt 0.518304 0.323170
vt 0.518491 0.345513
vt 0.530936 0.332262
vt 0.225533 0.509387
vt 0.296697 0.509387
vt 0.212184 0.493619
vt 0.037376 0.688130
vt 0.008084 0.690777
vt 0.036527 0.690777
vt 0.007880 0.688130
vt 0.006401 0.690777
vt 0.004126 0.688130
vt 0.835520 0.317773
vt 0.994916 0.315097
vt 0.833598 0.315097
vt 0.993026 0.317773
vt 0.006010 0.734799
vt 0.109884 0.732106
vt 0.004126 0.732106
vt 0.107977 0.734799
vt 0.993797 0.522490
vt 0.906385 0.519810
vt 0.907284 0.522490
vt 0.995706 0.519810
vt 0.462576 0.175236
vt 0.447867 0.172554
vt 0.447872 0.175236
vt 0.463494 0.172554
vt 0.439720 0.175236
vt 0.437817 0.172554
vt 0.588471 0.624344
vt 0.578216 0.621256
vt 0.578216 0.624344
vt 0.588471 0.621256
vt 0.521639 0.621256
vt 0.521639 0.624344
vt 0.372687 0.683582
vt 0.303754 0.686290
vt 0.374585 0.686290
vt 0.303802 0.683582
vt 0.294243 0.686290
vt 0.294292 0.683582
vt 0.717841 0.677515
vt 0.682125 0.680248
vt 0.717010 0.680248
vt 0.677407 0.677515
vt 0.439648 0.205614
vt 0.418473 0.202885
vt 0.418491 0.205614
vt 0.444364 0.202885
vt 0.400725 0.202885
vt 0.399908 0.205614
vt 0.739579 0.568022
vt 0.777786 0.565303
vt 0.740233 0.565303
vt 0.778640 0.568022
vt 0.483309 0.810958
vt 0.468991 0.813668
vt 0.483929 0.813668
vt 0.469004 0.810958
vt 0.456395 0.813668
vt 0.454497 0.810958
vt 0.865558 0.099769
vt 0.843078 0.102444
vt 0.863659 0.102444
vt 0.841179 0.099769
vt 0.212184 0.595612
vt 0.225533 0.584355
vt 0.918784 0.486449
vt 0.845727 0.489138
vt 0.920700 0.489138
vt 0.847652 0.486449
vt 0.502797 0.186528
vt 0.385158 0.150423
vt 0.418567 0.186324
vt 0.424344 0.186324
vt 0.481808 0.229892
vt 0.113866 0.418213
vt 0.065633 0.420929
vt 0.114710 0.420929
vt 0.064782 0.418213
vt 0.689872 0.713563
vt 0.651318 0.710877
vt 0.650111 0.713563
vt 0.691057 0.710877
vt 0.620414 0.029752
vt 0.601589 0.026982
vt 0.602208 0.029752
vt 0.626078 0.026982
vt 0.851930 0.039113
vt 0.838522 0.041790
vt 0.850049 0.041790
vt 0.836631 0.039113
vt 0.004126 0.943993
vt 0.043621 0.863336
vt 0.040821 0.866473
vt 0.104712 0.807160
vt 0.150272 0.776840
vt 0.149351 0.813399
vt 0.152201 0.817085
vt 0.160739 0.801907
vt 0.196381 0.932430
vt 0.156222 0.932424
vt 0.204546 0.943955
vt 0.718557 0.306477
vt 0.729101 0.325758
vt 0.724986 0.307354
vt 0.722572 0.329281
vt 0.666283 0.097926
vt 0.688382 0.095219
vt 0.665277 0.095219
vt 0.689369 0.097926
vt 0.932163 0.446640
vt 0.959128 0.443991
vt 0.933972 0.443991
vt 0.960977 0.446640
vt 0.618237 0.353385
vt 0.605597 0.366028
vt 0.621872 0.357017
vt 0.639765 0.339127
vt 0.606446 0.372471
vt 0.609242 0.369670
vt 0.766708 0.288150
vt 0.016738 0.757345
vt 0.004387 0.753158
vt 0.706219 0.632264
vt 0.706219 0.604000
vt 0.557241 0.332262
vt 0.594251 0.284210
vt 0.586312 0.297958
vt 0.524176 0.391550
vt 0.538186 0.386464
vt 0.524176 0.381105
vt 0.247574 0.686290
vt 0.246749 0.683582
vt 0.525201 0.940954
vt 0.528577 0.915591
vt 0.516101 0.928830
vt 0.549344 0.915768
vt 0.283517 0.584355
vt 0.298700 0.595612
vt 0.453018 0.920167
vt 0.452982 0.940746
vt 0.465303 0.920086
vt 0.995024 0.286475
vt 0.903531 0.262028
vt 0.891219 0.286473
vt 0.982701 0.262023
vt 0.934089 0.890769
vt 0.994884 0.879226
vt 0.920032 0.879198
vt 0.994871 0.890739
vt 0.008856 0.887470
vt 0.066136 0.861177
vt 0.204760 0.817551
vt 0.196584 0.868924
vt 0.196390 0.842046
vt 0.061096 0.938561
vt 0.771188 0.693157
vt 0.684409 0.637726
vt 0.706547 0.640981
vt 0.819899 0.648706
vt 0.759293 0.651408
vt 0.821955 0.651408
vt 0.761371 0.648706
vt 0.194215 0.826003
vt 0.141148 0.843541
vt 0.055872 0.366351
vt 0.004126 0.363622
vt 0.008864 0.366351
vt 0.060640 0.363622
vt 0.744459 0.666428
vt 0.245233 0.994526
vt 0.445648 0.861001
vt 0.245233 0.861001
vt 0.445648 0.994526
vt 0.016237 0.791912
vt 0.020260 0.830016
vt 0.930095 0.049511
vt 0.929552 0.089289
vt 0.118253 0.926962
vt 0.526039 0.872797
vt 0.452982 0.870100
vt 0.453806 0.872797
vt 0.527934 0.870100
vt 0.410371 0.257627
vt 0.809723 0.574778
vt 0.789869 0.564297
vt 0.801684 0.576107
vt 0.791153 0.556204
vt 0.805275 0.579307
vt 0.786656 0.560675
vt 0.538186 0.396476
vt 0.304331 0.515055
vt 0.350722 0.515055
vt 0.497237 0.388697
vt 0.624831 0.324196
vt 0.550032 0.381823
vt 0.134792 0.798987
vt 0.146326 0.787643
vt 0.721331 0.303703
vt 0.097271 0.892674
vt 0.133818 0.877846
vt 0.145434 0.866290
vt 0.019872 0.874809
vt 0.073028 0.927320
vt 0.055743 0.851197
vt 0.954819 0.013333
vt 0.896489 0.013918
vt 0.889702 0.013918
vt 0.889702 0.047499
vt 0.529200 0.361333
vt 0.504212 0.381106
vt 0.477037 0.928803
vt 0.290466 0.576883
vt 0.775646 0.578517
vt 0.771920 0.575609
vt 0.480947 0.345513
vt 0.369758 0.493619
vt 0.369837 0.495003
vt 0.307917 0.584656
vt 0.307857 0.576883
vt 0.766435 0.162834
vt 0.729981 0.168601
vt 0.745226 0.184039
vt 0.751021 0.147511
vt 0.786818 0.204080
vt 0.710044 0.168485
vt 0.750907 0.127525
vt 0.657105 0.163470
vt 0.687022 0.146900
vt 0.679871 0.139936
vt 0.658321 0.176861
vt 0.903648 0.801449
vt 0.993807 0.798829
vt 0.901835 0.798829
vt 0.995693 0.801449
vt 0.552681 0.874647
vt 0.536382 0.877278
vt 0.554611 0.877278
vt 0.538277 0.874647
vt 0.862717 0.142229
vt 0.869915 0.144894
vt 0.871792 0.142229
vt 0.860893 0.144894
vt 0.562668 0.150931
vt 0.579171 0.148294
vt 0.560644 0.148294
vt 0.578454 0.150931
vt 0.893572 0.305999
vt 0.849500 0.308649
vt 0.894307 0.308649
vt 0.848761 0.305999
vt 0.203244 0.793886
vt 0.188317 0.791247
vt 0.187610 0.793886
vt 0.205111 0.791247
vt 0.943157 0.434893
vt 0.963195 0.437489
vt 0.961399 0.434893
vt 0.941262 0.437489
vt 0.231848 0.880711
vt 0.211875 0.883345
vt 0.233622 0.883345
vt 0.212702 0.880711
vt 0.673146 0.077022
vt 0.653499 0.079668
vt 0.673937 0.079668
vt 0.653499 0.077022
vt 0.647678 0.079668
vt 0.645564 0.077022
vt 0.897767 0.795795
vt 0.837185 0.798407
vt 0.895704 0.798407
vt 0.835114 0.795795
vt 0.462422 0.804516
vt 0.456616 0.801859
vt 0.454497 0.804516
vt 0.462442 0.801859
vt 0.482006 0.804516
vt 0.482802 0.801859
vt 0.023598 0.681674
vt 0.004126 0.679032
vt 0.004951 0.681674
vt 0.025825 0.679032
vt 0.993893 0.343910
vt 0.974622 0.346677
vt 0.995844 0.346677
vt 0.976486 0.343910
vt 0.562931 0.073620
vt 0.577400 0.070958
vt 0.562161 0.070958
vt 0.579334 0.073620
vt 0.473410 0.915591
vt 0.517911 0.918244
vt 0.518706 0.915591
vt 0.472694 0.918244
vt 0.165262 0.772601
vt 0.204836 0.770017
vt 0.163349 0.770017
vt 0.202937 0.772601
vt 0.356240 0.210096
vt 0.363424 0.207433
vt 0.354413 0.207433
vt 0.365280 0.210096
vt 0.401434 0.320749
vt 0.385140 0.318129
vt 0.383226 0.320749
vt 0.399553 0.318129
vt 0.400023 0.261703
vt 0.403048 0.258991
vt 0.398391 0.258991
vt 0.404716 0.261703
vt 0.906840 0.126643
vt 0.924853 0.124030
vt 0.904868 0.124030
vt 0.923035 0.126643
vt 0.585169 0.830672
vt 0.588191 0.833373
vt 0.590008 0.830672
vt 0.583392 0.833373
vt 0.030538 0.877681
vt 0.022323 0.880276
vt 0.032441 0.880276
vt 0.024196 0.877681
vt 0.993592 0.081128
vt 0.965524 0.078538
vt 0.967396 0.081128
vt 0.995504 0.078538
vt 0.063910 0.928807
vt 0.055684 0.926204
vt 0.057569 0.928807
vt 0.065834 0.926204
vt 0.909708 0.105834
vt 0.906683 0.108538
vt 0.911477 0.108538
vt 0.904868 0.105834
vt 0.033064 0.828831
vt 0.030050 0.826124
vt 0.028389 0.828831
vt 0.034731 0.826124
vt 0.354413 0.297960
vt 0.385197 0.295383
vt 0.356249 0.295383
vt 0.387053 0.297960
vt 0.980955 0.355603
vt 0.993677 0.353008
vt 0.979170 0.353008
vt 0.995473 0.355603
vt 0.603365 0.045178
vt 0.608151 0.047765
vt 0.607101 0.045178
vt 0.601589 0.047765
vt 0.550180 0.904591
vt 0.553658 0.901943
vt 0.548515 0.901943
vt 0.555297 0.904591
vt 0.937394 0.031530
vt 0.921859 0.034095
vt 0.935625 0.034095
vt 0.920032 0.031530
vt 0.962643 0.160426
vt 0.966139 0.163077
vt 0.967848 0.160426
vt 0.960973 0.163077
vt 0.113636 0.820056
vt 0.140572 0.822615
vt 0.138777 0.820056
vt 0.111790 0.822615
vt 0.213746 0.923173
vt 0.236653 0.925746
vt 0.234815 0.923173
vt 0.211875 0.925746
vt 0.401699 0.311652
vt 0.388906 0.309031
vt 0.387775 0.311652
vt 0.402828 0.309031
vt 0.957942 0.915591
vt 0.992941 0.918174
vt 0.994808 0.915591
vt 0.959132 0.918174
vt 0.054361 0.533459
vt 0.081849 0.536095
vt 0.079999 0.533459
vt 0.049619 0.536099
vt 0.239004 0.941370
vt 0.216610 0.944036
vt 0.238216 0.944036
vt 0.211875 0.941370
vt 0.652858 0.677106
vt 0.641013 0.674484
vt 0.641807 0.677106
vt 0.654851 0.674484
vt 0.143606 0.885263
vt 0.125926 0.887870
vt 0.141780 0.887870
vt 0.123923 0.885263
vt 0.056203 0.862515
vt 0.052912 0.865220
vt 0.057929 0.865220
vt 0.051134 0.862515
vt 0.766336 0.026616
vt 0.759575 0.023949
vt 0.757776 0.026616
vt 0.768104 0.023949
vt 0.807819 0.124030
vt 0.837625 0.126652
vt 0.842396 0.124030
vt 0.809633 0.126652
vt 0.896067 0.262023
vt 0.883273 0.264678
vt 0.897229 0.264678
vt 0.882121 0.262023
vt 0.049800 0.846916
vt 0.026872 0.844318
vt 0.028745 0.846916
vt 0.051683 0.844318
vt 0.177626 0.436408
vt 0.174172 0.439107
vt 0.179336 0.439107
vt 0.172446 0.436408
vt 0.590165 0.758975
vt 0.574670 0.756370
vt 0.572776 0.758975
vt 0.588301 0.756370
vt 0.553623 0.924354
vt 0.550230 0.921657
vt 0.548515 0.924354
vt 0.555333 0.921657
vt 0.758306 0.017883
vt 0.753539 0.020486
vt 0.757268 0.020486
vt 0.751712 0.017883
vt 0.944293 0.428420
vt 0.961727 0.425794
vt 0.945348 0.425794
vt 0.963657 0.428420
vt 0.553946 0.933403
vt 0.541305 0.930755
vt 0.539416 0.933403
vt 0.555773 0.930755
vt 0.841557 0.111463
vt 0.856875 0.108868
vt 0.839663 0.108868
vt 0.854969 0.111463
vt 0.440225 0.214598
vt 0.409404 0.211982
vt 0.407489 0.214598
vt 0.438340 0.211982
vt 0.870482 0.287802
vt 0.888162 0.290410
vt 0.886331 0.287802
vt 0.868475 0.290410
vt 0.612203 0.096322
vt 0.624040 0.093704
vt 0.612999 0.093704
vt 0.626061 0.096322
vt 0.895650 0.155875
vt 0.918120 0.158496
vt 0.917334 0.155875
vt 0.891219 0.158488
vt 0.786611 0.668419
vt 0.759180 0.671011
vt 0.784776 0.671011
vt 0.754745 0.668419
vt 0.354413 0.257061
vt 0.389865 0.254442
vt 0.356299 0.254442
vt 0.394555 0.257061
vt 0.490761 0.861001
vt 0.525797 0.863578
vt 0.523912 0.861001
vt 0.486342 0.863578
vt 0.968513 0.388971
vt 0.916998 0.386368
vt 0.921406 0.388971
vt 0.973213 0.386368
vt 0.769779 0.013206
vt 0.774550 0.017363
vt 0.786921 0.013224
vt 0.801751 0.605849
vt 0.853513 0.603213
vt 0.806496 0.603213
vt 0.858289 0.605849
vt 0.707188 0.034616
vt 0.720054 0.048128
vt 0.721605 0.021229
vt 0.684502 0.011725
vt 0.668829 0.014132
vt 0.630850 0.137520
vt 0.604080 0.139056
vt 0.594721 0.153150
vt 0.626850 0.065264
vt 0.641740 0.073623
vt 0.630420 0.062061
vt 0.638866 0.077290
vt 0.631536 0.092843
vt 0.645138 0.099165
vt 0.634800 0.088858
vt 0.641222 0.102430
vt 0.062162 0.665385
vt 0.058735 0.684104
vt 0.069811 0.673034
vt 0.040520 0.665893
vt 0.437361 0.700263
vt 0.413554 0.700263
vt 0.437361 0.705603
vt 0.381711 0.178913
vt 0.400332 0.175595
vt 0.382133 0.157391
vt 0.389041 0.186886
vt 0.442593 0.739467
vt 0.409004 0.706327
vt 0.409004 0.739467
vt 0.692864 0.281388
vt 0.731571 0.284000
vt 0.733587 0.281388
vt 0.694756 0.284000
vt 0.849372 0.504647
vt 0.864941 0.507192
vt 0.864430 0.504647
vt 0.847244 0.507192
vt 0.993799 0.308607
vt 0.903652 0.305999
vt 0.901835 0.308607
vt 0.995666 0.305999
vt 0.768827 0.701780
vt 0.786835 0.704391
vt 0.785004 0.701780
vt 0.766875 0.704391
vt 0.764832 0.677515
vt 0.786952 0.680122
vt 0.787954 0.677515
vt 0.763841 0.680122
vt 0.112423 0.456122
vt 0.060571 0.458723
vt 0.113591 0.458723
vt 0.058717 0.456122
vt 0.995848 0.924690
vt 0.970242 0.927326
vt 0.993956 0.927326
vt 0.965524 0.924690
vt 0.198841 0.590673
vt 0.147017 0.588050
vt 0.145153 0.590673
vt 0.200017 0.588050
vt 0.033006 0.390917
vt 0.006014 0.393507
vt 0.031168 0.393507
vt 0.004126 0.390917
vt 0.212887 0.901542
vt 0.235043 0.898909
vt 0.211875 0.898909
vt 0.236048 0.901542
vt 0.409004 0.795378
vt 0.444005 0.792761
vt 0.410192 0.792761
vt 0.445939 0.795378
vt 0.522028 0.756066
vt 0.498663 0.757788
vt 0.509478 0.768607
vt 0.557576 0.755137
vt 0.553704 0.758472
vt 0.560275 0.757713
vt 0.563557 0.444036
vt 0.566120 0.446727
vt 0.566854 0.440111
vt 0.667518 0.127957
vt 0.645578 0.126513
vt 0.657185 0.138072
vt 0.649873 0.103765
vt 0.817753 0.558785
vt 0.800235 0.556204
vt 0.801265 0.558785
vt 0.819599 0.556204
vt 0.729869 0.198675
vt 0.586422 0.204098
vt 0.614385 0.068467
vt 0.435764 0.634895
vt 0.409415 0.632116
vt 0.424003 0.646705
vt 0.421195 0.620332
vt 0.850745 0.614950
vt 0.797203 0.612312
vt 0.799079 0.614950
vt 0.855440 0.612312
vt 0.263516 0.615345
vt 0.211875 0.615345
vt 0.211875 0.667077
vt 0.043554 0.440546
vt 0.121339 0.437925
vt 0.048248 0.437925
vt 0.126064 0.440546
vt 0.354413 0.270709
vt 0.408028 0.268090
vt 0.356321 0.268090
vt 0.412696 0.270709
vt 0.652897 0.011668
vt 0.706745 0.052179
vt 0.651251 0.031594
vt 0.640877 0.036901
vt 0.594567 0.070023
vt 0.619686 0.058106
vt 0.596952 0.086139
vt 0.594747 0.102191
vt 0.401423 0.630904
vt 0.406015 0.635505
vt 0.424614 0.616909
vt 0.420013 0.612312
vt 0.562161 0.055323
vt 0.577416 0.052760
vt 0.563996 0.052760
vt 0.579271 0.055323
vt 0.765667 0.011721
vt 0.766035 0.016769
vt 0.769746 0.004236
vt 0.711651 0.011606
vt 0.586439 0.004282
vt 0.735329 0.011686
vt 0.774984 0.051938
vt 0.758691 0.076113
vt 0.770883 0.090040
vt 0.782140 0.147534
vt 0.705977 0.164866
vt 0.747295 0.123443
vt 0.722491 0.097157
vt 0.725085 0.121123
vt 0.729426 0.104396
vt 0.735445 0.111115
vt 0.710582 0.084881
vt 0.709088 0.062780
vt 0.720695 0.074492
vt 0.686410 0.067180
vt 0.660013 0.056157
vt 0.671527 0.052023
vt 0.685148 0.058522
vt 0.675499 0.048718
vt 0.681842 0.062456
vt 0.547747 0.398519
vt 0.532857 0.413403
vt 0.554382 0.427637
vt 0.550740 0.431284
vt 0.588828 0.442633
vt 0.585277 0.436057
vt 0.598788 0.432372
vt 0.602886 0.456689
vt 0.622641 0.456225
vt 0.602274 0.476595
vt 0.592630 0.466953
vt 0.446103 0.733860
vt 0.446103 0.705603
vt 0.745899 0.074406
vt 0.594488 0.129074
vt 0.617425 0.124582
vt 0.634854 0.124162
vt 0.556105 0.780529
vt 0.549651 0.776977
vt 0.545732 0.790440
vt 0.541427 0.746200
vt 0.570050 0.794470
vt 0.569571 0.814274
vt 0.589981 0.793865
vt 0.580308 0.784201
vt 0.693728 0.152921
vt 0.703693 0.142514
vt 0.594596 0.192585
vt 0.594685 0.011741
vt 0.634750 0.192607
vt 0.672710 0.187139
vt 0.482843 0.737842
vt 0.486113 0.715673
vt 0.473078 0.728707
vt 0.526560 0.694131
vt 0.504679 0.697107
vt 0.517723 0.684064
vt 0.548659 0.664124
vt 0.420576 0.650134
vt 0.439114 0.631546
vt 0.771152 0.134836
vt 0.537871 0.651642
vt 0.511587 0.677923
vt 0.532145 0.699715
vt 0.531032 0.720242
vt 0.547209 0.709738
vt 0.544883 0.734089
vt 0.508731 0.742771
vt 0.488528 0.743520
vt 0.452807 0.758296
vt 0.466962 0.722590
vt 0.440108 0.749454
vt 0.558223 0.720752
vt 0.717926 0.187444
vt 0.544749 0.742245
vt 0.527027 0.724524
vt 0.512121 0.739436
vt 0.656324 0.059043
vt 0.648015 0.044121
vt 0.644806 0.047683
vt 0.607163 0.624344
vt 0.607163 0.621256
vt 0.137706 0.590915
vt 0.004126 0.581982
vt 0.004126 0.590915
vt 0.137706 0.581982
vt 0.459172 0.510939
vt 0.454533 0.520829
vt 0.459286 0.522458
vt 0.454180 0.509343
vt 0.492302 0.463057
vt 0.498852 0.462523
vt 0.466024 0.463057
vt 0.428425 0.509343
vt 0.445064 0.463122
vt 0.413717 0.463122
vt 0.413771 0.502466
vt 0.526820 0.484894
vt 0.537532 0.470364
vt 0.526820 0.470364
vt 0.064437 0.713909
vt 0.004126 0.716588
vt 0.068333 0.716588
vt 0.005055 0.713909
vt 0.348461 0.524361
vt 0.322777 0.527046
vt 0.349361 0.527046
vt 0.322674 0.524361
vt 0.320681 0.524361
vt 0.310793 0.527046
vt 0.320630 0.527046
vt 0.310844 0.524361
vt 0.233481 0.527046
vt 0.231588 0.524361
vt 0.183788 0.420884
vt 0.172446 0.418213
vt 0.174353 0.420884
vt 0.185697 0.418213
vt 0.887813 0.114932
vt 0.917312 0.117665
vt 0.919179 0.114932
vt 0.883638 0.117665
vt 0.495657 0.621240
vt 0.446169 0.623978
vt 0.499849 0.623978
vt 0.445483 0.621240
vt 0.444265 0.164636
vt 0.478614 0.161942
vt 0.442366 0.161942
vt 0.477912 0.164636
vt 0.101887 0.794278
vt 0.089435 0.796944
vt 0.099986 0.796944
vt 0.087529 0.794278
vt 0.018528 0.953185
vt 0.005996 0.950468
vt 0.004126 0.953185
vt 0.020354 0.950468
vt 0.664479 0.683582
vt 0.641879 0.686285
vt 0.666369 0.686285
vt 0.641013 0.683582
vt 0.880523 0.135811
vt 0.877870 0.133129
vt 0.877745 0.135811
vt 0.881717 0.133129
vt 0.494103 0.449766
vt 0.409004 0.427311
vt 0.413726 0.449766
vt 0.518472 0.427311
vt 0.402736 0.719976
vt 0.211875 0.853505
vt 0.402736 0.853505
vt 0.211875 0.719976
vt 0.620148 0.294277
vt 0.620266 0.305680
vt 0.624989 0.303995
vt 0.587104 0.246262
vt 0.580587 0.245747
vt 0.625108 0.292878
vt 0.580465 0.234375
vt 0.585309 0.244132
vt 0.556774 0.463203
vt 0.581296 0.513355
vt 0.590282 0.504966
vt 0.590170 0.453579
vt 0.590170 0.463203
vt 0.665710 0.246306
vt 0.634364 0.246680
vt 0.665856 0.285712
vt 0.579559 0.524038
vt 0.579559 0.538537
vt 0.590282 0.538537
vt 0.388570 0.327228
vt 0.397601 0.329894
vt 0.399473 0.327228
vt 0.388700 0.329894
vt 0.934758 0.096735
vt 0.995028 0.099477
vt 0.994104 0.096735
vt 0.930647 0.099477
vt 0.956008 0.169523
vt 0.965134 0.172174
vt 0.967095 0.169523
vt 0.956313 0.172174
vt 0.774824 0.621411
vt 0.853200 0.624085
vt 0.851275 0.621411
vt 0.772939 0.624085
vt 0.162907 0.850017
vt 0.151592 0.847352
vt 0.149700 0.850017
vt 0.161032 0.847352
vt 0.201385 0.759064
vt 0.151889 0.756370
vt 0.151217 0.759064
vt 0.205302 0.756370
vt 0.023840 0.653253
vt 0.058141 0.655933
vt 0.060038 0.653253
vt 0.024535 0.655933
vt 0.907060 0.530067
vt 0.894631 0.527392
vt 0.892736 0.530067
vt 0.905174 0.527392
vt 0.224315 0.953190
vt 0.236852 0.950468
vt 0.222488 0.950468
vt 0.238702 0.953190
vt 0.870002 0.391155
vt 0.751778 0.363622
vt 0.738065 0.391155
vt 0.856293 0.363622
vt 0.806302 0.240070
vt 0.994342 0.228669
vt 0.806302 0.228661
vt 0.994342 0.240079
vt 0.697121 0.522844
vt 0.829128 0.534210
vt 0.829128 0.522844
vt 0.697121 0.534210
vt 0.835708 0.536499
vt 0.995720 0.592534
vt 0.967813 0.536493
vt 0.807819 0.592527
vt 0.428344 0.538699
vt 0.426427 0.560976
vt 0.451961 0.524195
vt 0.494103 0.460909
vt 0.499045 0.451175
vt 0.409004 0.560976
vt 0.413771 0.538699
vt 0.500513 0.486914
vt 0.500653 0.495597
vt 0.502165 0.484894
vt 0.868897 0.135811
vt 0.866958 0.133129
vt 0.885613 0.819715
vt 0.861729 0.817026
vt 0.857860 0.819715
vt 0.887476 0.817026
vt 0.769909 0.210464
vt 0.787033 0.344042
vt 0.787033 0.210464
vt 0.769909 0.344042
vt 0.954741 0.172174
vt 0.953392 0.169523
vt 0.491219 0.827310
vt 0.520730 0.824607
vt 0.489376 0.824607
vt 0.524631 0.827310
vt 0.428344 0.524195
vt 0.528383 0.495597
vt 0.585430 0.232947
vt 0.650857 0.292434
vt 0.613349 0.246426
vt 0.004126 0.995274
vt 0.215488 0.950468
vt 0.027398 0.950468
vt 0.238757 0.995274
vt 0.786839 0.861001
vt 0.586422 0.994530
vt 0.786839 0.994530
vt 0.586422 0.861001
vt 0.537532 0.504028
vt 0.385917 0.329894
vt 0.384743 0.327228
vt 0.627664 0.307087
vt 0.653028 0.344103
vt 0.460606 0.544906
vt 0.459868 0.554588
vt 0.486873 0.544906
vt 0.133808 0.500159
vt 0.107886 0.474945
vt 0.124136 0.499159
vt 0.166913 0.528235
vt 0.204530 0.554296
vt 0.178164 0.516982
vt 0.106099 0.516125
vt 0.098742 0.483922
vt 0.916049 0.455633
vt 0.937699 0.485100
vt 0.941627 0.481211
vt 0.912081 0.459484
vt 0.647266 0.692681
vt 0.677012 0.703998
vt 0.688507 0.692681
vt 0.647080 0.703998
vt 0.933934 0.807927
vt 0.888823 0.810643
vt 0.933956 0.810643
vt 0.888764 0.807927
vt 0.955946 0.810643
vt 0.956067 0.807927
vt 0.961776 0.807927
vt 0.961642 0.810643
vt 0.993085 0.807927
vt 0.995051 0.810643
vt 0.038538 0.533110
vt 0.032938 0.530426
vt 0.034703 0.533110
vt 0.040511 0.530426
vt 0.065058 0.608969
vt 0.041634 0.606247
vt 0.041643 0.608969
vt 0.066789 0.606247
vt 0.399390 0.248107
vt 0.383495 0.245342
vt 0.383515 0.248107
vt 0.400164 0.245342
vt 0.371659 0.248107
vt 0.371638 0.245342
vt 0.265805 0.604727
vt 0.212275 0.607460
vt 0.265798 0.607460
vt 0.210355 0.604727
vt 0.284455 0.604727
vt 0.284485 0.607460
vt 0.296882 0.607460
vt 0.298732 0.604727
vt 0.356334 0.238948
vt 0.390610 0.236246
vt 0.354413 0.236246
vt 0.392477 0.238948
vt 0.028734 0.862515
vt 0.035728 0.865242
vt 0.034063 0.862515
vt 0.026872 0.865242
vt 0.995356 0.222350
vt 0.946403 0.219565
vt 0.946403 0.222350
vt 0.995356 0.219565
vt 0.850781 0.807927
vt 0.848761 0.810643
vt 0.004126 0.372720
vt 0.047242 0.375449
vt 0.052133 0.372720
vt 0.006014 0.375449
vt 0.140604 0.801521
vt 0.153751 0.798829
vt 0.142461 0.798829
vt 0.155664 0.801521
vt 0.750195 0.556204
vt 0.780897 0.558905
vt 0.782795 0.556204
vt 0.750979 0.558905
vt 0.109361 0.898909
vt 0.092430 0.901646
vt 0.108574 0.901646
vt 0.087529 0.898909
vt 0.935154 0.417995
vt 0.845381 0.429737
vt 0.884109 0.469015
vt 0.895886 0.379233
vt 0.911305 0.504947
vt 0.931526 0.491326
vt 0.928717 0.488723
vt 0.909587 0.513283
vt 0.105773 0.528114
vt 0.118905 0.528352
vt 0.129703 0.504260
vt 0.004914 0.608969
vt 0.004126 0.606247
vt 0.004126 0.554489
vt 0.118680 0.543421
vt 0.084108 0.543590
vt 0.034405 0.516031
vt 0.057261 0.527338
vt 0.068991 0.516025
vt 0.046158 0.527399
vt 0.849188 0.219565
vt 0.849188 0.222350
vt 0.888019 0.528837
vt 0.862428 0.515955
vt 0.843550 0.529137
vt 0.833566 0.437097
vt 0.836304 0.438432
vt 0.696766 0.269971
vt 0.730912 0.272489
vt 0.732912 0.269971
vt 0.694755 0.272489
vt 0.143923 0.490289
vt 0.114843 0.468237
vt 0.140203 0.494008
vt 0.118184 0.464899
vt 0.457507 0.181655
vt 0.435272 0.184386
vt 0.458130 0.184386
vt 0.433268 0.181655
vt 0.027835 0.498526
vt 0.027969 0.448621
vt 0.004259 0.428059
vt 0.354413 0.248107
vt 0.354918 0.245342
vt 0.775663 0.710877
vt 0.711978 0.713554
vt 0.775600 0.713554
vt 0.710767 0.710877
vt 0.785839 0.713554
vt 0.787814 0.710877
vt 0.833773 0.487064
vt 0.816917 0.502506
vt 0.836844 0.503912
vt 0.572866 0.986612
vt 0.579195 0.983829
vt 0.571259 0.983829
vt 0.577593 0.986612
vt 0.150073 0.483888
vt 0.149075 0.474220
vt 0.124865 0.457960
vt 0.193422 0.501353
vt 0.077620 0.354627
vt 0.098490 0.378044
vt 0.193330 0.468753
vt 0.178020 0.455848
vt 0.178264 0.468980
vt 0.951219 0.471581
vt 0.921759 0.449927
vt 0.947336 0.475506
vt 0.925603 0.445962
vt 0.573477 0.045476
vt 0.562161 0.015729
vt 0.562161 0.045667
vt 0.573477 0.004236
vt 0.037400 0.569850
vt 0.043226 0.572565
vt 0.043111 0.569850
vt 0.037533 0.572565
vt 0.583392 0.812125
vt 0.588988 0.809444
vt 0.585159 0.809444
vt 0.590963 0.812125
vt 0.029300 0.354523
vt 0.005861 0.357248
vt 0.029292 0.357248
vt 0.004126 0.354523
vt 0.949617 0.909259
vt 0.965502 0.906494
vt 0.948844 0.906494
vt 0.965484 0.909259
vt 0.977334 0.909259
vt 0.977356 0.906494
vt 0.485908 0.888296
vt 0.539444 0.891029
vt 0.541360 0.888296
vt 0.485913 0.891029
vt 0.467258 0.888296
vt 0.467229 0.891029
vt 0.454825 0.891029
vt 0.452982 0.888296
vt 0.410921 0.810958
vt 0.445230 0.813660
vt 0.447095 0.810958
vt 0.409004 0.813660
vt 0.032349 0.521327
vt 0.025357 0.524056
vt 0.034207 0.524056
vt 0.027018 0.521327
vt 0.110356 0.572565
vt 0.148396 0.569850
vt 0.110411 0.569850
vt 0.150417 0.572565
vt 0.947327 0.108565
vt 0.990459 0.105834
vt 0.949211 0.105834
vt 0.995352 0.108565
vt 0.822488 0.069098
vt 0.809336 0.066408
vt 0.811195 0.069098
vt 0.824406 0.066408
vt 0.734278 0.128582
vt 0.703565 0.131282
vt 0.733496 0.131282
vt 0.701671 0.128582
vt 0.941262 0.413664
vt 0.958203 0.416399
vt 0.963096 0.413664
vt 0.942049 0.416399
vt 0.970061 0.369884
vt 0.995243 0.376619
vt 0.968599 0.349974
vt 0.982101 0.382800
vt 0.970857 0.444296
vt 0.979192 0.442606
vt 0.979368 0.436899
vt 0.133845 0.448817
vt 0.982019 0.395462
vt 0.154173 0.479784
vt 0.006091 0.569850
vt 0.004126 0.572565
vt 0.954571 0.461659
vt 0.957167 0.464473
vt 0.066041 0.357248
vt 0.066826 0.354523
vt 0.970700 0.407177
vt 0.065240 0.569850
vt 0.065219 0.572565
vt 0.204677 0.363454
vt 0.193544 0.388206
vt 0.193489 0.434183
vt 0.903240 0.367422
vt 0.904596 0.370153
vt 0.994812 0.421090
vt 0.178196 0.450132
vt 0.994575 0.909259
vt 0.994068 0.906494
vt 0.411013 0.804377
vt 0.445194 0.801859
vt 0.409004 0.801859
vt 0.447185 0.804377
vt 0.164555 0.359912
vt 0.148421 0.377853
vt 0.565877 0.765469
vt 0.588006 0.768180
vt 0.590004 0.765469
vt 0.565195 0.768180
vt 0.800235 0.222350
vt 0.800235 0.219565
vt 0.187517 0.363474
vt 0.953140 0.366890
vt 0.133760 0.429318
vt 0.102563 0.383895
vt 0.095705 0.391003
vt 0.165965 0.384490
vt 0.930666 0.510712
vt 0.994355 0.513391
vt 0.995563 0.510712
vt 0.930729 0.513391
vt 0.920490 0.513391
vt 0.918515 0.510712
vt 0.009813 0.514702
vt 0.100055 0.528293
vt 0.151282 0.543501
vt 0.166047 0.456185
vt 0.165959 0.419077
vt 0.187505 0.354523
vt 0.849753 0.516000
vt 0.687057 0.210647
vt 0.560644 0.210464
vt 0.665735 0.233099
vt 0.553340 0.513355
vt 0.554938 0.524038
vt 0.819921 0.513746
vt 0.795984 0.516489
vt 0.823987 0.516489
vt 0.794170 0.513746
vt 0.651390 0.321801
vt 0.651116 0.307449
vt 0.908621 0.167678
vt 0.886013 0.164975
vt 0.885155 0.167678
vt 0.910489 0.164975
vt 0.553300 0.522059
vt 0.513580 0.453579
vt 0.514406 0.463187
vt 0.540628 0.463187
vt 0.513580 0.462148
vt 0.665696 0.321913
vt 0.686968 0.344175
vt 0.682905 0.668419
vt 0.708199 0.671109
vt 0.709110 0.668419
vt 0.681958 0.671109
vt 0.038123 0.543663
vt 0.902041 0.469224
vt 0.935355 0.435925
vt 0.903876 0.513445
vt 0.874184 0.504674
vt 0.177274 0.407346
vt 0.177331 0.396245
vt 0.033822 0.452625
vt 0.079240 0.483828
vt 0.040931 0.445769
vt 0.459713 0.545991
vt 0.502757 0.545071
vt 0.536445 0.554588
vt 0.536445 0.545071
vt 0.994580 0.995635
vt 0.794175 0.804762
vt 0.794170 0.995626
vt 0.828683 0.795795
vt 0.811315 0.795795
vt 0.811316 0.804755
vt 0.994583 0.961718
s 0
usemtl PDXmat_star_eater_01_core_g_body_g_bodyShape
f 2/1/1 3/2/2 1/3/3
f 2/1/1 4/4/2 3/2/2
f 6/5/4 7/6/5 5/7/6
f 6/5/7 8/8/8 7/6/5
f 9/9/9 10/10/10 7/6/11
f 12/11/12 13/12/13 11/13/14
f 15/14/15 16/15/16 14/16/17
f 15/14/18 18/17/19 17/18/20
f 15/14/15 19/19/21 18/17/19
f 18/17/22 20/20/23 17/18/24
f 18/17/22 21/21/25 20/20/23
f 22/22/26 20/20/27 21/21/28
f 22/22/26 23/23/29 20/20/27
f 22/22/26 24/24/30 23/23/31
f 22/22/26 25/25/32 24/24/30
f 26/26/33 24/24/34 25/25/35
f 26/26/33 27/27/36 24/24/37
f 26/26/38 28/28/39 27/27/36
f 26/26/38 29/29/40 28/28/39
f 29/29/40 30/30/41 28/28/39
f 29/29/40 31/31/42 30/30/42
f 33/32/43 34/33/44 32/34/45
f 36/35/46 37/36/47 35/37/48
f 36/35/46 33/32/49 37/36/47
f 37/36/50 5/7/51 35/37/48
f 37/36/47 6/5/7 5/7/51
f 39/38/52 40/39/53 38/40/54
f 42/41/55 43/42/56 41/43/57
f 45/44/58 43/42/59 44/45/60
f 46/46/61 47/47/62 45/44/58
f 49/48/63 47/47/62 48/49/64
f 51/50/65 52/51/66 50/52/67
f 51/50/65 53/53/68 52/51/69
f 55/54/70 56/55/71 54/56/70
f 55/54/70 57/57/71 56/55/71
f 4/4/72 58/58/73 3/2/72
f 4/4/72 59/59/73 58/58/73
f 61/60/74 62/61/75 60/62/74
f 61/60/74 63/63/75 62/61/75
f 65/64/76 60/62/77 64/65/76
f 65/64/76 61/60/77 60/62/77
f 67/66/78 68/67/79 66/68/79
f 67/66/78 69/69/80 68/67/79
f 70/70/81 69/69/82 67/66/83
f 72/71/84 73/72/85 71/73/86
f 72/71/84 74/74/87 73/72/85
f 76/75/88 72/71/89 75/76/90
f 76/75/91 74/74/87 72/71/89
f 78/77/92 79/78/93 77/79/94
f 78/77/92 80/80/93 79/78/93
f 9/9/95 8/8/8 81/81/96
f 9/9/97 7/6/11 8/8/98
f 83/82/99 84/83/100 82/84/100
f 83/82/99 85/85/101 84/83/100
f 87/86/102 50/52/67 86/87/102
f 87/86/102 51/50/65 50/52/67
f 12/11/12 88/88/103 14/16/17
f 2/1/104 90/89/105 89/90/105
f 2/1/1 1/3/1 90/89/105
f 89/90/105 92/91/106 91/92/107
f 89/90/105 90/89/105 92/91/106
f 9/9/9 38/40/54 10/10/108
f 85/85/101 52/51/66 53/53/109
f 85/85/110 83/82/111 52/51/66
f 94/93/112 95/94/113 93/95/113
f 94/93/112 96/96/112 95/94/113
f 97/97/114 58/58/73 59/59/73
f 97/97/114 98/98/114 58/58/73
f 99/99/115 62/61/75 63/63/75
f 99/99/115 100/100/115 62/61/75
f 93/95/116 102/101/117 101/102/118
f 93/95/116 95/94/116 102/101/117
f 103/103/119 56/55/120 57/57/120
f 103/103/119 104/104/119 56/55/120
f 73/72/121 105/105/122 71/73/86
f 106/106/123 11/13/124 13/12/125
f 9/9/9 39/38/126 38/40/54
f 108/107/127 109/108/128 107/109/129
f 111/110/130 112/111/131 110/112/131
f 111/110/130 113/113/130 112/111/131
f 70/70/132 75/76/90 69/69/80
f 105/105/133 78/77/92 77/79/134
f 105/105/133 77/79/134 71/73/86
f 70/70/135 76/75/88 75/76/90
f 42/41/55 44/45/136 43/42/56
f 109/108/128 114/114/137 107/109/129
f 116/115/138 97/97/114 115/116/138
f 116/115/138 98/98/114 97/97/114
f 92/91/106 117/117/139 91/92/140
f 92/91/106 118/118/139 117/117/139
f 120/119/141 121/120/141 119/121/141
f 104/104/142 65/64/143 64/65/143
f 104/104/142 103/103/142 65/64/143
f 122/122/144 101/102/145 102/101/146
f 122/122/144 123/123/144 101/102/145
f 96/96/147 55/54/70 54/56/70
f 96/96/147 94/93/147 55/54/70
f 119/121/141 124/124/141 120/119/141
f 119/121/141 125/125/141 124/124/141
f 125/125/141 126/126/141 124/124/141
f 125/125/141 127/127/141 126/126/141
f 128/128/141 126/126/141 127/127/141
f 19/19/148 15/14/15 14/16/149
f 16/15/150 12/11/12 14/16/17
f 130/129/151 131/130/152 129/131/153
f 131/130/154 132/132/155 129/131/156
f 133/133/157 134/134/158 132/132/159
f 131/130/154 133/133/157 132/132/155
f 135/135/160 133/133/161 131/130/154
f 136/136/162 135/135/160 131/130/163
f 137/137/164 135/135/160 136/136/165
f 138/138/166 139/139/167 134/134/168
f 133/133/157 138/138/166 134/134/158
f 140/140/169 138/138/170 133/133/157
f 135/135/171 140/140/172 133/133/173
f 141/141/174 140/140/175 135/135/160
f 137/137/176 141/141/177 135/135/160
f 142/142/178 141/141/177 137/137/176
f 143/143/179 144/144/180 136/136/181
f 145/145/182 142/142/183 137/137/184
f 147/146/185 148/147/186 146/148/187
f 129/131/156 150/149/188 149/150/189
f 151/151/190 152/152/191 150/149/192
f 129/131/156 151/151/193 150/149/188
f 132/132/155 151/151/193 129/131/194
f 153/153/195 146/148/196 152/152/197
f 151/151/190 153/153/198 152/152/191
f 154/154/199 153/153/200 151/151/190
f 132/132/201 154/154/199 151/151/193
f 134/134/158 154/154/202 132/132/203
f 155/155/204 147/146/185 146/148/187
f 153/153/205 155/155/204 146/148/206
f 156/156/207 155/155/208 153/153/209
f 154/154/199 156/156/210 153/153/209
f 157/157/211 156/156/210 154/154/212
f 134/134/158 157/157/211 154/154/202
f 139/139/167 157/157/213 134/134/168
f 158/158/214 159/159/215 139/139/167
f 160/160/216 161/161/217 159/159/218
f 158/158/219 160/160/220 159/159/218
f 162/162/221 160/160/216 158/158/219
f 163/163/222 164/164/223 142/142/183
f 165/165/224 166/166/225 164/164/226
f 163/163/227 165/165/228 164/164/229
f 167/167/230 164/164/226 166/166/231
f 169/168/232 170/169/233 168/170/234
f 162/162/235 168/170/236 171/171/237
f 158/158/219 168/170/236 162/162/238
f 141/141/239 142/142/183 164/164/223
f 169/168/240 141/141/241 164/164/242
f 140/140/243 141/141/241 169/168/240
f 168/170/234 140/140/244 169/168/240
f 138/138/170 140/140/245 168/170/236
f 158/158/246 138/138/247 168/170/236
f 139/139/167 138/138/166 158/158/246
f 142/142/183 145/145/248 163/163/249
f 172/172/250 159/159/251 161/161/252
f 174/173/253 172/172/254 173/174/255
f 175/175/256 172/172/257 174/173/258
f 177/176/259 175/175/260 176/177/261
f 155/155/262 175/175/260 178/178/263
f 157/157/211 139/139/167 159/159/264
f 172/172/250 157/157/211 159/159/215
f 156/156/210 157/157/211 172/172/250
f 175/175/256 156/156/265 172/172/257
f 155/155/208 156/156/210 175/175/256
f 147/146/185 155/155/204 179/179/266
f 137/137/267 136/136/162 144/144/268
f 145/145/269 137/137/164 144/144/268
f 180/180/270 150/149/192 152/152/191
f 181/181/271 152/152/197 146/148/187
f 181/181/272 180/180/273 152/152/197
f 146/148/187 148/147/274 181/181/275
f 163/163/222 145/145/248 182/182/276
f 163/163/222 182/182/277 183/183/278
f 183/183/278 165/165/228 163/163/222
f 149/150/189 130/129/151 129/131/156
f 185/184/279 130/129/151 184/185/280
f 177/176/281 178/178/263 175/175/260
f 174/173/258 176/177/282 175/175/260
f 161/161/252 173/174/255 172/172/283
f 169/168/232 167/167/284 170/169/285
f 170/169/286 171/171/287 168/170/236
f 169/168/240 164/164/242 167/167/230
f 186/186/288 167/167/289 166/166/231
f 46/46/61 48/49/64 47/47/62
f 16/15/150 13/12/290 12/11/12
f 179/179/291 155/155/204 178/178/263
f 187/187/292 45/44/293 44/45/136
f 187/187/292 46/46/61 45/44/293
f 36/35/46 34/33/44 33/32/43
f 136/136/162 131/130/152 185/184/279
f 143/143/294 136/136/181 185/184/295
f 185/184/279 131/130/154 130/129/151
f 189/188/2 190/189/1 188/190/3
f 189/188/2 191/191/2 190/189/1
f 193/192/296 194/193/297 192/194/298
f 193/192/296 195/195/299 194/193/300
f 196/196/301 197/197/302 193/192/303
f 199/198/304 200/199/305 198/200/306
f 202/201/307 203/202/308 201/203/309
f 205/204/310 203/202/311 204/205/312
f 205/204/310 206/206/313 203/202/308
f 207/207/314 205/204/315 204/205/316
f 207/207/314 208/208/317 205/204/315
f 210/209/318 207/207/314 209/210/319
f 210/209/318 208/208/317 207/207/320
f 211/211/321 210/209/318 209/210/322
f 211/211/321 212/212/323 210/209/318
f 214/213/324 211/211/325 213/214/326
f 214/213/324 212/212/327 211/211/325
f 215/215/328 214/213/329 213/214/326
f 215/215/328 216/216/330 214/213/329
f 216/216/330 218/217/331 217/218/331
f 216/216/330 215/215/328 218/217/332
f 220/219/333 221/220/334 219/221/335
f 223/222/336 224/223/337 222/224/338
f 223/222/336 221/220/339 224/223/337
f 192/194/298 223/222/340 222/224/338
f 192/194/341 194/193/300 223/222/336
f 226/225/342 227/226/343 225/227/344
f 229/228/345 230/229/346 228/230/347
f 229/228/348 232/231/349 231/232/350
f 233/233/351 234/234/352 232/231/349
f 233/233/351 236/235/353 235/236/354
f 238/237/355 239/238/356 237/239/357
f 238/237/358 240/240/359 239/238/356
f 242/241/360 243/242/361 241/243/361
f 242/241/360 244/244/360 243/242/361
f 245/245/73 191/191/72 189/188/72
f 245/245/73 246/246/73 191/191/72
f 248/247/362 249/248/363 247/249/363
f 248/247/362 250/250/362 249/248/363
f 247/249/364 252/251/365 251/252/365
f 247/249/364 249/248/364 252/251/365
f 254/253/366 255/254/79 253/255/367
f 254/253/366 256/256/79 255/254/79
f 253/255/368 257/257/369 254/253/370
f 259/258/371 260/259/372 258/260/373
f 259/258/371 261/261/374 260/259/375
f 262/262/376 260/259/377 261/261/374
f 262/262/378 263/263/379 260/259/377
f 265/264/380 266/265/381 264/266/381
f 265/264/380 267/267/382 266/265/381
f 197/197/383 195/195/299 193/192/303
f 197/197/384 268/268/385 195/195/299
f 270/269/386 271/270/387 269/271/388
f 270/269/386 272/272/387 271/270/387
f 237/239/357 274/273/389 273/274/389
f 237/239/357 239/238/356 274/273/389
f 275/275/390 200/199/305 201/203/309
f 277/276/105 190/189/104 276/277/105
f 277/276/105 188/190/1 190/189/1
f 279/278/106 276/277/105 278/279/107
f 279/278/106 277/276/105 276/277/105
f 225/227/344 197/197/302 196/196/391
f 238/237/355 269/271/388 240/240/392
f 238/237/355 270/269/393 269/271/394
f 281/280/395 282/281/396 280/282/395
f 281/280/395 283/283/397 282/281/397
f 245/245/73 284/284/114 246/246/73
f 245/245/73 285/285/114 284/284/114
f 248/247/362 286/286/398 250/250/362
f 248/247/362 287/287/398 286/286/398
f 289/288/399 280/282/400 288/289/401
f 289/288/399 281/280/400 280/282/400
f 242/241/402 290/290/403 244/244/402
f 242/241/402 291/291/403 290/290/403
f 292/292/404 259/258/405 258/260/373
f 198/200/406 293/293/407 199/198/408
f 227/226/409 197/197/302 225/227/344
f 295/294/410 296/295/411 294/296/129
f 298/297/412 299/298/413 297/299/412
f 298/297/412 300/300/413 299/298/413
f 263/263/379 257/257/414 253/255/367
f 265/264/380 292/292/415 267/267/416
f 267/267/416 292/292/415 258/260/373
f 262/262/378 257/257/417 263/263/379
f 231/232/418 230/229/346 229/228/345
f 301/301/137 295/294/410 294/296/129
f 284/284/114 303/302/138 302/303/138
f 284/284/114 285/285/114 303/302/138
f 304/304/139 279/278/106 278/279/140
f 304/304/139 305/305/139 279/278/106
f 307/306/141 308/307/141 306/308/141
f 252/251/419 291/291/420 251/252/419
f 252/251/419 290/290/420 291/291/420
f 288/289/421 309/309/422 289/288/423
f 288/289/421 310/310/422 309/309/422
f 243/242/361 283/283/424 241/243/361
f 243/242/361 282/281/424 283/283/424
f 311/311/141 306/308/141 308/307/141
f 311/311/141 312/312/141 306/308/141
f 313/313/141 312/312/141 311/311/141
f 313/313/141 314/314/141 312/312/141
f 313/313/141 315/315/141 314/314/141
f 203/202/308 206/206/425 201/203/426
f 200/199/305 202/201/427 201/203/309
f 317/316/428 318/317/429 316/318/430
f 319/319/431 317/316/432 316/318/433
f 320/320/434 321/321/435 319/319/436
f 321/321/435 317/316/432 319/319/431
f 321/321/437 322/322/438 317/316/432
f 322/322/438 323/323/439 317/316/440
f 322/322/438 324/324/441 323/323/442
f 325/325/443 326/326/444 320/320/434
f 326/326/444 321/321/435 320/320/434
f 326/326/444 327/327/445 321/321/435
f 327/327/446 322/322/447 321/321/448
f 327/327/449 328/328/450 322/322/438
f 328/328/451 324/324/452 322/322/438
f 328/328/451 329/329/453 324/324/454
f 330/330/180 331/331/179 323/323/455
f 329/329/456 332/332/457 324/324/454
f 334/333/458 335/334/459 333/335/460
f 337/336/461 316/318/433 336/337/462
f 338/338/463 339/339/464 337/336/465
f 339/339/466 316/318/433 337/336/461
f 339/339/466 319/319/431 316/318/467
f 333/335/468 340/340/469 338/338/470
f 340/340/471 339/339/464 338/338/463
f 340/340/472 341/341/473 339/339/464
f 341/341/473 319/319/474 339/339/466
f 341/341/475 320/320/434 319/319/476
f 335/334/459 342/342/477 333/335/460
f 342/342/477 340/340/478 333/335/479
f 342/342/480 343/343/481 340/340/482
f 343/343/483 341/341/473 340/340/482
f 343/343/483 344/344/484 341/341/485
f 344/344/486 320/320/487 341/341/485
f 344/344/488 325/325/443 320/320/489
f 345/345/490 346/346/491 325/325/443
f 347/347/492 348/348/493 345/345/494
f 348/348/495 346/346/491 345/345/490
f 348/348/493 349/349/496 346/346/497
f 350/350/498 351/351/499 329/329/456
f 352/352/500 353/353/501 350/350/502
f 353/353/503 351/351/504 350/350/505
f 350/350/506 354/354/507 352/352/508
f 356/355/509 357/356/510 355/357/511
f 355/357/512 349/349/513 358/358/514
f 355/357/512 346/346/497 349/349/515
f 329/329/456 328/328/516 350/350/517
f 328/328/518 357/356/519 350/350/520
f 328/328/521 327/327/522 357/356/519
f 327/327/523 355/357/512 357/356/519
f 327/327/524 326/326/525 355/357/512
f 326/326/526 346/346/527 355/357/512
f 326/326/444 325/325/443 346/346/527
f 332/332/248 329/329/456 351/351/528
f 345/345/529 359/359/530 347/347/531
f 359/359/532 361/360/533 360/361/534
f 359/359/532 362/362/535 361/360/536
f 362/362/537 364/363/538 363/364/539
f 362/362/537 342/342/540 365/365/541
f 325/325/443 344/344/484 345/345/542
f 344/344/484 359/359/530 345/345/529
f 344/344/484 343/343/483 359/359/530
f 343/343/543 362/362/535 359/359/532
f 343/343/483 342/342/540 362/362/535
f 342/342/477 335/334/459 366/366/544
f 323/323/439 324/324/545 330/330/268
f 324/324/441 332/332/269 330/330/268
f 337/336/465 367/367/546 338/338/463
f 368/368/547 338/338/470 367/367/548
f 368/368/547 333/335/460 338/338/470
f 334/333/549 333/335/460 368/368/550
f 332/332/248 351/351/499 369/369/276
f 369/369/551 351/351/499 370/370/278
f 353/353/503 370/370/278 351/351/499
f 318/317/429 336/337/462 316/318/433
f 318/317/429 372/371/279 371/372/280
f 365/365/541 364/363/552 362/362/537
f 363/364/553 361/360/536 362/362/535
f 360/361/534 347/347/531 359/359/554
f 354/354/555 357/356/510 356/355/556
f 358/358/557 356/355/558 355/357/512
f 350/350/520 357/356/519 354/354/507
f 354/354/559 373/373/560 352/352/561
f 235/236/354 234/234/352 233/233/351
f 199/198/408 202/201/427 200/199/305
f 342/342/540 366/366/562 365/365/541
f 232/231/563 374/374/564 231/232/418
f 234/234/352 374/374/564 232/231/563
f 220/219/333 224/223/337 221/220/334
f 317/316/428 323/323/439 372/371/279
f 323/323/565 331/331/294 372/371/295
f 317/316/432 372/371/279 318/317/429
f 376/188/566 377/189/567 375/190/568
f 376/188/566 378/191/566 377/189/567
f 380/192/569 381/193/570 379/194/571
f 380/192/569 382/195/572 381/193/573
f 383/196/574 384/197/575 380/192/576
f 386/198/577 387/199/578 385/200/579
f 389/201/580 390/202/581 388/203/582
f 392/204/583 390/202/584 391/205/585
f 392/204/583 393/206/586 390/202/581
f 394/207/587 392/204/588 391/205/589
f 394/207/587 395/208/590 392/204/588
f 397/209/591 394/207/587 396/210/592
f 397/209/591 395/208/593 394/207/594
f 398/211/595 397/209/591 396/210/596
f 398/211/595 399/212/597 397/209/591
f 401/213/598 398/211/599 400/214/600
f 401/213/598 399/212/601 398/211/599
f 402/215/602 401/213/603 400/214/600
f 402/215/602 403/216/604 401/213/603
f 403/216/604 405/217/605 404/218/605
f 403/216/604 402/215/606 405/217/605
f 407/219/607 408/220/608 406/221/609
f 410/222/610 411/223/611 409/224/612
f 410/222/610 408/220/613 411/223/614
f 379/194/571 410/222/615 409/224/612
f 379/194/616 381/193/573 410/222/610
f 413/225/617 414/226/618 412/227/619
f 416/228/620 417/229/621 415/230/622
f 416/228/623 419/231/624 418/232/625
f 420/233/626 421/234/627 419/231/624
f 420/233/626 423/235/628 422/236/629
f 425/237/630 426/238/631 424/239/632
f 425/237/633 427/240/634 426/238/631
f 429/241/71 430/242/70 428/243/70
f 429/241/71 431/244/71 430/242/70
f 432/245/635 378/191/636 376/188/636
f 432/245/635 433/246/635 378/191/636
f 435/247/75 436/248/74 434/249/74
f 435/247/75 437/250/75 436/248/74
f 434/249/77 439/251/76 438/252/76
f 434/249/77 436/248/77 439/251/76
f 441/253/637 442/254/638 440/255/639
f 441/253/637 443/256/638 442/254/638
f 440/255/640 444/257/641 441/253/642
f 446/258/643 447/259/644 445/260/645
f 446/258/643 448/261/646 447/259/647
f 449/262/648 447/259/649 448/261/646
f 449/262/650 450/263/651 447/259/649
f 452/264/652 453/265/93 451/266/93
f 452/264/652 454/267/653 453/265/93
f 384/197/654 382/195/655 380/192/576
f 384/197/656 455/268/657 382/195/572
f 457/269/658 458/270/659 456/271/660
f 457/269/661 459/272/659 458/270/659
f 424/239/632 461/273/662 460/274/662
f 424/239/632 426/238/631 461/273/662
f 462/275/663 387/199/578 388/203/664
f 464/276/665 377/189/567 463/277/665
f 464/276/665 375/190/567 377/189/567
f 466/278/666 463/277/665 465/279/667
f 466/278/666 464/276/665 463/277/665
f 412/227/619 384/197/575 383/196/668
f 425/237/633 456/271/660 427/240/669
f 425/237/630 457/269/661 456/271/670
f 468/280/113 469/281/112 467/282/113
f 468/280/113 470/283/112 469/281/112
f 432/245/671 471/284/672 433/246/635
f 432/245/635 472/285/672 471/284/672
f 435/247/75 473/286/115 437/250/75
f 435/247/75 474/287/115 473/286/115
f 476/288/117 467/282/116 475/289/118
f 476/288/117 468/280/116 467/282/116
f 429/241/120 477/290/119 431/244/120
f 429/241/120 478/291/119 477/290/119
f 479/292/673 446/258/674 445/260/645
f 385/200/675 480/293/676 386/198/677
f 414/226/678 384/197/575 412/227/619
f 482/294/679 483/295/680 481/296/681
f 485/297/130 486/298/682 484/299/130
f 485/297/130 487/300/682 486/298/682
f 450/263/651 444/257/683 440/255/639
f 452/264/652 479/292/684 454/267/685
f 454/267/685 479/292/684 445/260/645
f 449/262/650 444/257/641 450/263/651
f 418/232/686 417/229/621 416/228/623
f 488/301/687 482/294/679 481/296/681
f 471/284/688 490/302/689 489/303/689
f 471/284/688 472/285/688 490/302/689
f 491/304/690 466/278/666 465/279/691
f 491/304/690 492/305/690 466/278/666
f 494/306/141 495/307/141 493/308/141
f 439/251/143 478/291/142 438/252/143
f 439/251/143 477/290/142 478/291/142
f 475/289/145 496/309/144 476/288/146
f 475/289/145 497/310/144 496/309/144
f 430/242/70 470/283/147 428/243/70
f 430/242/70 469/281/147 470/283/147
f 498/311/141 493/308/141 495/307/141
f 498/311/141 499/312/141 493/308/141
f 500/313/141 499/312/141 498/311/141
f 500/313/141 501/314/141 499/312/141
f 500/313/141 502/315/141 501/314/141
f 390/202/581 393/206/692 388/203/664
f 387/199/578 389/201/693 388/203/694
f 504/316/695 505/317/696 503/318/697
f 506/319/698 504/316/699 503/318/700
f 507/320/701 508/321/702 506/319/703
f 508/321/702 504/316/699 506/319/698
f 508/321/704 509/322/705 504/316/699
f 509/322/705 510/323/706 504/316/707
f 509/322/705 511/324/708 510/323/709
f 512/325/710 513/326/711 507/320/701
f 513/326/711 508/321/702 507/320/701
f 513/326/711 514/327/712 508/321/702
f 514/327/713 509/322/714 508/321/715
f 514/327/716 515/328/717 509/322/705
f 515/328/718 511/324/719 509/322/705
f 515/328/718 516/329/720 511/324/708
f 517/330/721 518/331/722 510/323/723
f 516/329/724 519/332/725 511/324/726
f 521/333/727 522/334/728 520/335/729
f 524/336/730 503/318/700 523/337/731
f 525/338/732 526/339/733 524/336/734
f 526/339/735 503/318/700 524/336/730
f 526/339/735 506/319/698 503/318/736
f 520/335/737 527/340/738 525/338/739
f 527/340/740 526/339/733 525/338/732
f 527/340/741 528/341/742 526/339/733
f 528/341/742 506/319/743 526/339/735
f 528/341/744 507/320/701 506/319/745
f 522/334/728 529/342/746 520/335/729
f 529/342/746 527/340/747 520/335/748
f 529/342/749 530/343/750 527/340/751
f 530/343/752 528/341/742 527/340/751
f 530/343/752 531/344/753 528/341/754
f 531/344/755 507/320/756 528/341/754
f 531/344/757 512/325/710 507/320/758
f 532/345/759 533/346/760 512/325/710
f 534/347/761 535/348/762 532/345/763
f 535/348/764 533/346/765 532/345/759
f 535/348/762 536/349/766 533/346/765
f 537/350/767 538/351/768 516/329/724
f 539/352/225 540/353/224 537/350/769
f 540/353/228 538/351/770 537/350/771
f 537/350/772 541/354/773 539/352/774
f 543/355/775 544/356/776 542/357/777
f 542/357/778 536/349/779 545/358/780
f 542/357/778 533/346/765 536/349/781
f 516/329/724 515/328/782 537/350/783
f 515/328/784 544/356/776 537/350/785
f 515/328/786 514/327/787 544/356/776
f 514/327/788 542/357/778 544/356/776
f 514/327/789 513/326/790 542/357/778
f 513/326/791 533/346/792 542/357/778
f 513/326/711 512/325/710 533/346/792
f 519/332/793 516/329/724 538/351/794
f 532/345/795 546/359/796 534/347/797
f 546/359/798 548/360/799 547/361/800
f 546/359/801 549/362/802 548/360/803
f 549/362/804 551/363/805 550/364/806
f 549/362/804 529/342/807 552/365/808
f 512/325/710 531/344/753 532/345/809
f 531/344/753 546/359/796 532/345/795
f 531/344/753 530/343/752 546/359/801
f 530/343/810 549/362/802 546/359/801
f 530/343/752 529/342/807 549/362/802
f 529/342/746 522/334/728 553/366/811
f 510/323/706 511/324/812 517/330/813
f 511/324/708 519/332/814 517/330/813
f 524/336/734 554/367/815 525/338/732
f 555/368/816 525/338/739 554/367/817
f 555/368/818 520/335/729 525/338/739
f 521/333/819 520/335/729 555/368/820
f 519/332/793 538/351/768 556/369/821
f 556/369/822 538/351/768 557/370/278
f 540/353/228 557/370/278 538/351/768
f 505/317/696 523/337/731 503/318/700
f 505/317/696 559/371/823 558/372/824
f 552/365/808 551/363/825 549/362/804
f 550/364/826 548/360/803 549/362/802
f 547/361/800 534/347/797 546/359/801
f 541/354/827 544/356/828 543/355/775
f 545/358/829 543/355/830 542/357/778
f 537/350/785 544/356/776 541/354/773
f 541/354/831 560/373/832 539/352/231
f 422/236/629 421/234/627 420/233/626
f 386/198/677 389/201/693 387/199/578
f 529/342/807 553/366/833 552/365/808
f 419/231/834 561/374/835 418/232/686
f 421/234/627 561/374/835 419/231/834
f 407/219/607 411/223/611 408/220/608
f 504/316/695 510/323/706 559/371/823
f 510/323/706 518/331/836 559/371/837
f 504/316/699 559/371/823 505/317/696
f 377/189/567 563/188/566 562/190/568
f 377/189/567 378/191/566 563/188/566
f 565/193/838 566/192/839 564/194/840
f 565/193/838 567/195/841 566/192/839
f 568/197/842 569/196/843 566/192/844
f 571/199/845 572/198/846 570/200/847
f 574/202/848 575/201/849 573/203/850
f 574/202/851 577/204/852 576/205/853
f 574/202/848 578/206/854 577/204/852
f 577/204/855 579/207/856 576/205/857
f 577/204/855 580/208/858 579/207/856
f 581/209/859 579/207/860 580/208/861
f 581/209/859 582/210/862 579/207/856
f 581/209/859 583/211/863 582/210/864
f 581/209/859 584/212/865 583/211/863
f 585/213/866 583/211/867 584/212/868
f 585/213/866 586/214/869 583/211/870
f 585/213/871 587/215/872 586/214/869
f 585/213/871 588/216/873 587/215/872
f 588/216/873 589/217/874 587/215/875
f 588/216/873 590/218/874 589/217/874
f 592/220/876 593/219/877 591/221/878
f 595/223/879 596/222/880 594/224/881
f 595/223/882 592/220/883 596/222/880
f 596/222/884 564/194/885 594/224/881
f 596/222/880 565/193/838 564/194/885
f 598/226/886 599/225/887 597/227/888
f 601/229/889 602/228/890 600/230/891
f 604/231/892 602/228/893 603/232/894
f 605/234/895 606/233/896 604/231/892
f 608/235/897 606/233/896 607/236/898
f 610/238/899 611/237/900 609/239/901
f 610/238/899 612/240/902 611/237/903
f 613/242/361 242/241/360 241/243/361
f 613/242/361 614/244/360 242/241/360
f 378/191/636 615/245/635 563/188/636
f 378/191/636 433/246/635 615/245/635
f 616/248/363 248/247/362 247/249/363
f 616/248/363 617/250/362 248/247/362
f 618/251/365 247/249/364 251/252/365
f 618/251/365 616/248/364 247/249/364
f 620/253/904 621/254/638 619/256/638
f 620/253/904 622/255/905 621/254/638
f 623/257/906 622/255/907 620/253/908
f 625/259/909 626/258/910 624/260/911
f 625/259/909 627/261/912 626/258/910
f 629/262/913 625/259/914 628/263/915
f 629/262/916 627/261/912 625/259/914
f 631/264/917 632/265/381 630/267/918
f 631/264/917 633/266/381 632/265/381
f 568/197/919 567/195/841 634/268/920
f 568/197/921 566/192/844 567/195/922
f 636/269/923 637/270/924 635/272/924
f 636/269/923 638/271/925 637/270/924
f 640/273/926 609/239/901 639/274/926
f 640/273/926 610/238/899 609/239/901
f 571/199/845 641/275/927 573/203/928
f 377/189/567 642/276/665 463/277/665
f 377/189/567 562/190/567 642/276/665
f 463/277/665 643/278/666 465/279/667
f 463/277/665 642/276/665 643/278/666
f 568/197/842 597/227/888 569/196/929
f 638/271/925 611/237/903 612/240/930
f 638/271/931 636/269/932 611/237/900
f 645/281/397 281/280/395 644/282/395
f 645/281/397 283/283/397 281/280/395
f 471/284/672 615/245/671 433/246/635
f 471/284/672 646/285/672 615/245/635
f 647/286/398 248/247/362 617/250/362
f 647/286/398 287/287/398 248/247/362
f 644/282/400 289/288/399 648/289/401
f 644/282/400 281/280/400 289/288/399
f 649/290/403 242/241/402 614/244/402
f 649/290/403 291/291/403 242/241/402
f 626/258/933 650/292/934 624/260/911
f 651/293/935 570/200/936 572/198/937
f 568/197/842 598/226/938 597/227/888
f 653/295/939 654/294/940 652/296/681
f 298/297/412 656/298/941 655/300/941
f 298/297/412 297/299/412 656/298/941
f 623/257/942 628/263/915 622/255/905
f 650/292/943 631/264/917 630/267/944
f 650/292/943 630/267/944 624/260/911
f 623/257/945 629/262/913 628/263/915
f 601/229/889 603/232/946 602/228/890
f 654/294/940 657/301/687 652/296/681
f 658/302/689 471/284/688 489/303/689
f 658/302/689 646/285/688 471/284/688
f 643/278/666 491/304/690 465/279/691
f 643/278/666 659/305/690 491/304/690
f 308/307/141 307/306/141 660/308/141
f 291/291/420 618/251/419 251/252/419
f 291/291/420 649/290/420 618/251/419
f 309/309/422 648/289/421 289/288/423
f 309/309/422 661/310/422 648/289/421
f 283/283/424 613/242/361 241/243/361
f 283/283/424 645/281/424 613/242/361
f 660/308/141 662/311/141 308/307/141
f 660/308/141 663/312/141 662/311/141
f 663/312/141 664/313/141 662/311/141
f 663/312/141 665/314/141 664/313/141
f 666/315/141 664/313/141 665/314/141
f 578/206/854 574/202/848 573/203/850
f 575/201/947 571/199/845 573/203/850
f 668/317/948 669/316/949 667/318/950
f 669/316/951 670/319/952 667/318/953
f 671/321/954 672/320/955 670/319/956
f 669/316/951 671/321/954 670/319/952
f 673/322/957 671/321/958 669/316/951
f 674/323/959 673/322/960 669/316/961
f 675/324/962 673/322/960 674/323/959
f 676/326/963 677/325/964 672/320/965
f 671/321/954 676/326/963 672/320/955
f 678/327/966 676/326/967 671/321/954
f 673/322/957 678/327/968 671/321/969
f 679/328/970 678/327/971 673/322/960
f 675/324/972 679/328/973 673/322/960
f 680/329/974 679/328/973 675/324/972
f 518/331/722 517/330/721 674/323/975
f 519/332/976 680/329/977 675/324/978
f 682/334/979 683/333/980 681/335/981
f 667/318/953 685/336/982 684/337/983
f 686/339/984 687/338/985 685/336/986
f 667/318/953 686/339/987 685/336/982
f 670/319/952 686/339/987 667/318/988
f 688/340/989 681/335/990 687/338/991
f 686/339/984 688/340/992 687/338/985
f 689/341/993 688/340/994 686/339/984
f 670/319/995 689/341/993 686/339/987
f 672/320/955 689/341/996 670/319/997
f 690/342/998 682/334/979 681/335/981
f 688/340/999 690/342/998 681/335/1000
f 691/343/1001 690/342/1002 688/340/1003
f 689/341/993 691/343/1004 688/340/1003
f 692/344/1005 691/343/1004 689/341/1006
f 672/320/955 692/344/1005 689/341/1007
f 677/325/964 692/344/1008 672/320/965
f 693/346/1009 694/345/1010 677/325/964
f 695/348/1011 696/347/1012 694/345/1013
f 693/346/1014 695/348/1015 694/345/1013
f 697/349/1016 695/348/1011 693/346/1014
f 698/351/1017 699/350/1018 680/329/977
f 700/353/501 701/352/500 699/350/1019
f 698/351/1020 700/353/503 699/350/1021
f 702/354/1022 699/350/1019 701/352/561
f 704/356/1023 705/355/1024 703/357/1025
f 697/349/1026 703/357/1027 706/358/1028
f 693/346/1014 703/357/1027 697/349/1029
f 679/328/1030 680/329/977 699/350/1018
f 704/356/1031 679/328/1032 699/350/1033
f 678/327/1034 679/328/1032 704/356/1031
f 703/357/1025 678/327/1035 704/356/1031
f 676/326/967 678/327/1036 703/357/1027
f 693/346/1037 676/326/1038 703/357/1027
f 677/325/964 676/326/963 693/346/1037
f 680/329/977 519/332/793 698/351/1039
f 707/359/1040 694/345/1041 696/347/1042
f 709/360/1043 707/359/1044 708/361/1045
f 710/362/1046 707/359/1047 709/360/1048
f 712/363/1049 710/362/1050 711/364/1051
f 690/342/1052 710/362/1050 713/365/1053
f 692/344/1005 677/325/964 694/345/1054
f 707/359/1040 692/344/1005 694/345/1010
f 691/343/1004 692/344/1005 707/359/1040
f 710/362/1046 691/343/1055 707/359/1047
f 690/342/1002 691/343/1004 710/362/1046
f 682/334/979 690/342/998 714/366/1056
f 675/324/1057 674/323/959 517/330/813
f 519/332/814 675/324/962 517/330/813
f 715/367/1058 685/336/986 687/338/985
f 716/368/1059 687/338/991 681/335/981
f 716/368/1059 715/367/1060 687/338/991
f 681/335/981 683/333/1061 716/368/1062
f 698/351/1017 519/332/793 556/369/821
f 698/351/1017 556/369/822 557/370/278
f 557/370/278 700/353/503 698/351/1017
f 684/337/983 668/317/948 667/318/953
f 559/371/823 668/317/948 558/372/824
f 712/363/1063 713/365/1053 710/362/1050
f 709/360/1048 711/364/1064 710/362/1050
f 696/347/1042 708/361/1045 707/359/1047
f 704/356/1023 702/354/1065 705/355/1024
f 705/355/1066 706/358/1067 703/357/1027
f 704/356/1031 699/350/1033 702/354/1022
f 717/373/560 702/354/1068 701/352/561
f 605/234/895 607/236/898 606/233/896
f 575/201/947 572/198/1069 571/199/845
f 714/366/1070 690/342/998 713/365/1053
f 718/374/1071 604/231/1072 603/232/946
f 718/374/1071 605/234/895 604/231/1072
f 595/223/879 593/219/877 592/220/876
f 674/323/959 669/316/1073 559/371/823
f 518/331/836 674/323/975 559/371/837
f 559/371/823 669/316/951 668/317/948
f 720/375/1074 721/376/1074 719/377/1074
f 723/378/1075 724/379/1076 722/380/1077
f 723/378/1075 725/381/1075 724/379/1076
f 727/382/1078 728/383/1079 726/384/1080
f 727/382/1078 729/385/1081 728/383/1082
f 731/386/1074 719/377/1074 730/387/1074
f 732/388/1083 727/382/1078 726/384/1084
f 732/388/1083 733/389/1085 727/382/1078
f 735/390/1086 736/391/1087 734/392/1086
f 735/390/1088 737/393/1089 736/391/1089
f 738/394/1090 725/381/1091 723/378/1092
f 738/394/1090 739/395/1093 725/381/1091
f 741/396/141 742/397/141 740/398/141
f 741/396/141 743/399/141 742/397/141
f 745/400/141 746/401/141 744/402/141
f 748/403/141 749/404/141 747/405/141
f 748/403/141 745/400/141 749/404/141
f 744/402/141 749/404/141 745/400/141
f 751/406/141 752/407/141 750/408/141
f 751/406/141 753/409/141 752/407/141
f 755/410/141 756/411/141 754/412/141
f 758/413/1094 759/414/1094 757/415/1094
f 758/413/1094 760/416/1094 759/414/1094
f 762/417/1095 763/418/1095 761/419/1095
f 762/417/1096 764/420/1096 763/418/1096
f 766/421/1097 767/422/1097 765/423/1097
f 766/421/1098 768/424/1098 767/422/1098
f 770/425/1099 771/426/1099 769/427/1099
f 770/425/1099 772/428/1099 771/426/1099
f 774/429/1100 775/430/1100 773/431/1100
f 774/429/1100 776/432/1100 775/430/1100
f 778/433/1101 779/434/1101 777/435/1101
f 778/433/1102 780/436/1101 779/434/1101
f 782/437/1103 783/438/1103 781/439/1103
f 782/437/1103 784/440/1103 783/438/1103
f 786/441/1104 787/442/1104 785/443/1104
f 786/441/1105 788/444/1105 787/442/1105
f 790/445/1106 791/446/1106 789/447/1106
f 790/445/1106 792/448/1106 791/446/1106
f 794/449/1107 795/450/1108 793/451/1109
f 794/449/1107 796/452/1110 795/450/1111
f 798/453/1112 799/454/1112 797/455/1112
f 798/453/1113 800/456/1113 799/454/1113
f 802/457/1114 803/458/1114 801/459/1114
f 802/457/1114 804/460/1114 803/458/1114
f 806/461/1115 807/462/1115 805/463/1115
f 806/461/1115 808/464/1115 807/462/1115
f 810/465/1116 811/466/1117 809/467/1116
f 810/465/1118 812/468/1119 811/466/1120
f 814/469/1121 815/468/1122 813/470/1123
f 814/469/1124 816/466/1125 815/468/1119
f 818/471/1126 819/470/1121 817/472/1126
f 818/471/1127 820/469/1128 819/470/1121
f 822/473/1129 823/474/1130 821/475/1131
f 822/473/1131 824/476/1132 823/474/1130
f 826/477/1133 827/478/1134 825/479/1133
f 826/477/1134 828/480/1134 827/478/1133
f 830/481/1135 831/482/1135 829/483/1135
f 830/481/1135 832/484/1135 831/482/1135
f 834/485/1136 835/486/1136 833/487/1137
f 834/485/1137 836/488/1137 835/486/1137
f 838/489/1138 839/490/1138 837/491/1138
f 838/489/1138 840/492/1139 839/490/1138
f 842/493/1140 843/494/1141 841/495/1141
f 842/493/1140 844/496/1142 843/494/1143
f 842/493/1140 845/497/1144 844/496/1142
f 842/493/1140 846/498/1145 845/497/1145
f 848/499/1146 849/500/1146 847/501/1146
f 848/499/1146 850/502/1146 849/500/1146
f 852/503/1147 853/504/1147 851/505/1147
f 852/503/1148 854/506/1149 853/504/1149
f 856/507/1150 857/508/1150 855/509/1150
f 856/507/1150 858/510/1150 857/508/1150
f 860/511/1151 793/451/1109 859/512/1152
f 860/511/1151 794/449/1107 793/451/1109
f 862/513/141 863/514/141 861/515/141
f 865/516/141 866/517/141 864/518/141
f 867/519/141 868/520/141 746/401/141
f 870/521/278 871/522/278 869/523/278
f 744/402/141 873/524/141 872/525/141
f 744/402/141 862/513/141 873/524/141
f 874/526/278 870/521/278 869/523/278
f 871/522/278 876/527/278 875/528/278
f 878/529/1153 738/394/1090 877/530/1154
f 878/529/1153 739/395/1093 738/394/1090
f 880/531/1155 881/532/1156 879/533/1157
f 880/531/1155 882/534/1158 881/532/1156
f 884/535/1159 885/536/1160 883/537/1161
f 884/535/1159 886/538/1159 885/536/1160
f 887/539/1162 882/534/1158 880/531/1163
f 887/539/1162 888/540/1162 882/534/1158
f 890/541/1164 891/542/1165 889/543/1164
f 890/541/1164 892/544/1165 891/542/1165
f 893/545/1166 890/541/1164 889/543/1167
f 893/545/1166 894/546/1168 890/541/1164
f 895/547/1169 878/529/1153 877/530/1154
f 895/547/1170 896/548/1171 878/529/1153
f 898/549/1172 899/550/1173 897/551/1174
f 898/549/1172 900/552/1175 899/550/1173
f 891/542/1176 736/391/1089 737/393/1089
f 891/542/1165 892/544/1165 736/391/1089
f 902/553/141 903/554/141 901/555/141
f 902/553/141 904/556/141 903/554/141
f 906/557/141 907/558/141 905/559/141
f 909/560/141 910/561/141 908/562/141
f 909/560/141 911/563/141 910/561/141
f 913/564/141 902/553/141 912/565/141
f 915/558/141 916/566/141 914/567/141
f 915/558/141 901/555/141 916/566/141
f 917/568/141 918/569/141 913/564/141
f 920/570/141 921/571/141 919/572/141
f 923/573/1177 924/574/1177 922/575/1177
f 923/573/1177 925/576/1177 924/574/1177
f 927/577/1178 928/578/1178 926/579/1178
f 927/577/1179 929/580/1179 928/578/1179
f 931/581/1180 932/582/1180 930/583/1180
f 931/581/1180 933/584/1180 932/582/1180
f 935/585/1181 936/586/1181 934/587/1181
f 935/585/1181 937/588/1181 936/586/1181
f 939/589/1182 940/590/1183 938/591/1182
f 939/589/1183 941/592/1184 940/590/1183
f 943/593/1185 944/594/1185 942/595/1185
f 943/593/1185 945/596/1186 944/594/1185
f 947/597/1187 948/598/1187 946/599/1187
f 947/597/1187 949/600/1187 948/598/1187
f 951/601/1188 952/602/1189 950/603/1190
f 951/601/1191 953/604/1192 952/602/1189
f 955/605/1193 956/606/1193 954/607/1193
f 955/605/1193 957/608/1193 956/606/1193
f 959/609/1194 960/610/1194 958/611/1194
f 959/609/1194 961/612/1194 960/610/1194
f 963/613/1195 964/614/1195 962/615/1195
f 963/613/1196 965/616/1196 964/614/1197
f 967/617/1198 968/618/1198 966/619/1198
f 967/617/1198 969/620/1198 968/618/1198
f 971/621/1199 972/622/1200 970/623/1201
f 971/621/1199 973/624/1199 972/622/1200
f 975/625/1202 976/626/1202 974/627/1202
f 975/625/1202 977/628/1202 976/626/1202
f 979/629/1203 980/630/1203 978/631/1203
f 979/629/1203 981/632/1203 980/630/1203
f 983/633/1204 984/634/1204 982/635/1204
f 983/633/1204 985/636/1204 984/634/1204
f 987/637/1205 988/638/1205 986/639/1205
f 987/637/1205 989/640/1205 988/638/1205
f 991/641/1206 992/642/1206 990/643/1206
f 991/641/1207 993/644/1207 992/642/1207
f 995/645/1208 996/646/1209 994/647/1208
f 995/645/1208 997/648/1210 996/646/1209
f 996/646/1211 999/649/1212 998/650/1212
f 996/646/1211 997/648/1210 999/649/1212
f 1001/651/1213 1002/652/1213 1000/653/1213
f 1001/651/1214 1003/654/1213 1002/652/1213
f 1005/655/1215 1006/656/1215 1004/657/1215
f 1005/655/1216 1007/658/1216 1006/656/1216
f 1009/659/1217 1010/660/1217 1008/661/1217
f 1009/659/1217 1011/662/1217 1010/660/1217
f 860/511/1151 953/604/1192 951/601/1188
f 860/511/1152 859/512/1218 953/604/1192
f 910/561/141 1013/663/141 1012/664/141
f 1014/665/141 862/513/141 911/563/141
f 1015/666/141 862/513/141 1014/665/141
f 1016/667/141 862/513/141 1015/666/141
f 1016/667/141 863/514/141 862/513/141
f 906/557/141 1017/668/141 1013/663/141
f 1019/669/141 1020/670/141 1018/671/141
f 1022/672/141 1023/673/141 1021/674/141
f 1022/672/141 1024/675/141 1023/673/141
f 1026/676/1219 1027/677/1219 1025/678/1219
f 1026/676/1220 1028/679/1220 1027/677/1219
f 1012/664/141 1013/663/141 1029/680/141
f 1017/668/141 1030/681/141 1013/663/141
f 1032/682/1221 1033/683/1221 1031/684/1221
f 1032/682/1222 1034/685/1222 1033/683/1222
f 1036/686/1223 1037/687/1223 1035/688/1223
f 1039/689/1223 1040/690/1223 1038/691/1223
f 1041/692/1223 1042/693/1223 1038/691/1223
f 1044/694/1223 1045/695/1223 1043/696/1223
f 1047/697/1224 1048/698/1225 1046/699/1226
f 1047/697/1224 1049/700/1227 1048/698/1227
f 1051/701/1228 1052/702/1229 1050/703/1229
f 1051/701/1230 1053/704/1231 1052/702/1229
f 1055/705/1232 1056/706/1233 1054/707/1232
f 1055/705/1234 1057/708/1235 1056/706/1233
f 1059/709/1236 1060/710/1237 1058/711/1237
f 1059/709/1236 1061/712/1238 1060/710/1237
f 1063/713/1239 1064/714/1240 1062/715/1240
f 1063/713/1239 1065/716/1241 1064/714/1242
f 1067/717/1243 1068/718/1244 1066/719/1245
f 1067/717/1246 1069/720/1247 1068/718/1244
f 1070/721/1248 1068/718/1249 1069/720/1250
f 1070/721/1248 1071/722/1251 1068/718/1244
f 1073/722/1252 1074/723/1253 1072/724/1254
f 1073/722/1252 1075/721/1255 1074/723/1253
f 1077/725/1256 1078/724/1257 1076/723/1258
f 1077/725/1259 1079/726/1259 1078/724/1257
f 1081/727/1260 1082/728/1261 1080/729/1260
f 1081/727/1260 1083/730/1262 1082/728/1261
f 1082/728/1261 1053/704/1231 1051/701/1228
f 1082/728/1261 1083/730/1261 1053/704/1263
f 1085/731/1264 1086/732/1265 1084/733/1265
f 1085/731/1264 1087/734/1264 1086/732/1265
f 1088/735/1266 1047/697/1224 1046/699/1226
f 1088/735/1267 1089/736/1268 1047/697/1224
f 1091/737/1269 1089/736/1270 1090/738/1271
f 1093/739/1272 1094/740/1272 1092/741/1272
f 1093/739/1272 1095/742/1272 1094/740/1272
f 1097/743/1223 1043/696/1223 1096/744/1223
f 1097/743/1223 1035/688/1223 1043/696/1223
f 1099/745/1074 1100/746/1074 1098/747/1074
f 1102/748/1074 1098/747/1074 1101/749/1074
f 1104/750/1074 1105/751/1074 1103/752/1074
f 1106/753/1074 1107/754/1074 1100/746/1074
f 1109/755/1074 1110/756/1074 1108/757/1074
f 1111/758/1074 1109/755/1074 1108/757/1074
f 1106/753/1074 1100/746/1074 1112/759/1074
f 1102/748/1074 1114/760/1074 1113/761/1074
f 1116/762/1074 1117/763/1074 1115/764/1074
f 1119/765/1273 1120/766/1274 1118/767/1274
f 1119/765/1274 1121/768/1274 1120/766/1274
f 1123/769/1275 1124/770/1275 1122/771/1275
f 1123/769/1275 1125/772/1275 1124/770/1275
f 1127/773/1276 1128/774/1276 1126/775/1276
f 1127/773/1276 1129/776/1276 1128/774/1276
f 1131/777/1277 1132/778/1277 1130/779/1277
f 1131/777/1277 1133/780/1277 1132/778/1277
f 1135/781/1278 1136/782/1279 1134/783/1280
f 1135/781/1281 1137/784/1281 1136/782/1282
f 1139/782/1279 1140/785/1283 1138/783/1284
f 1139/782/1279 1141/786/1285 1140/785/1285
f 1143/787/1286 1144/788/1286 1142/789/1286
f 1143/787/1286 1145/790/1286 1144/788/1286
f 1147/791/1287 1148/792/1287 1146/793/1287
f 1147/791/1288 1149/794/1288 1148/792/1288
f 1151/795/1289 1152/796/1290 1150/797/1291
f 1151/795/1289 1153/798/1289 1152/796/1292
f 1155/799/1293 1156/800/1294 1154/801/1294
f 1155/799/1295 1157/802/1294 1156/800/1294
f 1159/803/1296 1160/804/1296 1158/805/1296
f 1159/803/1296 1161/806/1296 1160/804/1296
f 1163/807/1297 1164/808/1297 1162/809/1297
f 1163/807/1297 1165/810/1297 1164/808/1297
f 1167/811/1298 1168/812/1299 1166/813/1298
f 1167/811/1300 1169/814/1299 1168/812/1299
f 1171/815/1301 1172/816/1301 1170/817/1301
f 1171/815/1302 1173/818/1302 1172/816/1302
f 1175/819/1303 1176/820/1303 1174/821/1303
f 1175/819/1304 1177/822/1304 1176/820/1304
f 1179/823/1305 1180/824/1305 1178/825/1305
f 1179/823/1306 1181/826/1306 1180/824/1306
f 1183/827/1307 1184/796/1292 1182/828/1307
f 1183/827/1307 1185/797/1308 1184/796/1292
f 1106/753/1074 1112/759/1074 1186/829/1074
f 1188/830/1309 1189/831/1309 1187/832/1309
f 1188/830/1309 1190/833/1309 1189/831/1309
f 1192/834/1310 1066/719/1311 1191/835/1310
f 1192/834/1312 1067/717/1313 1066/719/1311
f 1194/836/1314 1195/837/1315 1193/838/1316
f 1194/836/1314 1196/839/1315 1195/837/1315
f 729/385/1081 1197/840/1317 728/383/1318
f 729/385/1081 1198/841/1317 1197/840/1317
f 1200/842/1319 1201/843/1320 1199/844/1321
f 1200/842/1319 1202/845/1322 1201/843/1322
f 1204/846/141 1205/847/141 1203/848/141
f 751/406/141 863/514/141 753/409/141
f 756/411/141 1207/849/141 1206/850/141
f 1209/851/1323 1210/852/1323 1208/853/1323
f 1209/851/1323 1211/854/1323 1210/852/1323
f 1212/855/141 865/516/141 864/518/141
f 1214/856/141 1215/857/141 1213/858/141
f 1214/856/141 1216/859/141 1215/857/141
f 1218/860/1324 1219/861/1324 1217/862/1324
f 1218/860/1324 1220/863/1325 1219/861/1325
f 721/376/1074 720/375/1074 1221/864/1074
f 1223/865/141 1224/866/141 1222/867/141
f 913/564/141 912/565/141 917/568/141
f 1225/868/141 1226/869/141 918/569/141
f 1228/554/141 914/567/141 1227/566/141
f 1228/554/141 1226/869/141 914/567/141
f 1230/870/141 1231/871/141 1229/872/141
f 1233/873/1326 1234/874/1326 1232/875/1326
f 1233/873/1326 1235/876/1326 1234/874/1326
f 1237/877/1327 1238/878/1328 1236/879/1327
f 1237/877/1329 1239/880/1329 1238/878/1330
f 1241/622/1331 1242/881/1332 1240/623/1333
f 1241/622/1331 1243/882/1332 1242/881/1332
f 1245/883/141 1246/884/141 1244/885/141
f 1248/886/1223 1036/686/1223 1247/887/1223
f 1250/888/1334 1251/889/1334 1249/890/1334
f 1250/888/1335 1252/891/1335 1251/889/1335
f 1253/892/1223 1254/893/1223 1039/689/1223
f 1255/894/1223 1045/695/1223 1044/694/1223
f 1057/708/1336 1256/895/1337 1056/706/1338
f 1057/708/1339 1257/896/1337 1256/895/1337
f 1258/897/1223 1041/692/1223 1038/691/1223
f 1088/735/1267 1259/898/1340 1089/736/1341
f 1088/735/1266 1260/899/1342 1259/898/1343
f 1262/900/1344 1263/901/1344 1261/902/1344
f 1262/900/1344 1264/903/1344 1263/901/1344
f 1266/904/1074 1186/829/1074 1265/905/1074
f 1268/906/1074 1116/762/1074 1267/907/1074
f 1268/906/1074 1269/908/1074 1116/762/1074
f 1271/909/1074 1272/910/1074 1270/911/1074
f 1274/912/1345 1275/913/1345 1273/914/1345
f 1274/912/1345 1276/915/1345 1275/913/1345
f 1278/916/1074 1279/917/1074 1277/918/1074
f 1104/750/1074 1103/752/1074 1106/753/1074
f 1280/919/1223 1097/743/1223 1096/744/1223
f 1282/920/141 1283/921/141 1281/922/141
f 1285/923/141 1286/924/141 1284/925/141
f 741/396/141 1287/926/141 1286/924/141
f 741/396/141 740/398/141 1287/926/141
f 742/397/141 1289/927/141 1288/928/141
f 1290/929/141 1291/930/141 1204/846/141
f 1293/931/141 1294/932/141 1292/933/141
f 1295/934/141 1213/858/141 1215/857/141
f 1297/935/1346 1298/936/1347 1296/937/1347
f 1297/935/1348 1299/938/1348 1298/936/278
f 1301/939/1349 1302/940/1350 1300/941/1351
f 917/568/141 912/565/141 1303/942/141
f 1246/884/141 1245/883/141 1304/943/141
f 950/603/1190 1306/944/1352 1305/945/1352
f 950/603/1353 952/602/1189 1306/944/1352
f 1308/946/1223 1280/919/1223 1307/947/1223
f 1308/946/1223 1097/743/1223 1280/919/1223
f 1059/709/1236 1063/713/1239 1061/712/1236
f 1059/709/1236 1065/716/1354 1063/713/1355
f 1310/948/1272 1311/949/1272 1309/950/1272
f 1310/948/1272 1312/951/1272 1311/949/1272
f 1107/754/1074 1101/749/1074 1098/747/1074
f 1313/952/1074 1265/905/1074 1112/759/1074
f 1104/750/1074 1106/753/1074 1186/829/1074
f 1315/953/1356 1316/954/1356 1314/955/1356
f 1315/953/1357 1317/956/1357 1316/954/1357
f 1319/957/1358 1320/958/1358 1318/959/1358
f 1319/957/1358 1321/960/1358 1320/958/1358
f 1323/961/141 921/571/141 1322/962/141
f 1323/961/141 1324/963/141 921/571/141
f 1326/964/1359 1327/965/1359 1325/966/1359
f 1326/964/1359 1328/967/1359 1327/965/1359
f 866/517/141 865/516/141 755/410/141
f 743/399/141 1329/968/141 1289/927/141
f 1330/969/141 1331/970/141 1282/920/141
f 902/553/141 913/564/141 904/556/141
f 1333/971/1360 1334/972/1360 1332/973/1360
f 1091/737/1269 1087/734/1264 1085/731/1264
f 1091/737/1361 1090/738/1271 1087/734/1362
f 865/516/141 1207/849/141 755/410/141
f 1336/974/1363 1337/474/1364 1335/476/1365
f 1336/974/1363 1338/975/1363 1337/474/1364
f 1340/976/1366 1341/977/1366 1339/978/1366
f 1340/976/1366 1342/979/1366 1341/977/1366
f 907/558/141 1343/567/141 905/559/141
f 1344/980/1223 1345/981/1223 1253/892/1223
f 1346/982/1223 1347/983/1223 1307/947/1223
f 1349/984/1367 1350/985/1368 1348/986/1369
f 1349/984/1367 1351/987/1370 1350/985/1370
f 1353/988/1371 1354/989/1372 1352/990/1371
f 1353/988/1372 1355/991/1372 1354/989/1372
f 1357/992/1373 1358/993/1374 1356/994/1374
f 1357/992/1373 1359/995/1375 1358/993/1374
f 1361/996/1376 1362/997/1376 1360/998/1376
f 1361/996/1376 1363/999/1376 1362/997/1376
f 1365/1000/1377 1366/1001/1378 1364/1002/1379
f 1365/1000/1377 1367/1003/1380 1366/1001/1378
f 1369/1004/1381 1370/1005/1382 1368/1006/1383
f 1369/1004/1384 1371/1007/1385 1370/1005/1386
f 1373/1008/1387 1374/1009/1388 1372/1010/1389
f 1373/1008/1387 1375/1011/1388 1374/1009/1388
f 1377/1012/1390 1378/1013/1391 1376/1014/1390
f 1377/1012/1392 1379/1015/1393 1378/1013/1391
f 1381/1016/1394 1382/1017/1394 1380/1018/1394
f 1381/1016/1394 1383/1019/1394 1382/1017/1394
f 1370/1005/1395 1384/1020/1396 1368/1006/1397
f 1370/1005/1395 1385/1021/1396 1384/1020/1396
f 1364/1002/1379 1387/1022/1398 1386/1023/1399
f 1364/1002/1379 1388/1024/1400 1387/1022/1400
f 1390/1025/1401 1391/1004/1381 1389/1026/1401
f 1390/1025/1402 1392/1007/1385 1391/1004/1381
f 1394/1013/1391 1395/1008/1403 1393/1010/1404
f 1394/1013/1405 1396/1015/1406 1395/1008/1407
f 1398/1027/1408 1399/1028/1409 1397/1029/1410
f 1398/1027/1411 1400/1030/1412 1399/1028/1412
f 1402/1031/1413 1403/1032/1414 1401/1033/1415
f 1402/1031/1416 1404/1034/1417 1403/1032/1418
f 1406/1035/1419 1407/1032/1414 1405/1036/1419
f 1406/1035/1419 1408/1033/1420 1407/1032/1421
f 1410/1037/1422 1411/1038/1422 1409/1039/1422
f 1410/1037/1422 1412/1040/1422 1411/1038/1423
f 1414/1034/1417 1415/1041/1424 1413/1042/1424
f 1414/1034/1425 1416/1031/1426 1415/1041/1427
f 1418/1043/1223 1419/1044/1223 1417/1045/1223
f 1418/1043/1223 1346/982/1223 1419/1044/1223
f 1421/1046/1223 1422/1047/1223 1420/1048/1223
f 1421/1046/1223 1423/1049/1223 1422/1047/1223
f 1307/947/1223 1347/983/1223 1308/946/1223
f 1425/1050/1428 1426/1051/1429 1424/1052/1430
f 1427/1053/1431 1428/1054/1432 1426/1051/1433
f 1425/1050/1428 1429/1055/1434 1426/1051/1429
f 1431/1056/1435 1432/1057/1436 1430/1058/1437
f 1431/1056/1435 1433/1059/1438 1432/1057/1436
f 1435/1060/1439 1436/1061/1439 1434/1062/1439
f 1435/1060/1439 1437/1063/1439 1436/1061/1439
f 1439/1064/1440 1440/1065/1441 1438/1066/1440
f 1439/1064/1440 1441/1067/1442 1440/1065/1441
f 1443/1068/1443 1444/1069/1443 1442/1070/1443
f 1443/1068/1443 1445/1071/1443 1444/1069/1443
f 1447/1072/1444 1448/1073/1444 1446/1074/1444
f 1447/1072/1444 1449/1075/1444 1448/1073/1444
f 1451/1076/1445 1452/1077/1446 1450/1078/1446
f 1451/1076/1445 1453/1079/1447 1452/1077/1448
f 1455/1080/1449 1456/1081/1450 1454/1082/1451
f 1455/1080/1449 1457/1083/1452 1456/1081/1450
f 1459/1080/1453 1460/1084/1454 1458/1085/1454
f 1459/1080/1449 1461/1082/1455 1460/1084/1454
f 1463/1081/1456 1464/1086/1457 1462/1087/1457
f 1463/1081/1458 1465/1083/1459 1464/1086/1460
f 1467/1088/1461 1468/1089/1462 1466/1090/1462
f 1467/1088/1461 1469/1091/1463 1468/1089/1462
f 1451/1076/1464 1467/1088/1465 1453/1079/1466
f 1451/1076/1464 1469/1091/1467 1467/1088/1468
f 1471/1092/1469 1472/1093/1470 1470/1094/1471
f 1471/1092/1472 1473/1095/1472 1472/1093/1470
f 1475/1096/1473 1476/1097/1474 1474/1098/1475
f 1475/1096/1473 1477/1099/1476 1476/1097/1477
f 1479/1097/1478 1480/1100/1479 1478/1101/1479
f 1479/1097/1478 1481/1099/1476 1480/1100/1480
f 1483/1102/1481 1484/1103/1482 1482/1104/1481
f 1483/1102/1483 1485/1105/1483 1484/1103/1484
f 1487/1106/1485 1488/1098/1486 1486/1107/1485
f 1487/1106/1487 1489/1096/1473 1488/1098/1486
f 1491/1108/1074 1492/1109/1074 1490/1110/1074
f 1491/1108/1074 1493/1111/1074 1492/1109/1074
f 1495/1112/1074 1496/1113/1074 1494/1114/1074
f 1495/1112/1074 1497/1115/1074 1496/1113/1074
f 1499/1116/1074 1110/756/1074 1498/1117/1074
f 1500/1118/1074 1501/1119/1074 1495/1112/1074
f 1503/1120/1488 1504/1121/1489 1502/1122/1490
f 1506/1123/1491 796/452/1110 1505/1124/1491
f 1506/1123/1492 795/450/1111 796/452/1110
f 1507/1125/1493 1359/995/1494 1357/992/1373
f 1507/1125/1493 1508/1126/1493 1359/995/1375
f 1441/1067/1442 1507/1125/1493 1440/1065/1441
f 1441/1067/1495 1508/1126/1493 1507/1125/1493
f 1509/1127/278 1510/1128/278 875/528/278
f 1510/1128/278 1511/1129/278 875/528/278
f 1513/1130/278 1514/1131/278 1512/1132/278
f 1511/1129/278 1515/1133/278 1512/1132/278
f 1511/1129/278 1512/1132/278 875/528/278
f 875/528/278 869/523/278 871/522/278
f 721/376/1074 730/387/1074 719/377/1074
f 1102/748/1074 1101/749/1074 1114/760/1074
f 873/524/141 1516/1134/141 872/525/141
f 1516/1134/141 1205/847/141 872/525/141
f 745/400/141 1517/1135/141 746/401/141
f 866/517/141 1518/1136/141 864/518/141
f 755/410/141 1207/849/141 756/411/141
f 862/513/141 861/515/141 1519/1137/141
f 1291/930/141 1288/928/141 1204/846/141
f 1205/847/141 1516/1134/141 1203/848/141
f 1204/846/141 1288/928/141 1289/927/141
f 742/397/141 743/399/141 1289/927/141
f 1329/968/141 1517/1135/141 1520/1138/141
f 1520/1138/141 1289/927/141 1329/968/141
f 1522/1139/141 1523/1140/141 1521/1141/141
f 1523/1140/141 1524/1142/141 1521/1141/141
f 1526/1143/141 1521/1141/141 1525/1144/141
f 1527/1145/141 1522/1139/141 1521/1141/141
f 1526/1143/141 1527/1145/141 1521/1141/141
f 1529/1146/141 1525/1144/141 1528/1147/141
f 1529/1146/141 1530/1148/141 1525/1144/141
f 1531/1149/141 1526/1143/141 1525/1144/141
f 1531/1149/141 1525/1144/141 1530/1148/141
f 1532/1150/141 1531/1149/141 1530/1148/141
f 1532/1150/141 1530/1148/141 1231/871/141
f 1533/1151/141 1532/1150/141 1231/871/141
f 1230/870/141 1533/1151/141 1231/871/141
f 1231/871/141 1534/1152/141 1229/872/141
f 1019/669/141 1018/671/141 1535/1153/141
f 1536/1154/141 1019/669/141 1535/1153/141
f 1538/1155/141 1539/1156/141 1537/1157/141
f 1538/1155/141 1537/1157/141 1540/1158/141
f 1539/1156/141 1295/934/141 1537/1157/141
f 1295/934/141 1215/857/141 1537/1157/141
f 1022/672/141 1021/674/141 1020/670/141
f 1019/669/141 1022/672/141 1020/670/141
f 1542/1159/141 1543/1160/141 1541/1161/141
f 1542/1159/141 1222/867/141 1543/1160/141
f 751/406/141 861/515/141 863/514/141
f 863/514/141 1544/1162/141 753/409/141
f 1544/1162/141 1545/1163/141 753/409/141
f 1016/667/141 1543/1160/141 1222/867/141
f 1016/667/141 1015/666/141 1543/1160/141
f 1224/866/141 1016/667/141 1222/867/141
f 1538/1155/141 1540/1158/141 1521/1141/141
f 1524/1142/141 1538/1155/141 1521/1141/141
f 1231/871/141 1536/1154/141 1535/1153/141
f 1535/1153/141 1534/1152/141 1231/871/141
f 1546/1164/141 1547/1165/141 1324/963/141
f 920/570/141 1322/962/141 921/571/141
f 1324/963/141 1548/1166/141 1546/1164/141
f 1323/961/141 1548/1166/141 1324/963/141
f 1549/1167/141 1550/1168/141 1294/932/141
f 1293/931/141 1549/1167/141 1294/932/141
f 1287/926/141 1290/929/141 1286/924/141
f 1290/929/141 1287/926/141 1291/930/141
f 917/568/141 1225/868/141 918/569/141
f 1246/884/141 1551/1169/141 1244/885/141
f 1029/680/141 1553/1170/141 1552/1171/141
f 1029/680/141 1030/681/141 1553/1170/141
f 1030/681/141 1029/680/141 1013/663/141
f 1554/1172/141 749/404/141 744/402/141
f 872/525/141 1554/1172/141 744/402/141
f 862/513/141 1519/1137/141 873/524/141
f 906/557/141 905/559/141 1017/668/141
f 920/570/141 1555/1173/141 1322/962/141
f 1225/868/141 1556/1174/141 908/562/141
f 1556/1174/141 1557/1175/141 909/560/141
f 1556/1174/141 909/560/141 908/562/141
f 1343/567/141 1226/869/141 1225/868/141
f 908/562/141 1343/567/141 1225/868/141
f 1516/1134/141 1558/1176/141 1203/848/141
f 1289/927/141 1205/847/141 1204/846/141
f 1329/968/141 867/519/141 746/401/141
f 1329/968/141 746/401/141 1517/1135/141
f 1560/1177/1496 1561/1178/1497 1559/1179/1497
f 1560/1177/1498 1562/1180/1499 1561/1178/1500
f 1563/1181/1074 1101/749/1074 1109/755/1074
f 1563/1181/1074 1313/952/1074 1101/749/1074
f 1565/1182/1074 1279/917/1074 1564/1183/1074
f 1565/1182/1074 1277/918/1074 1279/917/1074
f 1278/916/1074 1566/1184/1074 1279/917/1074
f 1267/907/1074 1115/764/1074 1567/1185/1074
f 1267/907/1074 1116/762/1074 1115/764/1074
f 1567/1185/1074 1568/1186/1074 1267/907/1074
f 1100/746/1074 1107/754/1074 1098/747/1074
f 1186/829/1074 1112/759/1074 1265/905/1074
f 1272/910/1074 1564/1183/1074 1270/911/1074
f 1271/909/1074 1569/1187/1074 1272/910/1074
f 1272/910/1074 1565/1182/1074 1564/1183/1074
f 1105/751/1074 1104/750/1074 1501/1119/1074
f 1500/1118/1074 1570/1188/1074 1105/751/1074
f 1500/1118/1074 1105/751/1074 1501/1119/1074
f 1501/1119/1074 1497/1115/1074 1495/1112/1074
f 1501/1119/1074 1492/1109/1074 1497/1115/1074
f 1501/1119/1074 1499/1116/1074 1490/1110/1074
f 1501/1119/1074 1490/1110/1074 1492/1109/1074
f 1108/757/1074 1572/1189/1074 1571/1190/1074
f 1108/757/1074 1501/1119/1074 1572/1189/1074
f 1499/1116/1074 1501/1119/1074 1108/757/1074
f 1108/757/1074 1110/756/1074 1499/1116/1074
f 1573/1191/141 1330/969/141 1303/942/141
f 1573/1191/141 1331/970/141 1330/969/141
f 1331/970/141 1574/1192/141 1282/920/141
f 1282/920/141 1574/1192/141 1283/921/141
f 1284/925/141 1281/922/141 1283/921/141
f 1284/925/141 1575/1193/141 1281/922/141
f 1286/924/141 1575/1193/141 1284/925/141
f 1286/924/141 1290/929/141 1575/1193/141
f 912/565/141 1573/1191/141 1303/942/141
f 912/565/141 1576/1194/141 1573/1191/141
f 1577/1195/1501 1433/1059/1438 1431/1056/1435
f 1577/1195/1502 1578/1196/1502 1433/1059/1438
f 1432/1057/1436 1348/986/1369 1430/1058/1436
f 1432/1057/1436 1349/984/1367 1348/986/1369
f 1580/1197/1503 1581/1198/1504 1579/1199/1505
f 1429/1055/1434 1427/1053/1506 1426/1051/1433
f 1302/940/1350 1583/1200/1507 1582/1201/1508
f 1302/940/1509 1582/1201/1510 1584/1202/1511
f 1302/940/1350 1584/1202/1512 1585/1203/1513
f 1302/940/1514 1585/1203/1515 1300/941/1516
f 1426/1051/1433 1586/1204/1517 1302/940/1509
f 1587/1205/1518 1583/1200/1519 1302/940/1350
f 1586/1204/1520 1587/1205/1518 1302/940/1521
f 1426/1051/1522 1428/1054/1432 1588/1206/1523
f 1426/1051/1433 1588/1206/1523 1586/1204/1524
f 1253/892/1223 1345/981/1223 1254/893/1223
f 1041/692/1223 1589/1207/1223 1042/693/1223
f 1589/1207/1223 1590/1208/1223 1248/886/1223
f 1589/1207/1223 1248/886/1223 1042/693/1223
f 1089/736/1270 1259/898/1340 1591/1209/1525
f 1089/736/1341 1591/1209/1525 1090/738/1526
f 1040/690/1223 1258/897/1223 1038/691/1223
f 1254/893/1223 1040/690/1223 1039/689/1223
f 1593/1210/1527 1594/1211/1528 1592/1212/1527
f 1593/1210/1529 1595/1213/1530 1594/1211/1531
f 1597/1214/1532 1595/1213/1530 1596/1215/1533
f 1597/1214/1534 1594/1211/1535 1595/1213/1536
f 1599/1216/1537 1596/1215/1533 1598/1217/1538
f 1599/1216/1537 1597/1214/1532 1596/1215/1533
f 1600/1218/1539 1598/1217/1538 1365/1000/1377
f 1600/1218/1539 1599/1216/1537 1598/1217/1538
f 1397/1029/1540 1600/1218/1539 1365/1000/1377
f 1601/1219/1541 1600/1218/1539 1397/1029/1410
f 1603/1220/1542 1601/1219/1541 1602/1221/1543
f 1603/1220/1542 1600/1218/1539 1601/1219/1541
f 1365/1000/1377 1364/1002/1544 1386/1023/1545
f 1365/1000/1377 1386/1023/1546 1398/1027/1408
f 1365/1000/1377 1398/1027/1408 1397/1029/1410
f 1604/566/141 901/555/141 903/554/141
f 1606/1222/1547 1607/1223/1548 1605/1224/1548
f 1606/1222/1547 1608/1225/1549 1607/1223/1548
f 1609/1226/1550 1608/1225/1549 1606/1222/1547
f 1609/1226/1550 1610/1227/1551 1608/1225/1549
f 1612/1228/1552 1609/1226/1550 1611/1229/1553
f 1611/1229/1553 1504/1121/1554 1503/1120/1555
f 1611/1229/1553 1503/1120/1488 1470/1094/1471
f 1581/1198/1504 1613/1230/1556 1579/1199/1557
f 1580/1197/1503 1560/1177/1496 1581/1198/1504
f 1580/1197/1503 1562/1180/1496 1560/1177/1496
f 1580/1197/1558 1472/1093/1470 1562/1180/1559
f 1580/1197/1560 1612/1228/1561 1611/1229/1553
f 1611/1229/1553 1470/1094/1471 1472/1093/1470
f 1580/1197/1503 1611/1229/1553 1472/1093/1470
f 1612/1228/1561 1610/1227/1551 1609/1226/1562
f 1035/688/1223 1037/687/1223 1043/696/1223
f 1614/1231/1223 1096/744/1223 1043/696/1223
f 1045/695/1223 1614/1231/1223 1043/696/1223
f 1345/981/1223 1421/1046/1223 1254/893/1223
f 1254/893/1223 1420/1048/1223 1307/947/1223
f 1420/1048/1223 1254/893/1223 1421/1046/1223
f 1420/1048/1223 1419/1044/1223 1307/947/1223
f 1419/1044/1223 1346/982/1223 1307/947/1223
f 1347/983/1223 1615/1232/1223 1308/946/1223
f 1013/663/141 911/563/141 862/513/141
f 1013/663/141 910/561/141 911/563/141
f 1036/686/1223 1035/688/1223 1616/1233/1223
f 1036/686/1223 1248/886/1223 1590/1208/1223
f 1036/686/1223 1590/1208/1223 1037/687/1223
f 1618/1234/1563 1619/1235/1564 1617/1236/1565
f 1299/938/1566 1618/1234/1567 1617/1236/1568
f 1299/938/1566 1297/935/1566 1618/1234/1563
f 1618/1234/1569 1620/1237/1570 1619/1235/1348
f 1618/1234/1567 1621/1238/1571 1620/1237/1571
f 721/376/1074 1622/1239/1074 730/387/1074
f 731/386/1074 1623/1240/1074 719/377/1074
f 1313/952/1074 1114/760/1074 1101/749/1074
f 1109/755/1074 1111/758/1074 1563/1181/1074
f 1313/952/1074 1563/1181/1074 1265/905/1074
f 1193/838/1316 1624/1241/1572 1194/836/1314
f 1193/838/1316 1625/1242/1572 1624/1241/1573
f 1199/844/1321 1626/1243/1574 1200/842/1575
f 1199/844/1321 1627/1244/1576 1626/1243/1574
f 1628/1245/1577 879/533/1157 881/532/1156
f 1628/1245/1578 1629/1246/1579 879/533/1157
f 885/536/1580 893/545/1166 883/537/1161
f 885/536/1580 894/546/1581 893/545/1166
f 1631/1247/1582 895/547/1169 1630/1248/1583
f 1631/1247/1584 896/548/1171 895/547/1585
f 1296/937/1586 1633/1249/1587 1632/1250/1587
f 1296/937/278 1298/936/278 1633/1249/1588
f 1626/1243/1574 722/380/1589 724/379/1076
f 1626/1243/1574 1627/1244/1590 722/380/1589
f 733/389/1085 897/551/1174 899/550/1174
f 733/389/1085 732/388/1083 897/551/1174
f 1624/1241/1572 735/390/1086 734/392/1591
f 1624/1241/1572 1625/1242/1592 735/390/1086
f 898/549/1172 1628/1245/1578 900/552/1172
f 898/549/1172 1629/1246/1579 1628/1245/1578
f 1635/1251/1593 1633/1249/1587 1634/1252/1593
f 1635/1251/1593 1632/1250/1587 1633/1249/1587
f 1631/1247/1594 1637/1253/1595 1636/1254/1595
f 1631/1247/1582 1630/1248/1596 1637/1253/1595
f 876/527/278 1509/1127/278 875/528/278
f 1515/1133/278 1513/1130/278 1512/1132/278
f 1638/1255/1597 1366/1001/1378 1367/1003/1380
f 1640/1256/1598 1641/1257/1599 1639/1258/1600
f 1640/1256/1598 1642/1259/1601 1641/1257/1599
f 1644/1260/1602 1641/1257/1603 1643/1261/1604
f 1644/1260/1605 1639/1258/1600 1641/1257/1606
f 1646/1262/1607 1647/1263/1608 1645/1264/1609
f 1646/1262/1610 1648/1265/1611 1647/1263/1608
f 1646/1262/1610 1649/1266/1612 1648/1265/1613
f 1646/1262/1610 1650/1267/1614 1649/1266/1612
f 1650/1267/1614 1643/1261/1615 1649/1266/1616
f 1650/1267/1614 1644/1260/1605 1643/1261/1617
f 1652/1268/1618 1653/1269/1619 1651/1270/1620
f 1652/1268/1618 1654/1271/1621 1653/1269/1619
f 1656/1272/1622 1657/1273/1623 1655/1274/1624
f 1656/1272/1622 1658/1275/1625 1657/1273/1626
f 1658/1275/1627 1653/1269/1628 1657/1273/1623
f 1658/1275/1629 1651/1270/1620 1653/1269/1630
f 1640/1256/1631 1655/1274/1632 1642/1259/1633
f 1640/1256/1634 1656/1272/1635 1655/1274/1632
f 1660/1276/1636 1661/1277/1637 1659/1278/1638
f 1660/1276/1636 1662/1279/1639 1661/1277/1637
f 1662/1279/1640 1663/1280/1641 1661/1277/1642
f 1662/1279/1640 1664/1281/1643 1663/1280/1641
f 1652/1268/1618 1659/1278/1644 1654/1271/1645
f 1652/1268/1618 1660/1276/1646 1659/1278/1647
f 1666/1282/1648 1647/1263/1649 1665/1283/1650
f 1666/1282/1651 1645/1264/1652 1647/1263/1649
f 1664/1281/1643 1667/1284/1653 1663/1280/1641
f 1664/1281/1643 1668/1285/1654 1667/1284/1653
f 1668/1285/1655 1665/1283/1656 1667/1284/1657
f 1668/1285/1655 1666/1282/1651 1665/1283/1650
f 1639/1258/1658 1670/1286/1659 1669/1287/1660
f 1639/1258/1658 1644/1260/1602 1670/1286/1659
f 1646/1262/1610 1672/1288/1661 1671/1289/1662
f 1646/1262/1610 1645/1264/1609 1672/1288/1663
f 1644/1260/1664 1673/1290/1665 1670/1286/1666
f 1644/1260/1664 1650/1267/1667 1673/1290/1665
f 1650/1267/1614 1671/1289/1668 1673/1290/1669
f 1650/1267/1614 1646/1262/1670 1671/1289/1668
f 1651/1270/1671 1675/1291/1672 1674/1292/1673
f 1651/1270/1620 1658/1275/1629 1675/1291/1672
f 1658/1275/1625 1676/1293/1674 1675/1291/1675
f 1658/1275/1625 1656/1272/1622 1676/1293/1674
f 1640/1256/1631 1669/1287/1676 1677/1294/1677
f 1640/1256/1598 1639/1258/1658 1669/1287/1676
f 1656/1272/1622 1677/1294/1677 1676/1293/1674
f 1656/1272/1678 1640/1256/1631 1677/1294/1677
f 1664/1281/1679 1679/1295/1680 1678/1296/1681
f 1664/1281/1682 1662/1279/1683 1679/1295/1680
f 1662/1279/1684 1680/1297/1685 1679/1295/1686
f 1662/1279/1687 1660/1276/1688 1680/1297/1689
f 1652/1268/1690 1674/1292/1691 1681/1298/1692
f 1652/1268/1690 1651/1270/1671 1674/1292/1691
f 1660/1276/1646 1681/1298/1693 1680/1297/1694
f 1660/1276/1646 1652/1268/1695 1681/1298/1696
f 1645/1264/1697 1682/1299/1698 1672/1288/1661
f 1645/1264/1697 1666/1282/1648 1682/1299/1698
f 1666/1282/1699 1683/1300/1700 1682/1299/1701
f 1666/1282/1702 1668/1285/1655 1683/1300/1700
f 1668/1285/1655 1678/1296/1681 1683/1300/1703
f 1668/1285/1704 1664/1281/1705 1678/1296/1681
f 1684/1301/1706 1685/1302/1707 1670/1286/1708
f 1686/1303/1709 1687/1304/1710 1672/1288/1711
f 1684/1301/1712 1670/1286/1708 1673/1290/1713
f 1687/1304/1714 1673/1290/1669 1671/1289/1662
f 1688/1305/1715 1674/1292/1673 1675/1291/1672
f 1689/1306/1716 1688/1305/1715 1676/1293/1717
f 1685/1302/1718 1677/1294/1677 1669/1287/1719
f 1689/1306/1716 1676/1293/1717 1677/1294/1720
f 1690/1307/1721 1678/1296/1681 1679/1295/1722
f 1691/1308/1723 1679/1295/1724 1680/1297/1725
f 1692/1309/1726 1681/1298/1693 1674/1292/1691
f 1692/1309/1726 1691/1308/1727 1681/1298/1693
f 1686/1303/1728 1672/1288/1711 1682/1299/1701
f 1693/1310/1729 1682/1299/1730 1683/1300/1700
f 1690/1307/1731 1693/1310/1732 1678/1296/1733
f 1695/1311/1734 1696/1312/1735 1694/1313/1736
f 1695/1311/1737 1698/1314/1738 1697/1315/1739
f 1695/1311/1734 1697/1315/1739 1696/1312/1735
f 1695/1311/1737 1699/1316/1740 1698/1314/1738
f 1695/1311/1741 1694/1313/1742 1699/1316/1740
f 1684/1301/1706 1696/1312/1743 1685/1302/1718
f 1686/1303/1744 1694/1313/1742 1687/1304/1710
f 1694/1313/1736 1684/1301/1745 1687/1304/1710
f 1694/1313/1736 1696/1312/1735 1684/1301/1745
f 1697/1315/1746 1692/1309/1747 1688/1305/1748
f 1697/1315/1739 1698/1314/1749 1692/1309/1747
f 1689/1306/1750 1697/1315/1746 1688/1305/1748
f 1696/1312/1751 1689/1306/1752 1685/1302/1718
f 1696/1312/1751 1697/1315/1739 1689/1306/1750
f 1698/1314/1753 1690/1307/1731 1691/1308/1754
f 1698/1314/1753 1699/1316/1755 1690/1307/1731
f 1692/1309/1756 1698/1314/1757 1691/1308/1727
f 1699/1316/1758 1686/1303/1759 1693/1310/1760
f 1699/1316/1755 1694/1313/1742 1686/1303/1759
f 1690/1307/1731 1699/1316/1755 1693/1310/1760
f 1693/1310/1760 1683/1300/1761 1678/1296/1733
f 1693/1310/1760 1686/1303/1728 1682/1299/1701
f 1687/1304/1710 1671/1289/1662 1672/1288/1762
f 1687/1304/1710 1684/1301/1712 1673/1290/1713
f 1685/1302/1707 1669/1287/1719 1670/1286/1708
f 1685/1302/1718 1689/1306/1752 1677/1294/1763
f 1688/1305/1715 1675/1291/1764 1676/1293/1674
f 1688/1305/1748 1692/1309/1765 1674/1292/1673
f 1691/1308/1766 1690/1307/1731 1679/1295/1722
f 1691/1308/1723 1680/1297/1767 1681/1298/1693
f 1701/376/1344 1702/375/1344 1700/377/1344
f 1704/378/1768 1705/379/1769 1703/381/1768
f 1704/378/1768 1706/380/1770 1705/379/1769
f 1708/382/1771 1709/383/1772 1707/385/1773
f 1708/382/1771 1710/384/1774 1709/383/1772
f 1700/377/1344 1712/386/1344 1711/387/1344
f 1708/382/1771 1713/388/1775 1710/384/1776
f 1708/382/1771 1714/389/1777 1713/388/1775
f 1716/391/1778 1717/390/1779 1715/392/1780
f 1716/391/1781 1718/393/1781 1717/390/1779
f 1720/394/1782 1703/381/1783 1719/395/1784
f 1720/394/1785 1704/378/1783 1703/381/1783
f 1722/396/141 1723/397/141 1721/399/141
f 1722/396/141 1724/398/141 1723/397/141
f 1726/401/141 1727/400/141 1725/402/141
f 1728/403/141 1729/404/141 1727/400/141
f 1728/403/141 1730/405/141 1729/404/141
f 1729/404/141 1725/402/141 1727/400/141
f 1732/407/141 1733/406/141 1731/408/141
f 1732/407/141 1734/409/141 1733/406/141
f 1736/411/141 1737/410/141 1735/412/141
f 1739/413/1786 1740/414/1786 1738/416/1786
f 1739/413/1786 1741/415/1786 1740/414/1786
f 1743/418/1787 1744/417/1787 1742/419/1787
f 1743/418/1788 1745/420/1788 1744/417/1788
f 1747/422/1789 1748/421/1789 1746/423/1789
f 1747/422/1790 1749/424/1790 1748/421/1790
f 1751/425/1791 1752/426/1792 1750/428/1791
f 1751/425/1792 1753/427/1792 1752/426/1792
f 1755/429/1793 1756/430/1793 1754/432/1793
f 1755/429/1794 1757/431/1794 1756/430/1794
f 1759/433/1795 1760/434/1796 1758/436/1796
f 1759/433/1796 1761/435/1796 1760/434/1796
f 1763/438/1797 1764/437/1797 1762/439/1797
f 1763/438/1797 1765/440/1797 1764/437/1797
f 1767/442/1798 1768/441/1798 1766/443/1798
f 1767/442/1799 1769/444/1799 1768/441/1799
f 1771/445/1800 1772/446/1800 1770/448/1800
f 1771/445/1800 1773/447/1800 1772/446/1800
f 1775/449/1801 1776/450/1802 1774/452/1803
f 1775/449/1801 1777/451/1804 1776/450/1805
f 1779/453/1806 1780/454/1806 1778/456/1807
f 1779/453/1806 1781/455/1806 1780/454/1806
f 1783/458/1808 1784/457/1808 1782/459/1808
f 1783/458/1808 1785/460/1808 1784/457/1808
f 1787/461/1809 1788/462/1809 1786/464/1809
f 1787/461/1809 1789/463/1809 1788/462/1809
f 1791/465/1810 1792/466/1811 1790/468/1812
f 1791/465/1810 1793/467/1810 1792/466/1811
f 1795/468/1813 1796/469/1814 1794/470/1815
f 1795/468/1813 1797/466/1816 1796/469/1817
f 1799/470/1814 1800/471/1818 1798/472/1818
f 1799/470/1814 1801/469/1819 1800/471/1820
f 1803/474/1821 1804/473/1822 1802/475/1822
f 1803/474/1821 1805/476/1823 1804/473/1822
f 1807/478/1824 1808/477/1824 1806/479/1824
f 1807/478/1824 1809/480/1824 1808/477/1824
f 1811/482/1825 1812/481/1825 1810/483/1825
f 1811/482/1826 1813/484/1826 1812/481/1826
f 1815/485/1827 1816/486/1827 1814/488/1827
f 1815/485/1828 1817/487/1829 1816/486/1829
f 1819/489/1830 1820/490/1830 1818/492/1830
f 1819/489/1831 1821/491/1830 1820/490/1831
f 1823/493/1832 1824/494/1833 1822/496/1834
f 1823/493/1832 1825/495/1833 1824/494/1833
f 1823/493/1832 1827/497/1835 1826/498/1835
f 1823/493/1832 1822/496/1834 1827/497/1835
f 1829/499/1836 1830/500/1836 1828/502/1836
f 1829/499/1836 1831/501/1836 1830/500/1836
f 1833/503/1837 1834/504/1838 1832/506/1838
f 1833/503/1839 1835/505/1839 1834/504/1839
f 1837/508/1840 1838/507/1840 1836/509/1840
f 1837/508/1840 1839/510/1840 1838/507/1840
f 1777/451/1804 1841/511/1841 1840/512/1841
f 1777/451/1804 1775/449/1801 1841/511/1842
f 1843/514/141 1844/513/141 1842/515/141
f 1846/517/141 1847/516/141 1845/518/141
f 1848/520/141 1849/519/141 1726/401/141
f 1851/522/278 1852/521/278 1850/523/278
f 1725/402/141 1853/524/141 1844/513/141
f 1725/402/141 1854/525/141 1853/524/141
f 1852/521/278 1855/526/278 1850/523/278
f 1857/527/278 1851/522/278 1856/528/278
f 1858/529/1843 1720/394/1782 1719/395/1784
f 1858/529/1843 1859/530/1844 1720/394/1782
f 1861/531/1845 1862/532/1846 1860/534/1847
f 1861/531/1845 1863/533/1848 1862/532/1846
f 1865/535/1849 1866/536/1850 1864/538/1849
f 1865/535/1849 1867/537/1850 1866/536/1850
f 1869/539/1851 1860/534/1847 1868/540/1851
f 1869/539/1851 1861/531/1852 1860/534/1847
f 1871/541/1853 1872/542/1854 1870/544/1854
f 1871/541/1853 1873/543/1855 1872/542/1854
f 1871/541/1853 1874/545/1856 1873/543/1855
f 1871/541/1853 1875/546/1857 1874/545/1856
f 1858/529/1843 1876/547/1858 1859/530/1859
f 1858/529/1843 1877/548/1860 1876/547/1858
f 1879/549/1861 1880/550/1862 1878/552/1863
f 1879/549/1861 1881/551/1864 1880/550/1865
f 1872/542/1854 1716/391/1781 1870/544/1854
f 1872/542/1866 1718/393/1781 1716/391/1781
f 1883/553/141 1884/554/141 1882/556/141
f 1883/553/141 1885/555/141 1884/554/141
f 1887/558/141 1888/557/141 1886/559/141
f 1890/560/141 1891/561/141 1889/563/141
f 1890/560/141 1892/562/141 1891/561/141
f 1883/553/141 1894/564/141 1893/565/141
f 1896/566/141 1897/558/141 1895/567/141
f 1885/555/141 1897/558/141 1896/566/141
f 1898/569/141 1899/568/141 1894/564/141
f 1901/571/141 1902/570/141 1900/572/141
f 1904/573/1867 1905/574/1867 1903/576/1867
f 1904/573/1867 1906/575/1867 1905/574/1867
f 1908/578/1868 1909/577/1868 1907/579/1868
f 1908/578/1869 1910/580/1870 1909/577/1870
f 1912/581/1871 1913/582/1872 1911/584/1871
f 1912/581/1871 1914/583/1871 1913/582/1871
f 1916/586/1873 1917/585/1873 1915/587/1873
f 1916/586/1874 1918/588/1874 1917/585/1873
f 1920/590/1875 1921/589/1876 1919/591/1876
f 1920/590/1875 1922/592/1875 1921/589/1877
f 1924/594/1878 1925/593/1878 1923/595/1878
f 1924/594/1879 1926/596/1879 1925/593/1879
f 1928/597/1880 1929/598/1880 1927/600/1881
f 1928/597/1880 1930/599/1880 1929/598/1880
f 1932/601/1882 1933/602/1883 1931/604/1884
f 1932/601/1882 1934/603/1885 1933/602/1883
f 1936/606/1886 1937/605/1886 1935/607/1886
f 1936/606/1887 1938/608/1887 1937/605/1887
f 1940/610/1888 1941/609/1888 1939/611/1888
f 1940/610/1888 1942/612/1888 1941/609/1888
f 1944/613/1889 1945/614/1890 1943/616/1889
f 1944/613/1891 1946/615/1892 1945/614/1892
f 1948/618/1893 1949/617/1893 1947/619/1894
f 1948/618/1893 1950/620/1894 1949/617/1893
f 1952/621/1895 1953/622/1896 1951/624/1895
f 1952/621/1895 1954/623/1897 1953/622/1896
f 1956/626/1898 1957/625/1898 1955/627/1898
f 1956/626/1898 1958/628/1898 1957/625/1898
f 1960/629/1899 1961/630/1899 1959/632/1899
f 1960/629/1899 1962/631/1899 1961/630/1899
f 1964/634/1900 1965/633/1900 1963/635/1900
f 1964/634/1900 1966/636/1900 1965/633/1900
f 1968/638/1901 1969/637/1901 1967/639/1901
f 1968/638/1902 1970/640/1902 1969/637/1902
f 1972/642/1903 1973/641/1904 1971/643/1904
f 1972/642/1905 1974/644/1905 1973/641/1905
f 1976/646/1906 1977/645/1907 1975/647/1907
f 1976/646/1908 1978/648/1909 1977/645/1907
f 1976/646/1906 1979/649/1910 1978/648/1909
f 1976/646/1906 1980/650/1910 1979/649/1910
f 1982/651/1911 1983/652/1912 1981/654/1912
f 1982/651/1912 1984/653/1912 1983/652/1912
f 1986/656/1913 1987/655/1913 1985/657/1914
f 1986/656/1915 1988/658/1915 1987/655/1915
f 1990/660/1916 1991/659/1916 1989/661/1916
f 1990/660/1916 1992/662/1916 1991/659/1916
f 1931/604/1884 1841/511/1842 1932/601/1882
f 1931/604/1884 1840/512/1917 1841/511/1841
f 1994/663/141 1891/561/141 1993/664/141
f 1844/513/141 1995/665/141 1889/563/141
f 1844/513/141 1996/666/141 1995/665/141
f 1844/513/141 1997/667/141 1996/666/141
f 1843/514/141 1997/667/141 1844/513/141
f 1998/668/141 1888/557/141 1994/663/141
f 2000/670/141 2001/669/141 1999/671/141
f 2003/673/141 2004/672/141 2002/674/141
f 2005/675/141 2004/672/141 2003/673/141
f 2007/677/1918 2008/676/1918 2006/678/1918
f 2007/677/1919 2009/679/1919 2008/676/1920
f 1994/663/141 1993/664/141 2010/680/141
f 2011/681/141 1998/668/141 1994/663/141
f 2013/682/1921 2014/683/1921 2012/685/1921
f 2013/682/1922 2015/684/1922 2014/683/1922
f 2017/687/1223 2018/686/1223 2016/688/1223
f 2020/690/1223 2021/689/1223 2019/691/1223
f 2022/693/1223 2023/692/1223 2019/691/1223
f 2025/695/1223 2026/694/1223 2024/696/1223
f 2028/698/1923 2029/697/1924 2027/699/1924
f 2028/698/1925 2030/700/1925 2029/697/1926
f 2032/701/1927 2033/702/1928 2031/704/1929
f 2032/701/1930 2034/703/1928 2033/702/1928
f 2036/705/1931 2037/706/1932 2035/708/1933
f 2036/705/1934 2038/707/1931 2037/706/1935
f 2040/710/1936 2041/709/1937 2039/711/1936
f 2040/710/1936 2042/712/1938 2041/709/1937
f 2044/714/1939 2045/713/1940 2043/715/1939
f 2044/714/1941 2046/716/1942 2045/713/1943
f 2048/717/1944 2049/718/1945 2047/720/1946
f 2048/717/1947 2050/719/1948 2049/718/1945
f 2052/721/1949 2049/718/1945 2051/722/1950
f 2052/721/1949 2047/720/1951 2049/718/1952
f 2054/723/1953 2055/722/1954 2053/724/1955
f 2054/723/1953 2056/721/1956 2055/722/1954
f 2058/724/1957 2059/725/1958 2057/723/1959
f 2058/724/1957 2060/726/1958 2059/725/1958
f 2062/727/1960 2063/728/1961 2061/730/1962
f 2062/727/1960 2064/729/1960 2063/728/1961
f 2063/728/1961 2031/704/1963 2061/730/1961
f 2063/728/1961 2032/701/1930 2031/704/1929
f 2066/732/1964 2067/731/1965 2065/733/1964
f 2066/732/1964 2068/734/1966 2067/731/1966
f 2029/697/1926 2069/735/1967 2027/699/1968
f 2029/697/1924 2070/736/1969 2069/735/1967
f 2070/736/1969 2072/737/1970 2071/738/1971
f 2074/740/1272 2075/739/1272 2073/741/1272
f 2074/740/1272 2076/742/1272 2075/739/1272
f 2077/743/1223 2024/696/1223 2016/688/1223
f 2077/743/1223 2078/744/1223 2024/696/1223
f 2080/746/1344 2081/745/1344 2079/747/1344
f 2079/747/1344 2083/748/1344 2082/749/1344
f 2085/751/1344 2086/750/1344 2084/752/1344
f 2087/754/1344 2088/753/1344 2080/746/1344
f 2090/756/1344 2091/755/1344 2089/757/1344
f 2091/755/1344 2092/758/1344 2089/757/1344
f 2080/746/1344 2088/753/1344 2093/759/1344
f 2095/760/1344 2083/748/1344 2094/761/1344
f 2097/763/1344 2098/762/1344 2096/764/1344
f 2100/766/1972 2101/765/1972 2099/767/1972
f 2100/766/1973 2102/768/1973 2101/765/1973
f 2104/769/1974 2105/770/1974 2103/772/1974
f 2104/769/1974 2106/771/1974 2105/770/1974
f 2108/773/1975 2109/774/1976 2107/776/1975
f 2108/773/1976 2110/775/1977 2109/774/1976
f 2112/777/1978 2113/778/1978 2111/780/1978
f 2112/777/1978 2114/779/1978 2113/778/1978
f 2116/781/1979 2117/782/1980 2115/784/1979
f 2116/781/1979 2118/783/1981 2117/782/1980
f 2120/782/1980 2121/785/1982 2119/786/1982
f 2120/782/1980 2122/783/1983 2121/785/1984
f 2124/787/1985 2125/788/1985 2123/790/1985
f 2124/787/1986 2126/789/1986 2125/788/1986
f 2128/791/1987 2129/792/1987 2127/794/1987
f 2128/791/1987 2130/793/1987 2129/792/1987
f 2132/795/1988 2133/796/1989 2131/798/1988
f 2132/795/1988 2134/797/1990 2133/796/1991
f 2136/799/1992 2137/800/1992 2135/802/1992
f 2136/799/1992 2138/801/1992 2137/800/1992
f 2140/804/1993 2141/803/1993 2139/805/1993
f 2140/804/1993 2142/806/1993 2141/803/1993
f 2144/807/1994 2145/808/1994 2143/810/1994
f 2144/807/1994 2146/809/1994 2145/808/1994
f 2148/811/1995 2149/812/1995 2147/814/1996
f 2148/811/1996 2150/813/1996 2149/812/1996
f 2152/815/1997 2153/816/1998 2151/818/1998
f 2152/815/1997 2154/817/1999 2153/816/1999
f 2156/820/2000 2157/819/2000 2155/821/2000
f 2156/820/2000 2158/822/2000 2157/819/2000
f 2160/824/2001 2161/823/2001 2159/825/2001
f 2160/824/2001 2162/826/2001 2161/823/2001
f 2164/827/2002 2165/796/2003 2163/797/2004
f 2164/827/2005 2166/828/2005 2165/796/2003
f 2093/759/1344 2088/753/1344 2167/829/1344
f 2169/830/2006 2170/831/2006 2168/833/2006
f 2169/830/2007 2171/832/2007 2170/831/2007
f 2050/719/2008 2173/834/2009 2172/835/2009
f 2050/719/2008 2048/717/2010 2173/834/2011
f 2175/837/2012 2176/836/2013 2174/838/2014
f 2175/837/2015 2177/839/2015 2176/836/2016
f 2178/840/2017 1707/385/1773 1709/383/2018
f 2178/840/2017 2179/841/2017 1707/385/1773
f 2181/842/2019 2182/843/2020 2180/845/2020
f 2181/842/2019 2183/844/2021 2182/843/2022
f 2185/847/141 2186/846/141 2184/848/141
f 1843/514/141 1733/406/141 1734/409/141
f 2188/849/141 1736/411/141 2187/850/141
f 2190/852/2023 2191/851/2023 2189/853/2023
f 2190/852/2023 2192/854/2023 2191/851/2023
f 1847/516/141 2193/855/141 1845/518/141
f 2195/857/141 2196/856/141 2194/858/141
f 2197/859/141 2196/856/141 2195/857/141
f 2199/861/2024 2200/860/2024 2198/862/2024
f 2199/861/2025 2201/863/2025 2200/860/2025
f 1702/375/1344 1701/376/1344 2202/864/1344
f 2204/866/141 2205/865/141 2203/867/141
f 1893/565/141 1894/564/141 1899/568/141
f 2206/869/141 2207/868/141 1898/569/141
f 2209/567/141 2210/554/141 2208/566/141
f 2206/869/141 2210/554/141 2209/567/141
f 2212/871/141 2213/870/141 2211/872/141
f 2215/873/2026 2216/874/2027 2214/876/2027
f 2215/873/2026 2217/875/2026 2216/874/2026
f 2219/877/2028 2220/878/2029 2218/880/2028
f 2219/877/2030 2221/879/2031 2220/878/2031
f 2223/881/2032 2224/622/2033 2222/623/2034
f 2223/881/2035 2225/882/2035 2224/622/2033
f 2227/884/141 2228/883/141 2226/885/141
f 2018/686/1223 2230/886/1223 2229/887/1223
f 2232/889/2036 2233/888/2036 2231/890/2036
f 2232/889/2036 2234/891/2036 2233/888/2036
f 2235/893/1223 2236/892/1223 2021/689/1223
f 2025/695/1223 2237/894/1223 2026/694/1223
f 2238/895/2037 2035/708/1933 2037/706/2038
f 2238/895/2037 2239/896/2037 2035/708/2039
f 2023/692/1223 2240/897/1223 2019/691/1223
f 2241/898/2040 2069/735/2041 2070/736/2042
f 2241/898/2043 2242/899/2044 2069/735/1967
f 2244/901/1074 2245/900/1074 2243/902/1074
f 2244/901/1074 2246/903/1074 2245/900/1074
f 2167/829/1344 2248/904/1344 2247/905/1344
f 2250/906/1344 2098/762/1344 2249/908/1344
f 2250/906/1344 2251/907/1344 2098/762/1344
f 2253/910/1344 2254/909/1344 2252/911/1344
f 2256/913/2045 2257/912/2045 2255/914/2045
f 2256/913/2046 2258/915/2046 2257/912/2046
f 2260/917/1344 2261/916/1344 2259/918/1344
f 2084/752/1344 2086/750/1344 2088/753/1344
f 2077/743/1223 2262/919/1223 2078/744/1223
f 2264/921/141 2265/920/141 2263/922/141
f 2267/924/141 2268/923/141 2266/925/141
f 1722/396/141 2269/926/141 1724/398/141
f 1722/396/141 2267/924/141 2269/926/141
f 2271/927/141 1723/397/141 2270/928/141
f 2272/930/141 2273/929/141 2186/846/141
f 2275/932/141 2276/931/141 2274/933/141
f 2194/858/141 2277/934/141 2195/857/141
f 2279/936/1347 2280/935/2047 2278/937/1347
f 2279/936/278 2281/938/2048 2280/935/2048
f 2283/940/2049 2284/939/2050 2282/941/2051
f 1893/565/141 1899/568/141 2285/942/141
f 2228/883/141 2227/884/141 2286/943/141
f 2288/944/2052 1934/603/1885 2287/945/2052
f 2288/944/2052 1933/602/1883 1934/603/1885
f 2262/919/1223 2290/946/1223 2289/947/1223
f 2262/919/1223 2077/743/1223 2290/946/1223
f 2045/713/1943 2041/709/1937 2042/712/1937
f 2045/713/2053 2046/716/2054 2041/709/1937
f 2292/949/1272 2293/948/1272 2291/950/1272
f 2292/949/1272 2294/951/1272 2293/948/1272
f 2082/749/1344 2087/754/1344 2079/747/1344
f 2247/905/1344 2295/952/1344 2093/759/1344
f 2088/753/1344 2086/750/1344 2167/829/1344
f 2297/954/2055 2298/953/2055 2296/955/2055
f 2297/954/2055 2299/956/2055 2298/953/2055
f 2301/958/2056 2302/957/2056 2300/959/2056
f 2301/958/2056 2303/960/2056 2302/957/2056
f 1901/571/141 2305/961/141 2304/962/141
f 1901/571/141 2306/963/141 2305/961/141
f 2308/964/2057 2309/965/2057 2307/967/2057
f 2308/964/2057 2310/966/2057 2309/965/2057
f 1847/516/141 1846/517/141 1737/410/141
f 2311/968/141 1721/399/141 2271/927/141
f 2312/970/141 2313/969/141 2265/920/141
f 1894/564/141 1883/553/141 1882/556/141
f 2315/972/2058 2316/971/2058 2314/973/2058
f 2068/734/1966 2072/737/1970 2067/731/1966
f 2068/734/1966 2071/738/2059 2072/737/2060
f 2188/849/141 1847/516/141 1737/410/141
f 2318/974/2061 2319/474/2062 2317/975/2061
f 2318/974/2061 2320/476/2063 2319/474/2062
f 2322/976/2064 2323/977/2064 2321/979/2064
f 2322/976/2064 2324/978/2065 2323/977/2064
f 2325/567/141 1887/558/141 1886/559/141
f 2326/981/1223 2327/980/1223 2236/892/1223
f 2328/983/1223 2329/982/1223 2289/947/1223
f 2331/985/2066 2332/984/2067 2330/986/2068
f 2331/985/2066 2333/987/2066 2332/984/2067
f 2335/989/2069 2336/988/2070 2334/990/2070
f 2335/989/2069 2337/991/2069 2336/988/2069
f 2339/992/2071 2340/993/2072 2338/995/2073
f 2339/992/2071 2341/994/2072 2340/993/2072
f 2343/996/2074 2344/997/2074 2342/999/2074
f 2343/996/2074 2345/998/2074 2344/997/2074
f 2347/1001/2075 2348/1000/2076 2346/1002/2077
f 2349/1003/2078 2348/1000/2076 2347/1001/2075
f 2351/1004/2079 2352/1005/2080 2350/1007/2081
f 2351/1004/2082 2353/1006/2083 2352/1005/2080
f 2355/1009/2084 2356/1008/2085 2354/1010/2086
f 2355/1009/2087 2357/1011/2087 2356/1008/2088
f 2359/1012/2089 2360/1013/2090 2358/1015/2091
f 2359/1012/2092 2361/1014/2092 2360/1013/2090
f 2363/1017/2093 2364/1016/2093 2362/1018/2093
f 2363/1017/2093 2365/1019/2093 2364/1016/2093
f 2352/1005/2094 2367/1020/2095 2366/1021/2095
f 2352/1005/2094 2353/1006/2096 2367/1020/2095
f 2346/1002/2097 2369/1022/2098 2368/1024/2098
f 2346/1002/2077 2370/1023/2099 2369/1022/2098
f 2372/1004/2079 2373/1025/2100 2371/1026/2100
f 2372/1004/2079 2374/1007/2101 2373/1025/2102
f 2376/1008/2103 2377/1013/2104 2375/1010/2105
f 2376/1008/2085 2378/1015/2106 2377/1013/2107
f 2380/1027/2108 2381/1028/2109 2379/1030/2109
f 2380/1027/2110 2382/1029/2111 2381/1028/2112
f 2384/1032/2113 2385/1031/2114 2383/1033/2115
f 2384/1032/2116 2386/1034/2117 2385/1031/2118
f 2388/1032/2119 2389/1035/2120 2387/1036/2120
f 2388/1032/2119 2390/1033/2121 2389/1035/2122
f 2392/1038/2123 2393/1037/2123 2391/1039/2123
f 2392/1038/2124 2394/1040/2124 2393/1037/2124
f 2396/1041/2125 2397/1034/2126 2395/1042/2125
f 2396/1041/2125 2398/1031/2127 2397/1034/2126
f 2400/1044/1223 2401/1043/1223 2399/1045/1223
f 2400/1044/1223 2329/982/1223 2401/1043/1223
f 2403/1047/1223 2404/1046/1223 2402/1048/1223
f 2403/1047/1223 2405/1049/1223 2404/1046/1223
f 2328/983/1223 2289/947/1223 2290/946/1223
f 2407/1051/2128 2408/1050/2129 2406/1052/2130
f 2409/1054/2131 2410/1053/2132 2407/1051/2133
f 2411/1055/2134 2408/1050/2129 2407/1051/2128
f 2413/1056/2135 2414/1057/2136 2412/1059/2137
f 2413/1056/2135 2415/1058/2136 2414/1057/2136
f 2417/1061/2138 2418/1060/2138 2416/1062/2138
f 2417/1061/2138 2419/1063/2138 2418/1060/2138
f 2421/1064/2139 2422/1065/2140 2420/1067/2141
f 2421/1064/2139 2423/1066/2139 2422/1065/2142
f 2425/1068/2143 2426/1069/2143 2424/1071/2143
f 2425/1068/2144 2427/1070/2144 2426/1069/2144
f 2429/1072/2145 2430/1073/2145 2428/1075/2145
f 2429/1072/2145 2431/1074/2145 2430/1073/2145
f 2433/1077/2146 2434/1076/2147 2432/1078/2146
f 2433/1077/2148 2435/1079/2149 2434/1076/2147
f 2437/1080/2150 2438/1081/2151 2436/1083/2152
f 2437/1080/2150 2439/1082/2153 2438/1081/2154
f 2441/1080/2150 2442/1084/2155 2440/1082/2156
f 2441/1080/2157 2443/1085/2155 2442/1084/2155
f 2445/1086/2158 2446/1081/2151 2444/1087/2158
f 2445/1086/2159 2447/1083/2160 2446/1081/2151
f 2449/1089/2161 2450/1088/2162 2448/1090/2161
f 2449/1089/2163 2451/1091/2164 2450/1088/2162
f 2450/1088/2165 2434/1076/2166 2435/1079/2167
f 2450/1088/2168 2451/1091/2164 2434/1076/2166
f 2453/1092/2169 2454/1093/2170 2452/1095/2169
f 2453/1092/2171 2455/1094/2172 2454/1093/2170
f 2457/1097/2173 2458/1096/2174 2456/1098/2175
f 2457/1097/2176 2459/1099/2177 2458/1096/2174
f 2461/1097/2178 2462/1100/2179 2460/1099/2180
f 2461/1097/2181 2463/1101/2182 2462/1100/2182
f 2465/1103/2183 2466/1102/2184 2464/1104/2185
f 2465/1103/2185 2467/1105/2185 2466/1102/2185
f 2469/1098/2186 2470/1106/2187 2468/1107/2187
f 2469/1098/2186 2471/1096/2174 2470/1106/2188
f 2473/1108/1344 2474/1109/1344 2472/1111/1344
f 2473/1108/1344 2475/1110/1344 2474/1109/1344
f 2477/1113/1344 2478/1112/1344 2476/1114/1344
f 2477/1113/1344 2479/1115/1344 2478/1112/1344
f 2090/756/1344 2481/1116/1344 2480/1117/1344
f 2482/1119/1344 2483/1118/1344 2478/1112/1344
f 2485/1121/2189 2486/1120/2190 2484/1122/2191
f 1774/452/1803 2488/1123/2192 2487/1124/2192
f 1774/452/1803 1776/450/1802 2488/1123/2192
f 2490/1125/2193 2338/995/2194 2489/1126/2193
f 2490/1125/2193 2339/992/2071 2338/995/2073
f 2490/1125/2193 2420/1067/2141 2422/1065/2140
f 2490/1125/2193 2489/1126/2193 2420/1067/2141
f 2491/1128/278 2492/1127/278 1856/528/278
f 2493/1129/278 2491/1128/278 1856/528/278
f 2495/1131/278 2496/1130/278 2494/1132/278
f 2497/1133/278 2493/1129/278 2494/1132/278
f 2494/1132/278 2493/1129/278 1856/528/278
f 1850/523/278 1856/528/278 1851/522/278
f 1711/387/1344 1701/376/1344 1700/377/1344
f 2082/749/1344 2083/748/1344 2095/760/1344
f 2498/1134/141 1853/524/141 1854/525/141
f 2185/847/141 2498/1134/141 1854/525/141
f 2499/1135/141 1727/400/141 1726/401/141
f 2500/1136/141 1846/517/141 1845/518/141
f 2188/849/141 1737/410/141 1736/411/141
f 1842/515/141 1844/513/141 2501/1137/141
f 2270/928/141 2272/930/141 2186/846/141
f 2498/1134/141 2185/847/141 2184/848/141
f 2270/928/141 2186/846/141 2271/927/141
f 1721/399/141 1723/397/141 2271/927/141
f 2499/1135/141 2311/968/141 2502/1138/141
f 2271/927/141 2502/1138/141 2311/968/141
f 2504/1140/141 2505/1139/141 2503/1141/141
f 2506/1142/141 2504/1140/141 2503/1141/141
f 2503/1141/141 2508/1143/141 2507/1144/141
f 2505/1139/141 2509/1145/141 2503/1141/141
f 2509/1145/141 2508/1143/141 2503/1141/141
f 2507/1144/141 2511/1146/141 2510/1147/141
f 2507/1144/141 2512/1148/141 2511/1146/141
f 2508/1143/141 2513/1149/141 2507/1144/141
f 2507/1144/141 2513/1149/141 2512/1148/141
f 2513/1149/141 2514/1150/141 2512/1148/141
f 2512/1148/141 2514/1150/141 2212/871/141
f 2514/1150/141 2515/1151/141 2212/871/141
f 2515/1151/141 2213/870/141 2212/871/141
f 2516/1152/141 2212/871/141 2211/872/141
f 1999/671/141 2001/669/141 2517/1153/141
f 2001/669/141 2518/1154/141 2517/1153/141
f 2520/1156/141 2521/1155/141 2519/1157/141
f 2519/1157/141 2521/1155/141 2522/1158/141
f 2277/934/141 2520/1156/141 2519/1157/141
f 2195/857/141 2277/934/141 2519/1157/141
f 2002/674/141 2004/672/141 2000/670/141
f 2004/672/141 2001/669/141 2000/670/141
f 2523/1159/141 2524/1160/141 2203/867/141
f 2523/1159/141 2525/1161/141 2524/1160/141
f 1842/515/141 1733/406/141 1843/514/141
f 2526/1162/141 1843/514/141 1734/409/141
f 2527/1163/141 2526/1162/141 1734/409/141
f 2524/1160/141 1997/667/141 2203/867/141
f 1996/666/141 1997/667/141 2524/1160/141
f 1997/667/141 2204/866/141 2203/867/141
f 2522/1158/141 2521/1155/141 2503/1141/141
f 2521/1155/141 2506/1142/141 2503/1141/141
f 2518/1154/141 2212/871/141 2517/1153/141
f 2516/1152/141 2517/1153/141 2212/871/141
f 2528/1165/141 2529/1164/141 2306/963/141
f 2304/962/141 1902/570/141 1901/571/141
f 2530/1166/141 2306/963/141 2529/1164/141
f 2530/1166/141 2305/961/141 2306/963/141
f 2531/1168/141 2532/1167/141 2275/932/141
f 2532/1167/141 2276/931/141 2275/932/141
f 2273/929/141 2269/926/141 2267/924/141
f 2269/926/141 2273/929/141 2272/930/141
f 2207/868/141 1899/568/141 1898/569/141
f 2533/1169/141 2227/884/141 2226/885/141
f 2010/680/141 2534/1170/141 2011/681/141
f 2010/680/141 2535/1171/141 2534/1170/141
f 2010/680/141 2011/681/141 1994/663/141
f 1729/404/141 2536/1172/141 1725/402/141
f 2536/1172/141 1854/525/141 1725/402/141
f 2501/1137/141 1844/513/141 1853/524/141
f 1886/559/141 1888/557/141 1998/668/141
f 2537/1173/141 1902/570/141 2304/962/141
f 2538/1174/141 2207/868/141 1892/562/141
f 2539/1175/141 2538/1174/141 1890/560/141
f 1890/560/141 2538/1174/141 1892/562/141
f 2206/869/141 2325/567/141 2207/868/141
f 2325/567/141 1892/562/141 2207/868/141
f 2540/1176/141 2498/1134/141 2184/848/141
f 2185/847/141 2271/927/141 2186/846/141
f 1849/519/141 2311/968/141 1726/401/141
f 1726/401/141 2311/968/141 2499/1135/141
f 2542/1177/2195 2543/1178/2196 2541/1180/2197
f 2542/1177/2198 2544/1179/2199 2543/1178/2199
f 2545/1181/1344 2082/749/1344 2295/952/1344
f 2545/1181/1344 2091/755/1344 2082/749/1344
f 2546/1182/1344 2260/917/1344 2259/918/1344
f 2546/1182/1344 2547/1183/1344 2260/917/1344
f 2548/1184/1344 2261/916/1344 2260/917/1344
f 2251/907/1344 2096/764/1344 2098/762/1344
f 2251/907/1344 2549/1185/1344 2096/764/1344
f 2550/1186/1344 2549/1185/1344 2251/907/1344
f 2087/754/1344 2080/746/1344 2079/747/1344
f 2093/759/1344 2167/829/1344 2247/905/1344
f 2547/1183/1344 2253/910/1344 2252/911/1344
f 2551/1187/1344 2254/909/1344 2253/910/1344
f 2546/1182/1344 2253/910/1344 2547/1183/1344
f 2086/750/1344 2085/751/1344 2482/1119/1344
f 2552/1188/1344 2483/1118/1344 2085/751/1344
f 2085/751/1344 2483/1118/1344 2482/1119/1344
f 2479/1115/1344 2482/1119/1344 2478/1112/1344
f 2474/1109/1344 2482/1119/1344 2479/1115/1344
f 2481/1116/1344 2482/1119/1344 2475/1110/1344
f 2475/1110/1344 2482/1119/1344 2474/1109/1344
f 2089/757/1344 2553/1189/1344 2482/1119/1344
f 2089/757/1344 2554/1190/1344 2553/1189/1344
f 2482/1119/1344 2481/1116/1344 2089/757/1344
f 2090/756/1344 2089/757/1344 2481/1116/1344
f 2313/969/141 2555/1191/141 2285/942/141
f 2312/970/141 2555/1191/141 2313/969/141
f 2556/1192/141 2312/970/141 2265/920/141
f 2556/1192/141 2265/920/141 2264/921/141
f 2266/925/141 2263/922/141 2557/1193/141
f 2266/925/141 2264/921/141 2263/922/141
f 2557/1193/141 2267/924/141 2266/925/141
f 2273/929/141 2267/924/141 2557/1193/141
f 2555/1191/141 1893/565/141 2285/942/141
f 2558/1194/141 1893/565/141 2555/1191/141
f 2412/1059/2137 2559/1195/2200 2413/1056/2135
f 2412/1059/2137 2560/1196/2200 2559/1195/2200
f 2414/1057/2136 2330/986/2068 2332/984/2067
f 2414/1057/2136 2415/1058/2201 2330/986/2068
f 2562/1198/2202 2563/1197/2203 2561/1199/2204
f 2410/1053/2205 2411/1055/2206 2407/1051/2133
f 2565/1200/2207 2283/940/2049 2564/1201/2208
f 2564/1201/2209 2283/940/2210 2566/1202/2211
f 2566/1202/2211 2283/940/2210 2567/1203/2212
f 2567/1203/2212 2283/940/2049 2282/941/2213
f 2568/1204/2214 2407/1051/2133 2283/940/2215
f 2565/1200/2216 2569/1205/2217 2283/940/2049
f 2569/1205/2217 2568/1204/2218 2283/940/2049
f 2409/1054/2131 2407/1051/2133 2570/1206/2219
f 2570/1206/2219 2407/1051/2220 2568/1204/2221
f 2326/981/1223 2236/892/1223 2235/893/1223
f 2571/1207/1223 2023/692/1223 2022/693/1223
f 2572/1208/1223 2571/1207/1223 2230/886/1223
f 2230/886/1223 2571/1207/1223 2022/693/1223
f 2241/898/2222 2070/736/2223 2573/1209/2224
f 2573/1209/2224 2070/736/1969 2071/738/1971
f 2240/897/1223 2020/690/1223 2019/691/1223
f 2020/690/1223 2235/893/1223 2021/689/1223
f 2575/1210/2225 2576/1211/2226 2574/1213/2227
f 2575/1210/2228 2577/1212/2225 2576/1211/2229
f 2574/1213/2227 2579/1214/2230 2578/1215/2231
f 2574/1213/2227 2576/1211/2232 2579/1214/2230
f 2580/1216/2233 2578/1215/2231 2579/1214/2230
f 2580/1216/2233 2581/1217/2234 2578/1215/2231
f 2581/1217/2234 2582/1218/2235 2348/1000/2076
f 2581/1217/2234 2580/1216/2233 2582/1218/2236
f 2582/1218/2236 2382/1029/2237 2348/1000/2076
f 2582/1218/2238 2583/1219/2239 2382/1029/2240
f 2583/1219/2241 2585/1220/2242 2584/1221/2242
f 2583/1219/2241 2582/1218/2243 2585/1220/2242
f 2346/1002/2097 2348/1000/2076 2370/1023/2244
f 2370/1023/2245 2348/1000/2076 2380/1027/2108
f 2380/1027/2110 2348/1000/2076 2382/1029/2237
f 1885/555/141 1896/566/141 1884/554/141
f 2587/1222/2246 2588/1223/2247 2586/1225/2248
f 2587/1222/2246 2589/1224/2247 2588/1223/2247
f 2591/1226/2249 2586/1225/2250 2590/1227/2251
f 2591/1226/2249 2587/1222/2252 2586/1225/2248
f 2591/1226/2249 2593/1228/2253 2592/1229/2254
f 2485/1121/2189 2592/1229/2254 2486/1120/2255
f 2486/1120/2190 2592/1229/2254 2455/1094/2172
f 2594/1230/2256 2562/1198/2257 2561/1199/2258
f 2542/1177/2198 2563/1197/2203 2562/1198/2257
f 2541/1180/2198 2563/1197/2203 2542/1177/2259
f 2454/1093/2170 2563/1197/2203 2541/1180/2260
f 2593/1228/2261 2563/1197/2203 2592/1229/2254
f 2455/1094/2172 2592/1229/2262 2454/1093/2170
f 2592/1229/2254 2563/1197/2203 2454/1093/2170
f 2590/1227/2251 2593/1228/2253 2591/1226/2263
f 2017/687/1223 2016/688/1223 2024/696/1223
f 2078/744/1223 2595/1231/1223 2024/696/1223
f 2595/1231/1223 2025/695/1223 2024/696/1223
f 2404/1046/1223 2326/981/1223 2235/893/1223
f 2289/947/1223 2404/1046/1223 2235/893/1223
f 2289/947/1223 2402/1048/1223 2404/1046/1223
f 2400/1044/1223 2402/1048/1223 2289/947/1223
f 2329/982/1223 2400/1044/1223 2289/947/1223
f 2596/1232/1223 2328/983/1223 2290/946/1223
f 1889/563/141 1994/663/141 1844/513/141
f 1889/563/141 1891/561/141 1994/663/141
f 2016/688/1223 2018/686/1223 2597/1233/1223
f 2230/886/1223 2018/686/1223 2572/1208/1223
f 2572/1208/1223 2018/686/1223 2017/687/1223
f 2599/1235/2264 2600/1234/2265 2598/1236/2264
f 2281/938/2047 2600/1234/2266 2280/935/2047
f 2281/938/2047 2598/1236/2267 2600/1234/2265
f 2601/1237/2268 2600/1234/2265 2599/1235/2048
f 2602/1238/2269 2600/1234/2270 2601/1237/2269
f 2603/1239/1344 1701/376/1344 1711/387/1344
f 2604/1240/1344 1712/386/1344 1700/377/1344
f 2095/760/1344 2295/952/1344 2082/749/1344
f 2092/758/1344 2091/755/1344 2545/1181/1344
f 2545/1181/1344 2295/952/1344 2247/905/1344
f 2174/838/2271 2606/1241/2272 2605/1242/2273
f 2174/838/2271 2176/836/2016 2606/1241/2273
f 2183/844/2021 2608/1243/2274 2607/1244/2275
f 2183/844/2021 2181/842/2276 2608/1243/2274
f 1863/533/1848 2609/1245/2277 1862/532/1846
f 1863/533/1848 2610/1246/2278 2609/1245/2277
f 1874/545/2279 1866/536/1850 1867/537/2280
f 1874/545/1856 1875/546/2281 1866/536/1850
f 1876/547/2282 2612/1247/2283 2611/1248/2284
f 1876/547/2282 1877/548/1860 2612/1247/2285
f 2278/937/278 2613/1249/2286 2279/936/278
f 2278/937/2287 2614/1250/2288 2613/1249/2289
f 1706/380/1770 2608/1243/2290 1705/379/1769
f 1706/380/1770 2607/1244/2291 2608/1243/2274
f 1714/389/1777 1881/551/1864 1713/388/1775
f 1714/389/1777 1880/550/1864 1881/551/1864
f 1717/390/2292 2606/1241/2273 1715/392/1780
f 1717/390/2292 2605/1242/2293 2606/1241/2273
f 1879/549/1861 2609/1245/2277 2610/1246/2278
f 1879/549/1861 1878/552/1861 2609/1245/2277
f 2613/1249/2289 2616/1251/2294 2615/1252/2294
f 2613/1249/2289 2614/1250/2289 2616/1251/2295
f 2612/1247/2283 2617/1253/2296 2611/1248/2284
f 2612/1247/2285 2618/1254/2296 2617/1253/2296
f 2492/1127/278 1857/527/278 1856/528/278
f 2496/1130/278 2497/1133/278 2494/1132/278
f 2347/1001/2075 2619/1255/2297 2349/1003/2298
f 2621/1257/2299 2622/1256/2300 2620/1258/2301
f 2621/1257/2299 2623/1259/2302 2622/1256/2300
f 2621/1257/2303 2625/1260/2304 2624/1261/2305
f 2621/1257/2303 2620/1258/2301 2625/1260/2306
f 2627/1263/2307 2628/1262/2308 2626/1264/2309
f 2627/1263/2307 2629/1265/2310 2628/1262/2311
f 2630/1266/2312 2628/1262/2311 2629/1265/2313
f 2630/1266/2312 2631/1267/2314 2628/1262/2311
f 2624/1261/2315 2631/1267/2314 2630/1266/2316
f 2624/1261/2315 2625/1260/2304 2631/1267/2317
f 2633/1269/2318 2634/1268/2319 2632/1270/2320
f 2633/1269/2318 2635/1271/2321 2634/1268/2319
f 2637/1273/2322 2638/1272/2323 2636/1274/2324
f 2637/1273/2325 2639/1275/2326 2638/1272/2327
f 2633/1269/2328 2639/1275/2329 2637/1273/2330
f 2633/1269/2331 2632/1270/2332 2639/1275/2329
f 2636/1274/2333 2622/1256/2334 2623/1259/2335
f 2636/1274/2333 2638/1272/2336 2622/1256/2337
f 2641/1277/2338 2642/1276/2339 2640/1278/2340
f 2641/1277/2341 2643/1279/2342 2642/1276/2339
f 2644/1280/2343 2643/1279/2344 2641/1277/2345
f 2644/1280/2343 2645/1281/2346 2643/1279/2344
f 2640/1278/2347 2634/1268/2319 2635/1271/2348
f 2640/1278/2349 2642/1276/2350 2634/1268/2319
f 2627/1263/2351 2647/1282/2352 2646/1283/2353
f 2627/1263/2351 2626/1264/2354 2647/1282/2355
f 2648/1284/2356 2645/1281/2357 2644/1280/2343
f 2648/1284/2356 2649/1285/2358 2645/1281/2357
f 2646/1283/2359 2649/1285/2360 2648/1284/2361
f 2646/1283/2359 2647/1282/2352 2649/1285/2360
f 2651/1286/2362 2620/1258/2363 2650/1287/2364
f 2651/1286/2362 2625/1260/2306 2620/1258/2363
f 2653/1288/2365 2628/1262/2311 2652/1289/2366
f 2653/1288/2365 2626/1264/2367 2628/1262/2311
f 2654/1290/2368 2625/1260/2304 2651/1286/2369
f 2654/1290/2368 2631/1267/2317 2625/1260/2304
f 2652/1289/2370 2631/1267/2314 2654/1290/2371
f 2652/1289/2372 2628/1262/2373 2631/1267/2314
f 2656/1291/2374 2632/1270/2375 2655/1292/2376
f 2656/1291/2374 2639/1275/2329 2632/1270/2332
f 2657/1293/2377 2639/1275/2378 2656/1291/2379
f 2657/1293/2377 2638/1272/2327 2639/1275/2378
f 2650/1287/2380 2622/1256/2381 2658/1294/2382
f 2650/1287/2380 2620/1258/2363 2622/1256/2337
f 2658/1294/2382 2638/1272/2327 2657/1293/2383
f 2658/1294/2382 2622/1256/2337 2638/1272/2336
f 2660/1295/2384 2645/1281/2346 2659/1296/2385
f 2660/1295/2384 2643/1279/2386 2645/1281/2387
f 2661/1297/2388 2643/1279/2389 2660/1295/2384
f 2661/1297/2390 2642/1276/2391 2643/1279/2389
f 2655/1292/2392 2634/1268/2393 2662/1298/2394
f 2655/1292/2392 2632/1270/2375 2634/1268/2395
f 2662/1298/2396 2642/1276/2350 2661/1297/2397
f 2662/1298/2398 2634/1268/2393 2642/1276/2391
f 2663/1299/2399 2626/1264/2367 2653/1288/2365
f 2663/1299/2399 2647/1282/2400 2626/1264/2354
f 2664/1300/2401 2647/1282/2400 2663/1299/2402
f 2664/1300/2401 2649/1285/2360 2647/1282/2400
f 2659/1296/2385 2649/1285/2360 2664/1300/2403
f 2659/1296/2385 2645/1281/2357 2649/1285/2404
f 2665/1302/2405 2666/1301/2406 2651/1286/2407
f 2667/1304/2408 2668/1303/2409 2653/1288/2410
f 2651/1286/2407 2666/1301/2411 2654/1290/2412
f 2654/1290/2412 2667/1304/2413 2652/1289/2370
f 2655/1292/2376 2669/1305/2414 2656/1291/2374
f 2669/1305/2414 2670/1306/2415 2657/1293/2383
f 2658/1294/2382 2665/1302/2416 2650/1287/2417
f 2657/1293/2383 2670/1306/2418 2658/1294/2419
f 2659/1296/2420 2671/1307/2421 2660/1295/2422
f 2660/1295/2422 2672/1308/2423 2661/1297/2424
f 2662/1298/2425 2673/1309/2426 2655/1292/2392
f 2672/1308/2427 2673/1309/2426 2662/1298/2425
f 2653/1288/2410 2668/1303/2409 2663/1299/2428
f 2663/1299/2428 2674/1310/2429 2664/1300/2401
f 2674/1310/2430 2671/1307/2421 2659/1296/2431
f 2676/1312/2432 2677/1311/2433 2675/1313/2434
f 2679/1314/2435 2677/1311/2433 2678/1315/2436
f 2678/1315/2437 2677/1311/2433 2676/1312/2432
f 2680/1316/2438 2677/1311/2433 2679/1314/2435
f 2675/1313/2439 2677/1311/2440 2680/1316/2441
f 2676/1312/2442 2666/1301/2406 2665/1302/2416
f 2675/1313/2439 2668/1303/2443 2667/1304/2408
f 2666/1301/2444 2675/1313/2434 2667/1304/2408
f 2666/1301/2444 2676/1312/2432 2675/1313/2434
f 2673/1309/2445 2678/1315/2446 2669/1305/2447
f 2673/1309/2448 2679/1314/2449 2678/1315/2436
f 2678/1315/2436 2670/1306/2450 2669/1305/2447
f 2670/1306/2451 2676/1312/2452 2665/1302/2416
f 2670/1306/2451 2678/1315/2436 2676/1312/2452
f 2671/1307/2453 2679/1314/2454 2672/1308/2455
f 2671/1307/2453 2680/1316/2441 2679/1314/2454
f 2679/1314/2456 2673/1309/2457 2672/1308/2427
f 2668/1303/2443 2680/1316/2458 2674/1310/2459
f 2668/1303/2443 2675/1313/2439 2680/1316/2458
f 2680/1316/2441 2671/1307/2453 2674/1310/2459
f 2664/1300/2460 2674/1310/2430 2659/1296/2431
f 2668/1303/2409 2674/1310/2429 2663/1299/2428
f 2652/1289/2366 2667/1304/2408 2653/1288/2461
f 2666/1301/2411 2667/1304/2408 2654/1290/2412
f 2650/1287/2417 2665/1302/2416 2651/1286/2407
f 2670/1306/2418 2665/1302/2416 2658/1294/2462
f 2656/1291/2379 2669/1305/2414 2657/1293/2383
f 2673/1309/2463 2669/1305/2447 2655/1292/2376
f 2671/1307/2421 2672/1308/2464 2660/1295/2422
f 2661/1297/2424 2672/1308/2423 2662/1298/2425
f 2682/375/1344 2683/376/1344 2681/377/1344
f 2685/378/2465 2686/379/2466 2684/380/2467
f 2685/378/2465 2687/381/2465 2686/379/2466
f 2689/382/2468 2690/383/2469 2688/384/2470
f 2689/382/2468 2691/385/2471 2690/383/2472
f 2693/386/1344 2681/377/1344 2692/387/1344
f 2694/388/2473 2689/382/2468 2688/384/2474
f 2694/388/2473 2695/389/2475 2689/382/2468
f 2697/390/2476 2698/391/2477 2696/392/2478
f 2697/390/2476 2699/393/2479 2698/391/2480
f 2700/394/2481 2687/381/2482 2685/378/2482
f 2700/394/2481 2701/395/2483 2687/381/2482
f 2703/396/141 2704/397/141 2702/398/141
f 2703/396/141 2705/399/141 2704/397/141
f 2707/400/141 2708/401/141 2706/402/141
f 2710/403/141 2711/404/141 2709/405/141
f 2710/403/141 2707/400/141 2711/404/141
f 2706/402/141 2711/404/141 2707/400/141
f 2713/406/141 2714/407/141 2712/408/141
f 2713/406/141 2715/409/141 2714/407/141
f 2717/410/141 2718/411/141 2716/412/141
f 2720/413/2484 2721/414/2484 2719/415/2484
f 2720/413/2484 2722/416/2484 2721/414/2484
f 2724/417/2485 2725/418/2485 2723/419/2485
f 2724/417/2486 2726/420/2486 2725/418/2486
f 2728/421/2487 2729/422/2487 2727/423/2487
f 2728/421/2488 2730/424/2488 2729/422/2488
f 2732/425/2489 2733/426/2489 2731/427/2489
f 2732/425/2490 2734/428/2490 2733/426/2490
f 2736/429/2491 2737/430/2491 2735/431/2491
f 2736/429/2492 2738/432/2492 2737/430/2492
f 2740/433/2493 2741/434/2493 2739/435/2493
f 2740/433/2494 2742/436/2493 2741/434/2493
f 2744/437/2495 2745/438/2495 2743/439/2495
f 2744/437/2495 2746/440/2495 2745/438/2495
f 2748/441/2496 2749/442/2496 2747/443/2496
f 2748/441/2496 2750/444/2496 2749/442/2496
f 2752/445/2497 2753/446/2497 2751/447/2497
f 2752/445/2497 2754/448/2497 2753/446/2497
f 2756/449/2498 2757/450/2499 2755/451/2500
f 2756/449/2498 2758/452/2501 2757/450/2502
f 2760/453/2503 2761/454/2503 2759/455/2503
f 2760/453/2503 2762/456/2503 2761/454/2503
f 2764/457/2504 2765/458/2504 2763/459/2504
f 2764/457/2504 2766/460/2504 2765/458/2504
f 2768/461/2505 2769/462/2505 2767/463/2505
f 2768/461/2505 2770/464/2505 2769/462/2505
f 2772/465/2506 2773/466/2507 2771/467/2506
f 2772/465/2508 2774/468/2509 2773/466/2507
f 2776/469/2510 2777/468/2511 2775/470/2512
f 2776/469/2513 2778/466/2514 2777/468/2509
f 2780/471/2515 2781/470/2510 2779/472/2515
f 2780/471/2515 2782/469/2513 2781/470/2510
f 2784/473/2516 2785/474/2517 2783/475/2516
f 2784/473/2516 2786/476/2518 2785/474/2517
f 2788/477/2519 2789/478/2520 2787/479/2520
f 2788/477/2520 2790/480/2519 2789/478/2519
f 2792/481/2521 2793/482/2521 2791/483/2521
f 2792/481/2521 2794/484/2521 2793/482/2521
f 2796/485/2522 2797/486/2522 2795/487/2523
f 2796/485/2523 2798/488/2523 2797/486/2523
f 2800/489/2524 2801/490/2524 2799/491/2525
f 2800/489/2525 2802/492/2525 2801/490/2525
f 2804/493/2526 2805/494/2527 2803/495/2527
f 2804/493/2526 2806/496/2528 2805/494/2527
f 2804/493/2526 2807/497/2529 2806/496/2528
f 2804/493/2526 2808/498/2529 2807/497/2529
f 2810/499/2530 2811/500/2530 2809/501/2530
f 2810/499/2530 2812/502/2530 2811/500/2530
f 2814/503/2531 2815/504/2531 2813/505/2531
f 2814/503/2532 2816/506/2533 2815/504/2533
f 2818/507/2534 2819/508/2534 2817/509/2534
f 2818/507/2534 2820/510/2534 2819/508/2534
f 2822/511/2535 2755/451/2500 2821/512/2536
f 2822/511/2535 2756/449/2498 2755/451/2500
f 2824/513/141 2825/514/141 2823/515/141
f 2827/516/141 2828/517/141 2826/518/141
f 2829/519/141 2830/520/141 2708/401/141
f 2832/521/278 2833/522/278 2831/523/278
f 2706/402/141 2835/524/141 2834/525/141
f 2706/402/141 2824/513/141 2835/524/141
f 2836/526/278 2832/521/278 2831/523/278
f 2833/522/278 2838/527/278 2837/528/278
f 2840/529/2537 2700/394/2481 2839/530/2538
f 2840/529/2537 2701/395/2483 2700/394/2481
f 2842/531/2539 2843/532/2540 2841/533/2541
f 2842/531/2539 2844/534/2542 2843/532/2540
f 2846/535/2543 2847/536/2544 2845/537/2544
f 2846/535/2543 2848/538/2543 2847/536/2544
f 2849/539/2545 2844/534/2542 2842/531/2546
f 2849/539/2545 2850/540/2545 2844/534/2542
f 2852/541/2547 2853/542/2548 2851/543/2549
f 2852/541/2547 2854/544/2548 2853/542/2548
f 2855/545/2550 2852/541/2547 2851/543/2549
f 2855/545/2550 2856/546/2550 2852/541/2547
f 2857/547/2551 2840/529/2537 2839/530/2538
f 2857/547/2552 2858/548/2553 2840/529/2537
f 2860/549/2554 2861/550/2555 2859/551/2556
f 2860/549/2554 2862/552/2557 2861/550/2558
f 2853/542/2559 2698/391/2479 2699/393/2479
f 2853/542/2548 2854/544/2548 2698/391/2479
f 2864/553/141 2865/554/141 2863/555/141
f 2864/553/141 2866/556/141 2865/554/141
f 2868/557/141 2869/558/141 2867/559/141
f 2871/560/141 2872/561/141 2870/562/141
f 2871/560/141 2873/563/141 2872/561/141
f 2875/564/141 2864/553/141 2874/565/141
f 2877/558/2560 2878/566/2561 2876/567/2562
f 2877/558/141 2863/555/141 2878/566/141
f 2879/568/141 2880/569/141 2875/564/141
f 2882/570/141 2883/571/141 2881/572/141
f 2885/573/2563 2886/574/2563 2884/575/2563
f 2885/573/2563 2887/576/2563 2886/574/2563
f 2889/577/2564 2890/578/2564 2888/579/2564
f 2889/577/2565 2891/580/2565 2890/578/2565
f 2893/581/2566 2894/582/2566 2892/583/2566
f 2893/581/2566 2895/584/2566 2894/582/2566
f 2897/585/2567 2898/586/2567 2896/587/2567
f 2897/585/2567 2899/588/2567 2898/586/2567
f 2901/589/2568 2902/590/2568 2900/591/2568
f 2901/589/2569 2903/592/2569 2902/590/2569
f 2905/593/2570 2906/594/2570 2904/595/2570
f 2905/593/2571 2907/596/2571 2906/594/2571
f 2909/597/2572 2910/598/2572 2908/599/2572
f 2909/597/2572 2911/600/2572 2910/598/2572
f 2913/601/2573 2914/602/2574 2912/603/2575
f 2913/601/2573 2915/604/2576 2914/602/2574
f 2917/605/2577 2918/606/2577 2916/607/2577
f 2917/605/2578 2919/608/2578 2918/606/2578
f 2921/609/2579 2922/610/2579 2920/611/2579
f 2921/609/2580 2923/612/2580 2922/610/2580
f 2925/613/2581 2926/614/2582 2924/615/2582
f 2925/613/2583 2927/616/2583 2926/614/2584
f 2929/617/1894 2930/618/1894 2928/619/1894
f 2929/617/1893 2931/620/1893 2930/618/1893
f 2933/621/2585 2934/622/2586 2932/623/2587
f 2933/621/2585 2935/624/2585 2934/622/2586
f 2937/625/2588 2938/626/2588 2936/627/2588
f 2937/625/2588 2939/628/2588 2938/626/2588
f 2941/629/2589 2942/630/2589 2940/631/2589
f 2941/629/2589 2943/632/2589 2942/630/2589
f 2945/633/2590 2946/634/2590 2944/635/2591
f 2945/633/2590 2947/636/2590 2946/634/2590
f 2949/637/2592 2950/638/2592 2948/639/2593
f 2949/637/2594 2951/640/2594 2950/638/2594
f 2953/641/2595 2954/642/2595 2952/643/2595
f 2953/641/2596 2955/644/2596 2954/642/2596
f 2957/645/2597 2958/646/2598 2956/647/2597
f 2957/645/2597 2959/648/2599 2958/646/2598
f 2958/646/2600 2961/649/2601 2960/650/2601
f 2958/646/2600 2959/648/2599 2961/649/2601
f 2963/651/2602 2964/652/2602 2962/653/2602
f 2963/651/2603 2965/654/2602 2964/652/2602
f 2967/655/2604 2968/656/2604 2966/657/2604
f 2967/655/2605 2969/658/2605 2968/656/2605
f 2971/659/2606 2972/660/2606 2970/661/2606
f 2971/659/2606 2973/662/2606 2972/660/2606
f 2822/511/2535 2915/604/2576 2913/601/2573
f 2822/511/2536 2821/512/2607 2915/604/2576
f 2872/561/141 2975/663/141 2974/664/141
f 2976/665/141 2824/513/141 2873/563/141
f 2977/666/141 2824/513/141 2976/665/141
f 2978/667/141 2824/513/141 2977/666/141
f 2978/667/141 2825/514/141 2824/513/141
f 2868/557/141 2979/668/141 2975/663/141
f 2981/669/141 2982/670/141 2980/671/141
f 2984/672/141 2985/673/141 2983/674/141
f 2984/672/141 2986/675/141 2985/673/141
f 2988/676/2608 2989/677/2609 2987/678/2608
f 2988/676/2609 2990/679/2609 2989/677/2609
f 2974/664/141 2975/663/141 2991/680/141
f 2979/668/141 2992/681/141 2975/663/141
f 2994/682/2610 2995/683/2610 2993/684/2610
f 2994/682/2611 2996/685/2611 2995/683/2611
f 2998/686/1272 2999/687/1272 2997/688/1272
f 3001/689/1272 3002/690/1272 3000/691/1272
f 3003/692/1272 3004/693/1272 3000/691/1272
f 3006/694/1272 3007/695/1272 3005/696/1272
f 3009/697/2612 3010/698/2613 3008/699/2612
f 3009/697/2614 3011/700/2615 3010/698/2615
f 3013/701/2616 3014/702/2617 3012/703/2617
f 3013/701/2618 3015/704/2619 3014/702/2617
f 3017/705/2620 3018/706/2621 3016/707/2622
f 3017/705/2622 3019/708/2623 3018/706/2621
f 3021/709/2624 3022/710/2625 3020/711/2625
f 3021/709/2624 3023/712/2626 3022/710/2625
f 3025/713/2627 3026/714/2628 3024/715/2629
f 3025/713/2630 3027/716/2631 3026/714/2629
f 3029/717/2632 3030/718/2633 3028/719/2634
f 3029/717/2635 3031/720/2636 3030/718/2633
f 3032/721/2637 3030/718/2638 3031/720/2639
f 3032/721/2637 3033/722/2640 3030/718/2633
f 3035/722/2641 3036/723/2642 3034/724/2643
f 3035/722/2641 3037/721/2644 3036/723/2642
f 3039/725/2645 3040/724/2646 3038/723/2647
f 3039/725/2648 3041/726/2648 3040/724/2646
f 3043/727/2649 3044/728/2650 3042/729/2649
f 3043/727/2649 3045/730/2651 3044/728/2650
f 3044/728/2650 3015/704/2619 3013/701/2616
f 3044/728/2650 3045/730/2650 3015/704/2652
f 3047/731/2653 3048/732/2654 3046/733/2654
f 3047/731/2653 3049/734/2653 3048/732/2655
f 3050/735/2656 3009/697/2614 3008/699/2657
f 3050/735/2656 3051/736/2658 3009/697/2612
f 3053/737/2659 3051/736/2660 3052/738/2661
f 3055/739/1223 3056/740/1223 3054/741/1223
f 3055/739/1223 3057/742/1223 3056/740/1223
f 3059/743/1272 3005/696/1272 3058/744/1272
f 3059/743/1272 2997/688/1272 3005/696/1272
f 3061/745/1344 3062/746/1344 3060/747/1344
f 3064/748/1344 3060/747/1344 3063/749/1344
f 3066/750/1344 3067/751/1344 3065/752/1344
f 3068/753/1344 3069/754/1344 3062/746/1344
f 3071/755/1344 3072/756/1344 3070/757/1344
f 3073/758/1344 3071/755/1344 3070/757/1344
f 3068/753/1344 3062/746/1344 3074/759/1344
f 3064/748/1344 3076/760/1344 3075/761/1344
f 3078/762/1344 3079/763/1344 3077/764/1344
f 3081/765/2662 3082/766/2662 3080/767/2662
f 3081/765/2663 3083/768/2663 3082/766/2663
f 3085/769/2664 3086/770/2664 3084/771/2664
f 3085/769/2664 3087/772/2664 3086/770/2664
f 3089/773/2665 3090/774/2665 3088/775/2665
f 3089/773/2665 3091/776/2666 3090/774/2666
f 3093/777/2667 3094/778/2667 3092/779/2667
f 3093/777/2667 3095/780/2667 3094/778/2667
f 3097/781/2668 3098/782/2669 3096/783/2670
f 3097/781/2668 3099/784/2668 3098/782/2671
f 3101/782/2669 3102/785/2672 3100/783/2670
f 3101/782/2669 3103/786/2673 3102/785/2673
f 3105/787/2674 3106/788/2674 3104/789/2675
f 3105/787/2675 3107/790/2675 3106/788/2675
f 3109/791/2676 3110/792/2676 3108/793/2676
f 3109/791/2677 3111/794/2677 3110/792/2677
f 3113/795/2678 3114/796/2679 3112/797/2680
f 3113/795/2678 3115/798/2678 3114/796/2681
f 3117/799/2682 3118/800/2683 3116/801/2683
f 3117/799/2682 3119/802/2682 3118/800/2682
f 3121/803/2684 3122/804/2684 3120/805/2684
f 3121/803/2684 3123/806/2684 3122/804/2684
f 3125/807/2685 3126/808/2685 3124/809/2685
f 3125/807/2685 3127/810/2685 3126/808/2685
f 3129/811/2686 3130/812/2686 3128/813/2686
f 3129/811/2687 3131/814/2686 3130/812/2687
f 3133/815/2688 3134/816/2688 3132/817/2688
f 3133/815/2689 3135/818/2688 3134/816/2688
f 3137/819/2690 3138/820/2690 3136/821/2690
f 3137/819/2691 3139/822/2691 3138/820/2691
f 3141/823/2692 3142/824/2692 3140/825/2692
f 3141/823/2693 3143/826/2693 3142/824/2693
f 3145/827/2694 3146/796/2695 3144/828/2694
f 3145/827/2696 3147/797/2697 3146/796/2695
f 3068/753/1344 3074/759/1344 3148/829/1344
f 3150/830/2698 3151/831/2698 3149/832/2698
f 3150/830/2699 3152/833/2699 3151/831/2699
f 3154/834/2700 3028/719/2701 3153/835/2700
f 3154/834/2702 3029/717/2703 3028/719/2701
f 3156/836/2704 3157/837/2705 3155/838/2706
f 3156/836/2704 3158/839/2705 3157/837/2705
f 2691/385/2471 3159/840/2707 2690/383/2469
f 2691/385/2471 3160/841/2707 3159/840/2707
f 3162/842/2708 3163/843/2709 3161/844/2710
f 3162/842/2708 3164/845/2711 3163/843/2711
f 3166/846/141 3167/847/141 3165/848/141
f 2713/406/141 2825/514/141 2715/409/141
f 2718/411/141 3169/849/141 3168/850/141
f 3171/851/2712 3172/852/2712 3170/853/2712
f 3171/851/2713 3173/854/2713 3172/852/2713
f 3174/855/141 2827/516/141 2826/518/141
f 3176/856/141 3177/857/141 3175/858/141
f 3176/856/141 3178/859/141 3177/857/141
f 3180/860/2714 3181/861/2714 3179/862/2714
f 3180/860/2714 3182/863/2714 3181/861/2714
f 2683/376/1344 2682/375/1344 3183/864/1344
f 3185/865/141 3186/866/141 3184/867/141
f 2875/564/141 2874/565/141 2879/568/141
f 3187/868/141 3188/869/141 2880/569/141
f 3190/554/141 3191/567/141 3189/566/141
f 3190/554/141 3188/869/141 3191/567/141
f 3193/870/141 3194/871/141 3192/872/141
f 3196/873/2715 3197/874/2715 3195/875/2715
f 3196/873/2715 3198/876/2716 3197/874/2716
f 3200/877/2717 3201/878/2718 3199/879/2718
f 3200/877/2719 3202/880/2719 3201/878/2720
f 3204/622/2721 3205/881/2722 3203/623/2723
f 3204/622/2721 3206/882/2722 3205/881/2722
f 3208/883/141 3209/884/141 3207/885/141
f 3211/886/1272 2998/686/1272 3210/887/1272
f 3213/888/2724 3214/889/2724 3212/890/2724
f 3213/888/2724 3215/891/2724 3214/889/2724
f 3216/892/1272 3217/893/1272 3001/689/1272
f 3218/894/1272 3007/695/1272 3006/694/1272
f 3019/708/2725 3219/895/2726 3018/706/2727
f 3019/708/2728 3220/896/2726 3219/895/2726
f 3221/897/1272 3003/692/1272 3000/691/1272
f 3050/735/2729 3222/898/2730 3051/736/2731
f 3050/735/2656 3223/899/2732 3222/898/2733
f 3225/900/1074 3226/901/1074 3224/902/1074
f 3225/900/1074 3227/903/1074 3226/901/1074
f 3229/904/1344 3148/829/1344 3228/905/1344
f 3231/906/1344 3078/762/1344 3230/907/1344
f 3231/906/1344 3232/908/1344 3078/762/1344
f 3234/909/1344 3235/910/1344 3233/911/1344
f 3237/912/2734 3238/913/2734 3236/914/2734
f 3237/912/2734 3239/915/2734 3238/913/2734
f 3241/916/1344 3242/917/1344 3240/918/1344
f 3066/750/1344 3065/752/1344 3068/753/1344
f 3243/919/1272 3059/743/1272 3058/744/1272
f 3245/920/141 3246/921/141 3244/922/141
f 3248/923/141 3249/924/141 3247/925/141
f 2703/396/141 3250/926/141 3249/924/141
f 2703/396/141 2702/398/141 3250/926/141
f 2704/397/141 3252/927/141 3251/928/141
f 3253/929/141 3254/930/141 3166/846/141
f 3256/931/141 3257/932/141 3255/933/141
f 3258/934/141 3175/858/141 3177/857/141
f 3260/935/2735 3261/936/2736 3259/937/2736
f 3260/935/2737 3262/938/2737 3261/936/278
f 3264/939/2738 3265/940/2739 3263/941/2740
f 2879/568/141 2874/565/141 3266/942/141
f 3209/884/141 3208/883/141 3267/943/141
f 2912/603/2575 3269/944/2741 3268/945/2741
f 2912/603/2575 2914/602/2574 3269/944/2741
f 3271/946/1272 3243/919/1272 3270/947/1272
f 3271/946/1272 3059/743/1272 3243/919/1272
f 3021/709/2624 3025/713/2627 3023/712/2624
f 3021/709/2624 3027/716/2742 3025/713/2743
f 3273/948/1223 3274/949/1223 3272/950/1223
f 3273/948/1223 3275/951/1223 3274/949/1223
f 3069/754/1344 3063/749/1344 3060/747/1344
f 3276/952/1344 3228/905/1344 3074/759/1344
f 3066/750/1344 3068/753/1344 3148/829/1344
f 3278/953/2744 3279/954/2744 3277/955/2744
f 3278/953/2745 3280/956/2745 3279/954/2745
f 3282/957/2746 3283/958/2746 3281/959/2746
f 3282/957/2746 3284/960/2746 3283/958/2746
f 3286/961/141 2883/571/141 3285/962/141
f 3286/961/141 3287/963/141 2883/571/141
f 3289/964/2747 3290/965/2747 3288/966/2747
f 3289/964/2747 3291/967/2747 3290/965/2747
f 2828/517/141 2827/516/141 2717/410/141
f 2705/399/141 3292/968/141 3252/927/141
f 3293/969/141 3294/970/141 3245/920/141
f 2864/553/141 2875/564/141 2866/556/141
f 3296/971/2748 3297/972/2748 3295/973/2748
f 3053/737/2659 3049/734/2749 3047/731/2749
f 3053/737/2750 3052/738/2661 3049/734/2749
f 2827/516/141 3169/849/141 2717/410/141
f 3299/974/2751 3300/474/2752 3298/476/2753
f 3299/974/2751 3301/975/2751 3300/474/2752
f 3303/976/2754 3304/977/2755 3302/978/2754
f 3303/976/2755 3305/979/2755 3304/977/2755
f 2869/558/141 3306/567/141 2867/559/141
f 3307/980/1272 3308/981/1272 3216/892/1272
f 3309/982/1272 3310/983/1272 3270/947/1272
f 3312/984/2756 3313/985/2757 3311/986/2758
f 3312/984/2756 3314/987/2759 3313/985/2759
f 3316/988/2760 3317/989/2761 3315/990/2760
f 3316/988/2761 3318/991/2761 3317/989/2761
f 3320/992/2762 3321/993/2763 3319/994/2763
f 3320/992/2762 3322/995/2764 3321/993/2763
f 3324/996/2765 3325/997/2765 3323/998/2765
f 3324/996/2765 3326/999/2765 3325/997/2765
f 3328/1000/2766 3329/1001/2767 3327/1002/2768
f 3328/1000/2766 3330/1003/2769 3329/1001/2767
f 3332/1004/2770 3333/1005/2771 3331/1006/2772
f 3332/1004/2770 3334/1007/2773 3333/1005/2774
f 3336/1008/2775 3337/1009/2776 3335/1010/2777
f 3336/1008/2775 3338/1011/2778 3337/1009/2778
f 3340/1012/2779 3341/1013/2780 3339/1014/2779
f 3340/1012/2781 3342/1015/2782 3341/1013/2780
f 3344/1016/2783 3345/1017/2783 3343/1018/2783
f 3344/1016/2783 3346/1019/2783 3345/1017/2783
f 3333/1005/2784 3347/1020/2785 3331/1006/2786
f 3333/1005/2784 3348/1021/2785 3347/1020/2785
f 3327/1002/2787 3350/1022/2788 3349/1023/2789
f 3327/1002/2768 3351/1024/2788 3350/1022/2788
f 3353/1025/2790 3354/1004/2770 3352/1026/2790
f 3353/1025/2791 3355/1007/2792 3354/1004/2770
f 3357/1013/2793 3358/1008/2794 3356/1010/2795
f 3357/1013/2793 3359/1015/2796 3358/1008/2797
f 3361/1027/2798 3362/1028/2799 3360/1029/2800
f 3361/1027/2801 3363/1030/2802 3362/1028/2803
f 3365/1031/2804 3366/1032/2805 3364/1033/2806
f 3365/1031/2804 3367/1034/2807 3366/1032/2808
f 3369/1035/2809 3370/1032/2810 3368/1036/2809
f 3369/1035/2809 3371/1033/2811 3370/1032/2812
f 3373/1037/2813 3374/1038/2813 3372/1039/2814
f 3373/1037/2815 3375/1040/2815 3374/1038/2815
f 3377/1034/2816 3378/1041/2817 3376/1042/2817
f 3377/1034/2818 3379/1031/2819 3378/1041/2817
f 3381/1043/1272 3382/1044/1272 3380/1045/1272
f 3381/1043/1272 3309/982/1272 3382/1044/1272
f 3384/1046/1272 3385/1047/1272 3383/1048/1272
f 3384/1046/1272 3386/1049/1272 3385/1047/1272
f 3270/947/1272 3310/983/1272 3271/946/1272
f 3388/1050/2820 3389/1051/2821 3387/1052/2822
f 3390/1053/2823 3391/1054/2824 3389/1051/2825
f 3388/1050/2826 3392/1055/2827 3389/1051/2821
f 3394/1056/2828 3395/1057/2829 3393/1058/2830
f 3394/1056/2828 3396/1059/2831 3395/1057/2829
f 3398/1060/2832 3399/1061/2832 3397/1062/2832
f 3398/1060/2832 3400/1063/2832 3399/1061/2832
f 3402/1064/2833 3403/1065/2834 3401/1066/2833
f 3402/1064/2833 3404/1067/2835 3403/1065/2834
f 3406/1068/2836 3407/1069/2836 3405/1070/2836
f 3406/1068/2836 3408/1071/2836 3407/1069/2836
f 3410/1072/2837 3411/1073/2837 3409/1074/2837
f 3410/1072/2837 3412/1075/2837 3411/1073/2837
f 3414/1076/2838 3415/1077/2839 3413/1078/2839
f 3414/1076/2838 3416/1079/2840 3415/1077/2841
f 3418/1080/2842 3419/1081/2843 3417/1082/2844
f 3418/1080/2842 3420/1083/2845 3419/1081/2846
f 3422/1080/2847 3423/1084/2848 3421/1085/2848
f 3422/1080/2842 3424/1082/2849 3423/1084/2848
f 3426/1081/2846 3427/1086/2850 3425/1087/2850
f 3426/1081/2851 3428/1083/2852 3427/1086/2853
f 3430/1088/2854 3431/1089/2855 3429/1090/2855
f 3430/1088/2856 3432/1091/2857 3431/1089/2858
f 3414/1076/2859 3430/1088/2860 3416/1079/2861
f 3414/1076/2859 3432/1091/2857 3430/1088/2860
f 3434/1092/2862 3435/1093/2863 3433/1094/2864
f 3434/1092/2865 3436/1095/2865 3435/1093/2863
f 3438/1096/2866 3439/1097/2867 3437/1098/2868
f 3438/1096/2866 3440/1099/2869 3439/1097/2870
f 3442/1097/2871 3443/1100/2872 3441/1101/2872
f 3442/1097/2871 3444/1099/2869 3443/1100/2872
f 3446/1102/2873 3447/1103/2874 3445/1104/2875
f 3446/1102/2876 3448/1105/2876 3447/1103/2875
f 3450/1106/2877 3451/1098/2878 3449/1107/2877
f 3450/1106/2877 3452/1096/2879 3451/1098/2880
f 3454/1108/1344 3455/1109/1344 3453/1110/1344
f 3454/1108/1344 3456/1111/1344 3455/1109/1344
f 3458/1112/1344 3459/1113/1344 3457/1114/1344
f 3458/1112/1344 3460/1115/1344 3459/1113/1344
f 3462/1116/1344 3072/756/1344 3461/1117/1344
f 3463/1118/1344 3464/1119/1344 3458/1112/1344
f 3466/1120/2881 3467/1121/2882 3465/1122/2883
f 3469/1123/2884 2758/452/2501 3468/1124/2884
f 3469/1123/2884 2757/450/2502 2758/452/2501
f 3470/1125/2885 3322/995/2764 3320/992/2762
f 3470/1125/2885 3471/1126/2885 3322/995/2886
f 3404/1067/2835 3470/1125/2885 3403/1065/2834
f 3404/1067/2835 3471/1126/2885 3470/1125/2885
f 3472/1127/278 3473/1128/278 2837/528/278
f 3473/1128/278 3474/1129/278 2837/528/278
f 3476/1130/278 3477/1131/278 3475/1132/278
f 3474/1129/278 3478/1133/278 3475/1132/278
f 3474/1129/278 3475/1132/278 2837/528/278
f 2837/528/278 2831/523/278 2833/522/278
f 2683/376/1344 2692/387/1344 2681/377/1344
f 3064/748/1344 3063/749/1344 3076/760/1344
f 2835/524/141 3479/1134/141 2834/525/141
f 3479/1134/141 3167/847/141 2834/525/141
f 2707/400/141 3480/1135/141 2708/401/141
f 2828/517/141 3481/1136/141 2826/518/141
f 2717/410/141 3169/849/141 2718/411/141
f 2824/513/141 2823/515/141 3482/1137/141
f 3254/930/141 3251/928/141 3166/846/141
f 3167/847/141 3479/1134/141 3165/848/141
f 3166/846/141 3251/928/141 3252/927/141
f 2704/397/141 2705/399/141 3252/927/141
f 3292/968/141 3480/1135/141 3483/1138/141
f 3483/1138/141 3252/927/141 3292/968/141
f 3485/1139/141 3486/1140/141 3484/1141/141
f 3486/1140/141 3487/1142/141 3484/1141/141
f 3489/1143/141 3484/1141/141 3488/1144/141
f 3490/1145/141 3485/1139/141 3484/1141/141
f 3489/1143/141 3490/1145/141 3484/1141/141
f 3492/1146/141 3488/1144/141 3491/1147/141
f 3492/1146/141 3493/1148/141 3488/1144/141
f 3494/1149/141 3489/1143/141 3488/1144/141
f 3494/1149/141 3488/1144/141 3493/1148/141
f 3495/1150/141 3494/1149/141 3493/1148/141
f 3495/1150/141 3493/1148/141 3194/871/141
f 3496/1151/141 3495/1150/141 3194/871/141
f 3193/870/141 3496/1151/141 3194/871/141
f 3194/871/141 3497/1152/141 3192/872/141
f 2981/669/141 2980/671/141 3498/1153/141
f 3499/1154/141 2981/669/141 3498/1153/141
f 3501/1155/141 3502/1156/141 3500/1157/141
f 3501/1155/141 3500/1157/141 3503/1158/141
f 3502/1156/141 3258/934/141 3500/1157/141
f 3258/934/141 3177/857/141 3500/1157/141
f 2984/672/141 2983/674/141 2982/670/141
f 2981/669/141 2984/672/141 2982/670/141
f 3505/1159/141 3506/1160/141 3504/1161/141
f 3505/1159/141 3184/867/141 3506/1160/141
f 2713/406/141 2823/515/141 2825/514/141
f 2825/514/141 3507/1162/141 2715/409/141
f 3507/1162/141 3508/1163/141 2715/409/141
f 2978/667/141 3506/1160/141 3184/867/141
f 2978/667/141 2977/666/141 3506/1160/141
f 3186/866/141 2978/667/141 3184/867/141
f 3501/1155/141 3503/1158/141 3484/1141/141
f 3487/1142/141 3501/1155/141 3484/1141/141
f 3194/871/141 3499/1154/141 3498/1153/141
f 3498/1153/141 3497/1152/141 3194/871/141
f 3509/1164/141 3510/1165/141 3287/963/141
f 2882/570/141 3285/962/141 2883/571/141
f 3287/963/141 3511/1166/141 3509/1164/141
f 3286/961/141 3511/1166/141 3287/963/141
f 3512/1167/141 3513/1168/141 3257/932/141
f 3256/931/141 3512/1167/141 3257/932/141
f 3250/926/141 3253/929/141 3249/924/141
f 3253/929/141 3250/926/141 3254/930/141
f 2879/568/141 3187/868/141 2880/569/141
f 3209/884/141 3514/1169/141 3207/885/141
f 2991/680/141 3516/1170/141 3515/1171/141
f 2991/680/141 2992/681/141 3516/1170/141
f 2992/681/141 2991/680/141 2975/663/141
f 3517/1172/141 2711/404/141 2706/402/141
f 2834/525/141 3517/1172/141 2706/402/141
f 2824/513/141 3482/1137/141 2835/524/141
f 2868/557/141 2867/559/141 2979/668/141
f 2882/570/141 3518/1173/141 3285/962/141
f 3187/868/141 3519/1174/141 2870/562/141
f 3519/1174/141 3520/1175/141 2871/560/141
f 3519/1174/141 2871/560/141 2870/562/141
f 3306/567/141 3188/869/141 3187/868/141
f 2870/562/141 3306/567/141 3187/868/141
f 3479/1134/141 3521/1176/141 3165/848/141
f 3252/927/141 3167/847/141 3166/846/141
f 3292/968/141 2829/519/141 2708/401/141
f 3292/968/141 2708/401/141 3480/1135/141
f 3523/1177/2887 3524/1178/2888 3522/1179/2888
f 3523/1177/2887 3525/1180/2889 3524/1178/2890
f 3526/1181/1344 3063/749/1344 3071/755/1344
f 3526/1181/1344 3276/952/1344 3063/749/1344
f 3528/1182/1344 3242/917/1344 3527/1183/1344
f 3528/1182/1344 3240/918/1344 3242/917/1344
f 3241/916/1344 3529/1184/1344 3242/917/1344
f 3230/907/1344 3077/764/1344 3530/1185/1344
f 3230/907/1344 3078/762/1344 3077/764/1344
f 3530/1185/1344 3531/1186/1344 3230/907/1344
f 3062/746/1344 3069/754/1344 3060/747/1344
f 3148/829/1344 3074/759/1344 3228/905/1344
f 3235/910/1344 3527/1183/1344 3233/911/1344
f 3234/909/1344 3532/1187/1344 3235/910/1344
f 3235/910/1344 3528/1182/1344 3527/1183/1344
f 3067/751/1344 3066/750/1344 3464/1119/1344
f 3463/1118/1344 3533/1188/1344 3067/751/1344
f 3463/1118/1344 3067/751/1344 3464/1119/1344
f 3464/1119/1344 3460/1115/1344 3458/1112/1344
f 3464/1119/1344 3455/1109/1344 3460/1115/1344
f 3464/1119/1344 3462/1116/1344 3453/1110/1344
f 3464/1119/1344 3453/1110/1344 3455/1109/1344
f 3070/757/1344 3535/1189/1344 3534/1190/1344
f 3070/757/1344 3464/1119/1344 3535/1189/1344
f 3462/1116/1344 3464/1119/1344 3070/757/1344
f 3070/757/1344 3072/756/1344 3462/1116/1344
f 3536/1191/141 3293/969/141 3266/942/141
f 3536/1191/141 3294/970/141 3293/969/141
f 3294/970/141 3537/1192/141 3245/920/141
f 3245/920/141 3537/1192/141 3246/921/141
f 3247/925/141 3244/922/141 3246/921/141
f 3247/925/141 3538/1193/141 3244/922/141
f 3249/924/141 3538/1193/141 3247/925/141
f 3249/924/141 3253/929/141 3538/1193/141
f 2874/565/141 3536/1191/141 3266/942/141
f 2874/565/141 3539/1194/141 3536/1191/141
f 3540/1195/2891 3396/1059/2831 3394/1056/2828
f 3540/1195/2892 3541/1196/2892 3396/1059/2831
f 3395/1057/2829 3311/986/2758 3393/1058/2829
f 3395/1057/2829 3312/984/2756 3311/986/2758
f 3543/1197/2893 3544/1198/2894 3542/1199/2895
f 3392/1055/2896 3390/1053/2897 3389/1051/2825
f 3265/940/2898 3546/1200/2899 3545/1201/2900
f 3265/940/2901 3545/1201/2902 3547/1202/2903
f 3265/940/2904 3547/1202/2903 3548/1203/2905
f 3265/940/2739 3548/1203/2905 3263/941/2906
f 3389/1051/2825 3549/1204/2907 3265/940/2901
f 3550/1205/2908 3546/1200/2909 3265/940/2739
f 3549/1204/2910 3550/1205/2908 3265/940/2898
f 3389/1051/2825 3391/1054/2824 3551/1206/2911
f 3389/1051/2912 3551/1206/2911 3549/1204/2913
f 3216/892/1272 3308/981/1272 3217/893/1272
f 3003/692/1272 3552/1207/1272 3004/693/1272
f 3552/1207/1272 3553/1208/1272 3211/886/1272
f 3552/1207/1272 3211/886/1272 3004/693/1272
f 3051/736/2660 3222/898/2914 3554/1209/2915
f 3051/736/2658 3554/1209/2915 3052/738/2916
f 3002/690/1272 3221/897/1272 3000/691/1272
f 3217/893/1272 3002/690/1272 3001/689/1272
f 3556/1210/2917 3557/1211/2918 3555/1212/2917
f 3556/1210/2917 3558/1213/2919 3557/1211/2920
f 3560/1214/2921 3558/1213/2919 3559/1215/2922
f 3560/1214/2923 3557/1211/2924 3558/1213/2925
f 3562/1216/2926 3559/1215/2922 3561/1217/2927
f 3562/1216/2926 3560/1214/2921 3559/1215/2922
f 3563/1218/2928 3561/1217/2927 3328/1000/2766
f 3563/1218/2929 3562/1216/2926 3561/1217/2927
f 3360/1029/2930 3563/1218/2929 3328/1000/2766
f 3564/1219/2931 3563/1218/2929 3360/1029/2930
f 3566/1220/2932 3564/1219/2933 3565/1221/2932
f 3566/1220/2934 3563/1218/2929 3564/1219/2933
f 3328/1000/2766 3327/1002/2935 3349/1023/2936
f 3328/1000/2766 3349/1023/2936 3361/1027/2798
f 3328/1000/2766 3361/1027/2801 3360/1029/2930
f 3567/566/141 2863/555/141 2865/554/141
f 3569/1222/2937 3570/1223/2938 3568/1224/2938
f 3569/1222/2937 3571/1225/2939 3570/1223/2938
f 3572/1226/2940 3571/1225/2939 3569/1222/2941
f 3572/1226/2940 3573/1227/2942 3571/1225/2939
f 3575/1228/2943 3572/1226/2940 3574/1229/2944
f 3574/1229/2944 3467/1121/2882 3466/1120/2945
f 3574/1229/2944 3466/1120/2881 3433/1094/2864
f 3544/1198/2894 3576/1230/2946 3542/1199/2895
f 3543/1197/2893 3523/1177/2947 3544/1198/2894
f 3543/1197/2893 3525/1180/2947 3523/1177/2947
f 3543/1197/2893 3435/1093/2863 3525/1180/2948
f 3543/1197/2949 3575/1228/2950 3574/1229/2944
f 3574/1229/2944 3433/1094/2864 3435/1093/2863
f 3543/1197/2893 3574/1229/2944 3435/1093/2863
f 3575/1228/2943 3573/1227/2942 3572/1226/2951
f 2997/688/1272 2999/687/1272 3005/696/1272
f 3577/1231/1272 3058/744/1272 3005/696/1272
f 3007/695/1272 3577/1231/1272 3005/696/1272
f 3308/981/1272 3384/1046/1272 3217/893/1272
f 3217/893/1272 3383/1048/1272 3270/947/1272
f 3383/1048/1272 3217/893/1272 3384/1046/1272
f 3383/1048/1272 3382/1044/1272 3270/947/1272
f 3382/1044/1272 3309/982/1272 3270/947/1272
f 3310/983/1272 3578/1232/1272 3271/946/1272
f 2975/663/141 2873/563/141 2824/513/141
f 2975/663/141 2872/561/141 2873/563/141
f 2998/686/1272 2997/688/1272 3579/1233/1272
f 2998/686/1272 3211/886/1272 3553/1208/1272
f 2998/686/1272 3553/1208/1272 2999/687/1272
f 3581/1234/2952 3582/1235/2953 3580/1236/2953
f 3262/938/2954 3581/1234/2952 3580/1236/2955
f 3262/938/2735 3260/935/2735 3581/1234/2956
f 3581/1234/2957 3583/1237/2958 3582/1235/2737
f 3581/1234/2957 3584/1238/2959 3583/1237/2959
f 2683/376/1344 3585/1239/1344 2692/387/1344
f 2693/386/1344 3586/1240/1344 2681/377/1344
f 3276/952/1344 3076/760/1344 3063/749/1344
f 3071/755/1344 3073/758/1344 3526/1181/1344
f 3276/952/1344 3526/1181/1344 3228/905/1344
f 3155/838/2706 3587/1241/2960 3156/836/2704
f 3155/838/2706 3588/1242/2960 3587/1241/2961
f 3161/844/2710 3589/1243/2962 3162/842/2963
f 3161/844/2710 3590/1244/2964 3589/1243/2962
f 3591/1245/2965 2841/533/2541 2843/532/2540
f 3591/1245/2965 3592/1246/2966 2841/533/2541
f 2847/536/2544 2855/545/2550 2845/537/2967
f 2847/536/2544 2856/546/2968 2855/545/2550
f 3594/1247/2969 2857/547/2970 3593/1248/2971
f 3594/1247/2972 2858/548/2553 2857/547/2970
f 3259/937/2973 3596/1249/2974 3595/1250/2975
f 3259/937/278 3261/936/278 3596/1249/2976
f 3589/1243/2962 2684/380/2977 2686/379/2466
f 3589/1243/2962 3590/1244/2964 2684/380/2977
f 2695/389/2475 2859/551/2556 2861/550/2556
f 2695/389/2475 2694/388/2473 2859/551/2556
f 3587/1241/2960 2697/390/2978 2696/392/2478
f 3587/1241/2960 3588/1242/2979 2697/390/2476
f 2860/549/2554 3591/1245/2965 2862/552/2554
f 2860/549/2554 3592/1246/2966 3591/1245/2965
f 3598/1251/2980 3596/1249/2974 3597/1252/2980
f 3598/1251/2981 3595/1250/2974 3596/1249/2974
f 3594/1247/2969 3600/1253/2982 3599/1254/2982
f 3594/1247/2983 3593/1248/2984 3600/1253/2982
f 2838/527/278 3472/1127/278 2837/528/278
f 3478/1133/278 3476/1130/278 3475/1132/278
f 3601/1255/2985 3329/1001/2767 3330/1003/2769
f 3603/1256/2986 3604/1257/2987 3602/1258/2988
f 3603/1256/2986 3605/1259/2989 3604/1257/2987
f 3607/1260/2990 3604/1257/2991 3606/1261/2992
f 3607/1260/2990 3602/1258/2993 3604/1257/2994
f 3609/1262/2995 3610/1263/2996 3608/1264/2997
f 3609/1262/2998 3611/1265/2999 3610/1263/2996
f 3609/1262/2998 3612/1266/3000 3611/1265/3001
f 3609/1262/2998 3613/1267/3002 3612/1266/3000
f 3613/1267/3002 3606/1261/3003 3612/1266/3004
f 3613/1267/3002 3607/1260/2990 3606/1261/3005
f 3615/1268/3006 3616/1269/3007 3614/1270/3008
f 3615/1268/3006 3617/1271/3009 3616/1269/3007
f 3619/1272/3010 3620/1273/3011 3618/1274/3012
f 3619/1272/3013 3621/1275/3014 3620/1273/3015
f 3621/1275/3016 3616/1269/3017 3620/1273/3011
f 3621/1275/3018 3614/1270/3008 3616/1269/3017
f 3603/1256/3019 3618/1274/3012 3605/1259/3020
f 3603/1256/2986 3619/1272/3010 3618/1274/3021
f 3623/1276/3022 3624/1277/3023 3622/1278/3024
f 3623/1276/3022 3625/1279/3025 3624/1277/3023
f 3625/1279/3026 3626/1280/3027 3624/1277/3028
f 3625/1279/3026 3627/1281/3029 3626/1280/3027
f 3615/1268/3006 3622/1278/3030 3617/1271/3031
f 3615/1268/3006 3623/1276/3032 3622/1278/3033
f 3629/1282/3034 3610/1263/3035 3628/1283/3036
f 3629/1282/3034 3608/1264/3037 3610/1263/3035
f 3627/1281/3029 3630/1284/3038 3626/1280/3027
f 3627/1281/3029 3631/1285/3039 3630/1284/3038
f 3631/1285/3040 3628/1283/3041 3630/1284/3042
f 3631/1285/3040 3629/1282/3043 3628/1283/3044
f 3602/1258/3045 3633/1286/3046 3632/1287/3047
f 3602/1258/3045 3607/1260/3048 3633/1286/3046
f 3609/1262/2998 3635/1288/3049 3634/1289/3050
f 3609/1262/2998 3608/1264/2997 3635/1288/3049
f 3607/1260/2990 3636/1290/3051 3633/1286/3052
f 3607/1260/2990 3613/1267/3053 3636/1290/3051
f 3613/1267/3002 3634/1289/3054 3636/1290/3055
f 3613/1267/3002 3609/1262/3056 3634/1289/3057
f 3614/1270/3058 3638/1291/3059 3637/1292/3060
f 3614/1270/3008 3621/1275/3018 3638/1291/3059
f 3621/1275/3014 3639/1293/3061 3638/1291/3062
f 3621/1275/3014 3619/1272/3013 3639/1293/3063
f 3603/1256/3064 3632/1287/3065 3640/1294/3066
f 3603/1256/3019 3602/1258/3045 3632/1287/3065
f 3619/1272/3067 3640/1294/3066 3639/1293/3063
f 3619/1272/3067 3603/1256/3019 3640/1294/3066
f 3627/1281/3068 3642/1295/3069 3641/1296/3070
f 3627/1281/3068 3625/1279/3026 3642/1295/3069
f 3625/1279/3071 3643/1297/3072 3642/1295/3069
f 3625/1279/3071 3623/1276/3073 3643/1297/3074
f 3615/1268/3075 3637/1292/3076 3644/1298/3077
f 3615/1268/3075 3614/1270/3058 3637/1292/3076
f 3623/1276/3078 3644/1298/3079 3643/1297/3080
f 3623/1276/3073 3615/1268/3081 3644/1298/3082
f 3608/1264/3083 3645/1299/3084 3635/1288/3049
f 3608/1264/3037 3629/1282/3085 3645/1299/3086
f 3629/1282/3085 3646/1300/3087 3645/1299/3088
f 3629/1282/3085 3631/1285/3040 3646/1300/3087
f 3631/1285/3040 3641/1296/3070 3646/1300/3089
f 3631/1285/3090 3627/1281/3091 3641/1296/3070
f 3647/1301/3092 3648/1302/3093 3633/1286/3094
f 3649/1303/3095 3650/1304/3096 3635/1288/3097
f 3647/1301/3098 3633/1286/3094 3636/1290/3099
f 3650/1304/3100 3636/1290/3055 3634/1289/3057
f 3651/1305/3101 3637/1292/3060 3638/1291/3059
f 3652/1306/3102 3651/1305/3101 3639/1293/3103
f 3648/1302/3104 3640/1294/3066 3632/1287/3105
f 3652/1306/3106 3639/1293/3103 3640/1294/3066
f 3653/1307/3107 3641/1296/3108 3642/1295/3109
f 3654/1308/3110 3642/1295/3111 3643/1297/3112
f 3655/1309/3113 3644/1298/3114 3637/1292/3076
f 3655/1309/3113 3654/1308/3115 3644/1298/3114
f 3649/1303/3095 3635/1288/3097 3645/1299/3084
f 3656/1310/3116 3645/1299/3088 3646/1300/3087
f 3653/1307/3117 3656/1310/3118 3641/1296/3119
f 3658/1311/3120 3659/1312/3121 3657/1313/3122
f 3658/1311/3123 3661/1314/3124 3660/1315/3125
f 3658/1311/3120 3660/1315/3125 3659/1312/3121
f 3658/1311/3123 3662/1316/3126 3661/1314/3124
f 3658/1311/3127 3657/1313/3128 3662/1316/3126
f 3647/1301/3092 3659/1312/3129 3648/1302/3093
f 3649/1303/3130 3657/1313/3128 3650/1304/3096
f 3657/1313/3122 3647/1301/3098 3650/1304/3096
f 3657/1313/3122 3659/1312/3121 3647/1301/3131
f 3660/1315/3132 3655/1309/3133 3651/1305/3134
f 3660/1315/3125 3661/1314/3135 3655/1309/3136
f 3652/1306/3137 3660/1315/3132 3651/1305/3134
f 3659/1312/3121 3652/1306/3138 3648/1302/3104
f 3659/1312/3139 3660/1315/3125 3652/1306/3138
f 3661/1314/3140 3653/1307/3117 3654/1308/3141
f 3661/1314/3140 3662/1316/3126 3653/1307/3117
f 3655/1309/3142 3661/1314/3143 3654/1308/3115
f 3662/1316/3144 3649/1303/3130 3656/1310/3145
f 3662/1316/3146 3657/1313/3128 3649/1303/3130
f 3653/1307/3117 3662/1316/3126 3656/1310/3145
f 3656/1310/3118 3646/1300/3147 3641/1296/3119
f 3656/1310/3148 3649/1303/3095 3645/1299/3084
f 3650/1304/3096 3634/1289/3050 3635/1288/3097
f 3650/1304/3096 3647/1301/3098 3636/1290/3099
f 3648/1302/3104 3632/1287/3105 3633/1286/3094
f 3648/1302/3104 3652/1306/3106 3640/1294/3149
f 3651/1305/3101 3638/1291/3062 3639/1293/3103
f 3651/1305/3134 3655/1309/3150 3637/1292/3060
f 3654/1308/3151 3653/1307/3152 3642/1295/3109
f 3654/1308/3110 3643/1297/3153 3644/1298/3114
f 3664/376/1074 3665/375/1074 3663/377/1074
f 3667/378/3154 3668/379/3155 3666/381/3154
f 3667/378/3154 3669/380/3156 3668/379/3155
f 3671/382/3157 3672/383/3158 3670/385/3159
f 3671/382/3157 3673/384/3160 3672/383/3161
f 3663/377/1074 3675/386/1074 3674/387/1074
f 3671/382/3157 3676/388/3162 3673/384/3163
f 3671/382/3157 3677/389/3164 3676/388/3162
f 3679/391/3165 3680/390/3166 3678/392/3166
f 3679/391/3167 3681/393/3167 3680/390/3168
f 3683/394/3169 3666/381/3170 3682/395/3171
f 3683/394/3172 3667/378/3170 3666/381/3173
f 3685/396/141 3686/397/141 3684/399/141
f 3685/396/141 3687/398/141 3686/397/141
f 3689/401/141 3690/400/141 3688/402/141
f 3691/403/141 3692/404/141 3690/400/141
f 3691/403/141 3693/405/141 3692/404/141
f 3692/404/141 3688/402/141 3690/400/141
f 3695/407/141 3696/406/141 3694/408/141
f 3695/407/141 3697/409/141 3696/406/141
f 3699/411/141 3700/410/141 3698/412/141
f 3702/413/3174 3703/414/3174 3701/416/3174
f 3702/413/3174 3704/415/3174 3703/414/3174
f 3706/418/3175 3707/417/3175 3705/419/3175
f 3706/418/3176 3708/420/3176 3707/417/3176
f 3710/422/3177 3711/421/3177 3709/423/3177
f 3710/422/3178 3712/424/3178 3711/421/3178
f 3714/425/3179 3715/426/3179 3713/428/3179
f 3714/425/3179 3716/427/3179 3715/426/3179
f 3718/429/3180 3719/430/3180 3717/432/3180
f 3718/429/3181 3720/431/3180 3719/430/3180
f 3722/433/3182 3723/434/3182 3721/436/3182
f 3722/433/3182 3724/435/3182 3723/434/3182
f 3726/438/3183 3727/437/3183 3725/439/3183
f 3726/438/3183 3728/440/3183 3727/437/3183
f 3730/442/3184 3731/441/3184 3729/443/3184
f 3730/442/3184 3732/444/3184 3731/441/3184
f 3734/445/3185 3735/446/3185 3733/448/3185
f 3734/445/3185 3736/447/3185 3735/446/3185
f 3738/449/3186 3739/450/3187 3737/452/3188
f 3738/449/3186 3740/451/3189 3739/450/3187
f 3742/453/3190 3743/454/3190 3741/456/3190
f 3742/453/3191 3744/455/3191 3743/454/3191
f 3746/458/3192 3747/457/3192 3745/459/3192
f 3746/458/3192 3748/460/3192 3747/457/3192
f 3750/461/3193 3751/462/3193 3749/464/3193
f 3750/461/3193 3752/463/3193 3751/462/3193
f 3754/465/3194 3755/466/3195 3753/468/3196
f 3754/465/3197 3756/467/3194 3755/466/3198
f 3758/468/3199 3759/469/3200 3757/470/3201
f 3758/468/3199 3760/466/3202 3759/469/3203
f 3762/470/3200 3763/471/3204 3761/472/3204
f 3762/470/3200 3764/469/3205 3763/471/3204
f 3766/474/3206 3767/473/3207 3765/475/3207
f 3766/474/3206 3768/476/3208 3767/473/3209
f 3770/478/3210 3771/477/3210 3769/479/3210
f 3770/478/3211 3772/480/3211 3771/477/3211
f 3774/482/3212 3775/481/3212 3773/483/3212
f 3774/482/3212 3776/484/3212 3775/481/3212
f 3778/485/3213 3779/486/3213 3777/488/3213
f 3778/485/3214 3780/487/3213 3779/486/3214
f 3782/489/3215 3783/490/3215 3781/492/3216
f 3782/489/3215 3784/491/3215 3783/490/3215
f 3786/493/3217 3787/494/3218 3785/496/3219
f 3786/493/3217 3788/495/3220 3787/494/3220
f 3786/493/3217 3790/497/3221 3789/498/3221
f 3786/493/3217 3785/496/3219 3790/497/3222
f 3792/499/3223 3793/500/3223 3791/502/3223
f 3792/499/3223 3794/501/3223 3793/500/3223
f 3796/503/3224 3797/504/3225 3795/506/3225
f 3796/503/3226 3798/505/3226 3797/504/3226
f 3800/508/3227 3801/507/3227 3799/509/3227
f 3800/508/3227 3802/510/3227 3801/507/3227
f 3740/451/3189 3804/511/3228 3803/512/3229
f 3740/451/3189 3738/449/3186 3804/511/3228
f 3806/514/141 3807/513/141 3805/515/141
f 3809/517/141 3810/516/141 3808/518/141
f 3811/520/141 3812/519/141 3689/401/141
f 3814/522/278 3815/521/278 3813/523/278
f 3688/402/141 3816/524/141 3807/513/141
f 3688/402/141 3817/525/141 3816/524/141
f 3815/521/278 3818/526/278 3813/523/278
f 3820/527/278 3814/522/278 3819/528/278
f 3821/529/3230 3683/394/3169 3682/395/3171
f 3821/529/3230 3822/530/3231 3683/394/3169
f 3824/531/3232 3825/532/3233 3823/534/3234
f 3824/531/3232 3826/533/3235 3825/532/3233
f 3828/535/3236 3829/536/3237 3827/538/3236
f 3828/535/3236 3830/537/3238 3829/536/3237
f 3832/539/3239 3823/534/3234 3831/540/3239
f 3832/539/3239 3824/531/3240 3823/534/3234
f 3834/541/3241 3835/542/3242 3833/544/3242
f 3834/541/3241 3836/543/3241 3835/542/3242
f 3834/541/3241 3837/545/3243 3836/543/3244
f 3834/541/3241 3838/546/3245 3837/545/3243
f 3821/529/3230 3839/547/3246 3822/530/3247
f 3821/529/3230 3840/548/3248 3839/547/3246
f 3842/549/3249 3843/550/3250 3841/552/3251
f 3842/549/3249 3844/551/3252 3843/550/3253
f 3835/542/3242 3679/391/3167 3833/544/3242
f 3835/542/3254 3681/393/3167 3679/391/3167
f 3846/553/141 3847/554/141 3845/556/141
f 3846/553/141 3848/555/141 3847/554/141
f 3850/558/141 3851/557/141 3849/559/141
f 3853/560/141 3854/561/141 3852/563/141
f 3853/560/141 3855/562/141 3854/561/141
f 3846/553/141 3857/564/141 3856/565/141
f 3859/566/141 3860/558/141 3858/567/141
f 3848/555/141 3860/558/141 3859/566/141
f 3861/569/141 3862/568/141 3857/564/141
f 3864/571/141 3865/570/141 3863/572/141
f 3867/573/3255 3868/574/3255 3866/576/3255
f 3867/573/3255 3869/575/3255 3868/574/3255
f 3871/578/3256 3872/577/3256 3870/579/3256
f 3871/578/3257 3873/580/3257 3872/577/3257
f 3875/581/3258 3876/582/3259 3874/584/3258
f 3875/581/3258 3877/583/3258 3876/582/3258
f 3879/586/3260 3880/585/3260 3878/587/3260
f 3879/586/3260 3881/588/3260 3880/585/3260
f 3883/590/3261 3884/589/3261 3882/591/3261
f 3883/590/3261 3885/592/3261 3884/589/3261
f 3887/594/3262 3888/593/3262 3886/595/3262
f 3887/594/3262 3889/596/3262 3888/593/3262
f 3891/597/3263 3892/598/3263 3890/600/3264
f 3891/597/3263 3893/599/3263 3892/598/3263
f 3895/601/3265 3896/602/3266 3894/604/3267
f 3895/601/3268 3897/603/3269 3896/602/3266
f 3899/606/3270 3900/605/3270 3898/607/3270
f 3899/606/3271 3901/608/3271 3900/605/3271
f 3903/610/3272 3904/609/3272 3902/611/3272
f 3903/610/3272 3905/612/3272 3904/609/3272
f 3907/613/3273 3908/614/3273 3906/616/3274
f 3907/613/3275 3909/615/3276 3908/614/3275
f 3911/618/1198 3912/617/1198 3910/619/1198
f 3911/618/1198 3913/620/1198 3912/617/1198
f 3915/621/3277 3916/622/3278 3914/624/3277
f 3915/621/3277 3917/623/3279 3916/622/3278
f 3919/626/3280 3920/625/3280 3918/627/3280
f 3919/626/3280 3921/628/3280 3920/625/3280
f 3923/629/3281 3924/630/3281 3922/632/3281
f 3923/629/3281 3925/631/3281 3924/630/3281
f 3927/634/3282 3928/633/3283 3926/635/3283
f 3927/634/3282 3929/636/3282 3928/633/3282
f 3931/638/3284 3932/637/3284 3930/639/3284
f 3931/638/3285 3933/640/3285 3932/637/3286
f 3935/642/3287 3936/641/3287 3934/643/3287
f 3935/642/3288 3937/644/3288 3936/641/3288
f 3939/646/3289 3940/645/3290 3938/647/3290
f 3939/646/3289 3941/648/3291 3940/645/3290
f 3939/646/3292 3942/649/3293 3941/648/3291
f 3939/646/3292 3943/650/3293 3942/649/3293
f 3945/651/3294 3946/652/3295 3944/654/3295
f 3945/651/3295 3947/653/3295 3946/652/3295
f 3949/656/3296 3950/655/3296 3948/657/3296
f 3949/656/3297 3951/658/3298 3950/655/3297
f 3953/660/3299 3954/659/3299 3952/661/3299
f 3953/660/3299 3955/662/3299 3954/659/3299
f 3894/604/3267 3804/511/3228 3895/601/3268
f 3894/604/3267 3803/512/3300 3804/511/3229
f 3957/663/141 3854/561/141 3956/664/141
f 3807/513/141 3958/665/141 3852/563/141
f 3807/513/141 3959/666/141 3958/665/141
f 3807/513/141 3960/667/141 3959/666/141
f 3806/514/141 3960/667/141 3807/513/141
f 3961/668/141 3851/557/141 3957/663/141
f 3963/670/141 3964/669/141 3962/671/141
f 3966/673/141 3967/672/141 3965/674/141
f 3968/675/141 3967/672/141 3966/673/141
f 3970/677/3301 3971/676/3301 3969/678/3301
f 3970/677/3302 3972/679/3302 3971/676/3302
f 3957/663/141 3956/664/141 3973/680/141
f 3974/681/141 3961/668/141 3957/663/141
f 3976/682/3303 3977/683/3303 3975/685/3303
f 3976/682/3304 3978/684/3304 3977/683/3304
f 3980/687/1272 3981/686/1272 3979/688/1272
f 3983/690/1272 3984/689/1272 3982/691/1272
f 3985/693/1272 3986/692/1272 3982/691/1272
f 3988/695/1272 3989/694/1272 3987/696/1272
f 3991/698/3305 3992/697/3306 3990/699/3306
f 3991/698/3305 3993/700/3305 3992/697/3307
f 3995/701/3308 3996/702/3309 3994/704/3310
f 3995/701/3311 3997/703/3309 3996/702/3309
f 3999/705/3312 4000/706/3313 3998/708/3314
f 3999/705/3315 4001/707/3315 4000/706/3316
f 4003/710/3317 4004/709/3318 4002/711/3317
f 4003/710/3317 4005/712/3319 4004/709/3318
f 4007/714/3320 4008/713/3321 4006/715/3320
f 4007/714/3322 4009/716/3323 4008/713/3321
f 4011/717/3324 4012/718/3325 4010/720/3326
f 4011/717/3327 4013/719/3328 4012/718/3325
f 4015/721/3329 4012/718/3325 4014/722/3330
f 4015/721/3329 4010/720/3331 4012/718/3332
f 4017/723/3333 4018/722/3334 4016/724/3335
f 4017/723/3333 4019/721/3336 4018/722/3334
f 4021/724/3337 4022/725/3338 4020/723/3339
f 4021/724/3337 4023/726/3338 4022/725/3338
f 4025/727/3340 4026/728/3341 4024/730/3342
f 4025/727/3340 4027/729/3340 4026/728/3341
f 4026/728/3341 3994/704/3343 4024/730/3341
f 4026/728/3341 3995/701/3311 3994/704/3310
f 4029/732/3344 4030/731/3345 4028/733/3344
f 4029/732/3346 4031/734/3345 4030/731/3345
f 3992/697/3347 4032/735/3348 3990/699/3349
f 3992/697/3347 4033/736/3350 4032/735/3351
f 4033/736/3352 4035/737/3353 4034/738/3354
f 4037/740/1223 4038/739/1223 4036/741/1223
f 4037/740/1223 4039/742/1223 4038/739/1223
f 4040/743/1272 3987/696/1272 3979/688/1272
f 4040/743/1272 4041/744/1272 3987/696/1272
f 4043/746/1074 4044/745/1074 4042/747/1074
f 4042/747/1074 4046/748/1074 4045/749/1074
f 4048/751/1074 4049/750/1074 4047/752/1074
f 4050/754/1074 4051/753/1074 4043/746/1074
f 4053/756/1074 4054/755/1074 4052/757/1074
f 4054/755/1074 4055/758/1074 4052/757/1074
f 4043/746/1074 4051/753/1074 4056/759/1074
f 4058/760/1074 4046/748/1074 4057/761/1074
f 4060/763/1074 4061/762/1074 4059/764/1074
f 4063/766/3355 4064/765/3355 4062/767/3355
f 4063/766/3356 4065/768/3356 4064/765/3356
f 4067/769/3357 4068/770/3357 4066/772/3357
f 4067/769/3357 4069/771/3357 4068/770/3357
f 4071/773/3358 4072/774/3358 4070/776/3358
f 4071/773/3359 4073/775/3360 4072/774/3360
f 4075/777/3361 4076/778/3361 4074/780/3361
f 4075/777/3361 4077/779/3361 4076/778/3361
f 4079/781/3362 4080/782/3363 4078/784/3362
f 4079/781/3364 4081/783/3365 4080/782/3363
f 4083/782/3363 4084/785/3366 4082/786/3366
f 4083/782/3363 4085/783/3365 4084/785/3367
f 4087/787/3368 4088/788/3368 4086/790/3368
f 4087/787/3369 4089/789/3369 4088/788/3369
f 4091/791/3370 4092/792/3370 4090/794/3370
f 4091/791/3370 4093/793/3370 4092/792/3370
f 4095/795/3371 4096/796/3372 4094/798/3371
f 4095/795/3371 4097/797/3373 4096/796/3372
f 4099/799/3374 4100/800/3374 4098/802/3374
f 4099/799/3375 4101/801/3375 4100/800/3375
f 4103/804/3376 4104/803/3376 4102/805/3376
f 4103/804/3376 4105/806/3376 4104/803/3376
f 4107/807/3377 4108/808/3377 4106/810/3377
f 4107/807/3377 4109/809/3377 4108/808/3377
f 4111/811/3378 4112/812/3379 4110/814/3379
f 4111/811/3380 4113/813/3380 4112/812/3379
f 4115/815/3381 4116/816/3381 4114/818/3381
f 4115/815/3382 4117/817/3382 4116/816/3382
f 4119/820/3383 4120/819/3383 4118/821/3383
f 4119/820/3384 4121/822/3384 4120/819/3384
f 4123/824/3385 4124/823/3385 4122/825/3385
f 4123/824/3386 4125/826/3386 4124/823/3386
f 4127/827/3387 4128/796/3388 4126/797/3389
f 4127/827/3387 4129/828/3387 4128/796/3388
f 4056/759/1074 4051/753/1074 4130/829/1074
f 4132/830/3390 4133/831/3390 4131/833/3390
f 4132/830/3390 4134/832/3390 4133/831/3390
f 4013/719/3391 4136/834/3392 4135/835/3392
f 4013/719/3391 4011/717/3393 4136/834/3394
f 4138/837/3395 4139/836/3396 4137/838/3397
f 4138/837/3398 4140/839/3398 4139/836/3396
f 4141/840/3399 3670/385/3159 3672/383/3158
f 4141/840/3399 4142/841/3399 3670/385/3159
f 4144/842/3400 4145/843/3401 4143/845/3401
f 4144/842/3400 4146/844/3402 4145/843/3403
f 4148/847/141 4149/846/141 4147/848/141
f 3806/514/141 3696/406/141 3697/409/141
f 4151/849/141 3699/411/141 4150/850/141
f 4153/852/3404 4154/851/3404 4152/853/3404
f 4153/852/3405 4155/854/3405 4154/851/3405
f 3810/516/141 4156/855/141 3808/518/141
f 4158/857/141 4159/856/141 4157/858/141
f 4160/859/141 4159/856/141 4158/857/141
f 4162/861/3406 4163/860/3406 4161/862/3406
f 4162/861/3406 4164/863/3406 4163/860/3406
f 3665/375/1074 3664/376/1074 4165/864/1074
f 4167/866/141 4168/865/141 4166/867/141
f 3856/565/141 3857/564/141 3862/568/141
f 4169/869/141 4170/868/141 3861/569/141
f 4172/567/141 4173/554/141 4171/566/141
f 4169/869/141 4173/554/141 4172/567/141
f 4175/871/141 4176/870/141 4174/872/141
f 4178/873/3407 4179/874/3407 4177/876/3407
f 4178/873/3407 4180/875/3407 4179/874/3407
f 4182/877/3408 4183/878/3409 4181/880/3408
f 4182/877/3410 4184/879/3410 4183/878/3411
f 4186/881/3412 4187/622/3413 4185/623/3414
f 4186/881/3415 4188/882/3415 4187/622/3416
f 4190/884/141 4191/883/141 4189/885/141
f 3981/686/1272 4193/886/1272 4192/887/1272
f 4195/889/3417 4196/888/3417 4194/890/3417
f 4195/889/3417 4197/891/3417 4196/888/3417
f 4198/893/1272 4199/892/1272 3984/689/1272
f 3988/695/1272 4200/894/1272 3989/694/1272
f 4201/895/3418 3998/708/3314 4000/706/3419
f 4201/895/3418 4202/896/3418 3998/708/3420
f 3986/692/1272 4203/897/1272 3982/691/1272
f 4204/898/3421 4032/735/3351 4033/736/3422
f 4204/898/3423 4205/899/3424 4032/735/3348
f 4207/901/1344 4208/900/1344 4206/902/1344
f 4207/901/1344 4209/903/1344 4208/900/1344
f 4130/829/1074 4211/904/1074 4210/905/1074
f 4213/906/1074 4061/762/1074 4212/908/1074
f 4213/906/1074 4214/907/1074 4061/762/1074
f 4216/910/1074 4217/909/1074 4215/911/1074
f 4219/913/3425 4220/912/3425 4218/914/3425
f 4219/913/3425 4221/915/3425 4220/912/3425
f 4223/917/1074 4224/916/1074 4222/918/1074
f 4047/752/1074 4049/750/1074 4051/753/1074
f 4040/743/1272 4225/919/1272 4041/744/1272
f 4227/921/141 4228/920/141 4226/922/141
f 4230/924/141 4231/923/141 4229/925/141
f 3685/396/141 4232/926/141 3687/398/141
f 3685/396/141 4230/924/141 4232/926/141
f 4234/927/141 3686/397/141 4233/928/141
f 4235/930/141 4236/929/141 4149/846/141
f 4238/932/141 4239/931/141 4237/933/141
f 4157/858/141 4240/934/141 4158/857/141
f 4242/936/2736 4243/935/3426 4241/937/2736
f 4242/936/278 4244/938/3427 4243/935/3427
f 4246/940/3428 4247/939/3429 4245/941/3430
f 3856/565/141 3862/568/141 4248/942/141
f 4191/883/141 4190/884/141 4249/943/141
f 4251/944/3431 3897/603/3269 4250/945/3431
f 4251/944/3431 3896/602/3266 3897/603/3432
f 4225/919/1272 4253/946/1272 4252/947/1272
f 4225/919/1272 4040/743/1272 4253/946/1272
f 4008/713/3321 4004/709/3318 4005/712/3318
f 4008/713/3433 4009/716/3434 4004/709/3318
f 4255/949/1223 4256/948/1223 4254/950/1223
f 4255/949/1223 4257/951/1223 4256/948/1223
f 4045/749/1074 4050/754/1074 4042/747/1074
f 4210/905/1074 4258/952/1074 4056/759/1074
f 4051/753/1074 4049/750/1074 4130/829/1074
f 4260/954/3435 4261/953/3435 4259/955/3435
f 4260/954/3435 4262/956/3435 4261/953/3435
f 4264/958/3436 4265/957/3436 4263/959/3436
f 4264/958/3436 4266/960/3436 4265/957/3436
f 3864/571/141 4268/961/141 4267/962/141
f 3864/571/141 4269/963/141 4268/961/141
f 4271/964/3437 4272/965/3437 4270/967/3437
f 4271/964/3437 4273/966/3437 4272/965/3437
f 3810/516/141 3809/517/141 3700/410/141
f 4274/968/141 3684/399/141 4234/927/141
f 4275/970/141 4276/969/141 4228/920/141
f 3857/564/141 3846/553/141 3845/556/141
f 4278/972/3438 4279/971/3438 4277/973/3438
f 4031/734/3345 4035/737/3353 4030/731/3345
f 4031/734/3439 4034/738/3354 4035/737/3440
f 4151/849/141 3810/516/141 3700/410/141
f 4281/974/3441 4282/474/3442 4280/975/3441
f 4281/974/3441 4283/476/3443 4282/474/3442
f 4285/976/3444 4286/977/3444 4284/979/3444
f 4285/976/3445 4287/978/3445 4286/977/3445
f 4288/567/141 3850/558/141 3849/559/141
f 4289/981/1272 4290/980/1272 4199/892/1272
f 4291/983/1272 4292/982/1272 4252/947/1272
f 4294/985/3446 4295/984/3447 4293/986/3448
f 4294/985/3449 4296/987/3449 4295/984/3447
f 4298/989/3450 4299/988/3451 4297/990/3451
f 4298/989/3450 4300/991/3450 4299/988/3450
f 4302/992/3452 4303/993/3453 4301/995/3454
f 4302/992/3452 4304/994/3453 4303/993/3453
f 4306/996/3455 4307/997/3455 4305/999/3455
f 4306/996/3455 4308/998/3455 4307/997/3455
f 4310/1001/3456 4311/1000/3457 4309/1002/3458
f 4312/1003/3459 4311/1000/3457 4310/1001/3456
f 4314/1004/3460 4315/1005/3461 4313/1007/3462
f 4314/1004/3463 4316/1006/3464 4315/1005/3465
f 4318/1009/3466 4319/1008/3467 4317/1010/3468
f 4318/1009/3469 4320/1011/3469 4319/1008/3467
f 4322/1012/3470 4323/1013/3471 4321/1015/3472
f 4322/1012/3473 4324/1014/3473 4323/1013/3471
f 4326/1017/3474 4327/1016/3474 4325/1018/3474
f 4326/1017/3474 4328/1019/3474 4327/1016/3474
f 4315/1005/3475 4330/1020/3476 4329/1021/3476
f 4315/1005/3475 4316/1006/3477 4330/1020/3476
f 4309/1002/3478 4332/1022/3479 4331/1024/3479
f 4309/1002/3478 4333/1023/3480 4332/1022/3481
f 4335/1004/3460 4336/1025/3482 4334/1026/3482
f 4335/1004/3460 4337/1007/3483 4336/1025/3484
f 4339/1008/3485 4340/1013/3486 4338/1010/3468
f 4339/1008/3487 4341/1015/3488 4340/1013/3486
f 4343/1027/3489 4344/1028/3490 4342/1030/3490
f 4343/1027/3491 4345/1029/3492 4344/1028/3493
f 4347/1032/3494 4348/1031/3495 4346/1033/3496
f 4347/1032/3497 4349/1034/3498 4348/1031/3495
f 4351/1032/3499 4352/1035/3500 4350/1036/3500
f 4351/1032/3499 4353/1033/3501 4352/1035/3500
f 4355/1038/3502 4356/1037/3502 4354/1039/3502
f 4355/1038/3503 4357/1040/3503 4356/1037/3503
f 4359/1041/3504 4360/1034/3505 4358/1042/3504
f 4359/1041/3504 4361/1031/3506 4360/1034/3498
f 4363/1044/1272 4364/1043/1272 4362/1045/1272
f 4363/1044/1272 4292/982/1272 4364/1043/1272
f 4366/1047/1272 4367/1046/1272 4365/1048/1272
f 4366/1047/1272 4368/1049/1272 4367/1046/1272
f 4291/983/1272 4252/947/1272 4253/946/1272
f 4370/1051/3507 4371/1050/3508 4369/1052/3509
f 4372/1054/3510 4373/1053/3511 4370/1051/3512
f 4374/1055/3513 4371/1050/3508 4370/1051/3507
f 4376/1056/3514 4377/1057/3515 4375/1059/3516
f 4376/1056/3514 4378/1058/3515 4377/1057/3515
f 4380/1061/3517 4381/1060/3517 4379/1062/3517
f 4380/1061/3517 4382/1063/3517 4381/1060/3517
f 4384/1064/3518 4385/1065/3519 4383/1067/3520
f 4384/1064/3518 4386/1066/3518 4385/1065/3519
f 4388/1068/3521 4389/1069/3521 4387/1071/3521
f 4388/1068/3521 4390/1070/3521 4389/1069/3521
f 4392/1072/3522 4393/1073/3522 4391/1075/3522
f 4392/1072/3522 4394/1074/3522 4393/1073/3522
f 4396/1077/3523 4397/1076/3524 4395/1078/3523
f 4396/1077/3525 4398/1079/3526 4397/1076/3524
f 4400/1080/3527 4401/1081/3528 4399/1083/3529
f 4400/1080/3527 4402/1082/3530 4401/1081/3531
f 4404/1080/3527 4405/1084/3532 4403/1082/3533
f 4404/1080/3534 4406/1085/3532 4405/1084/3532
f 4408/1086/3535 4409/1081/3528 4407/1087/3535
f 4408/1086/3536 4410/1083/3537 4409/1081/3528
f 4412/1089/3538 4413/1088/3539 4411/1090/3538
f 4412/1089/3538 4414/1091/3540 4413/1088/3539
f 4413/1088/3541 4397/1076/3542 4398/1079/3543
f 4413/1088/3541 4414/1091/3544 4397/1076/3542
f 4416/1092/3545 4417/1093/3546 4415/1095/3545
f 4416/1092/3547 4418/1094/3548 4417/1093/3546
f 4420/1097/3549 4421/1096/3550 4419/1098/3551
f 4420/1097/3552 4422/1099/3553 4421/1096/3550
f 4424/1097/3554 4425/1100/3555 4423/1099/3556
f 4424/1097/3557 4426/1101/3558 4425/1100/3558
f 4428/1103/3559 4429/1102/3560 4427/1104/3560
f 4428/1103/3561 4430/1105/3561 4429/1102/3561
f 4432/1098/3562 4433/1106/3563 4431/1107/3563
f 4432/1098/3564 4434/1096/3550 4433/1106/3565
f 4436/1108/1074 4437/1109/1074 4435/1111/1074
f 4436/1108/1074 4438/1110/1074 4437/1109/1074
f 4440/1113/1074 4441/1112/1074 4439/1114/1074
f 4440/1113/1074 4442/1115/1074 4441/1112/1074
f 4053/756/1074 4444/1116/1074 4443/1117/1074
f 4445/1119/1074 4446/1118/1074 4441/1112/1074
f 4448/1121/3566 4449/1120/3567 4447/1122/3568
f 3737/452/3188 4451/1123/3569 4450/1124/3570
f 3737/452/3188 3739/450/3571 4451/1123/3569
f 4453/1125/3572 4301/995/3454 4452/1126/3572
f 4453/1125/3572 4302/992/3452 4301/995/3573
f 4453/1125/3572 4383/1067/3520 4385/1065/3519
f 4453/1125/3572 4452/1126/3572 4383/1067/3574
f 4454/1128/278 4455/1127/278 3819/528/278
f 4456/1129/278 4454/1128/278 3819/528/278
f 4458/1131/278 4459/1130/278 4457/1132/278
f 4460/1133/278 4456/1129/278 4457/1132/278
f 4457/1132/278 4456/1129/278 3819/528/278
f 3813/523/278 3819/528/278 3814/522/278
f 3674/387/1074 3664/376/1074 3663/377/1074
f 4045/749/1074 4046/748/1074 4058/760/1074
f 4461/1134/141 3816/524/141 3817/525/141
f 4148/847/141 4461/1134/141 3817/525/141
f 4462/1135/141 3690/400/141 3689/401/141
f 4463/1136/141 3809/517/141 3808/518/141
f 4151/849/141 3700/410/141 3699/411/141
f 3805/515/141 3807/513/141 4464/1137/141
f 4233/928/141 4235/930/141 4149/846/141
f 4461/1134/141 4148/847/141 4147/848/141
f 4233/928/141 4149/846/141 4234/927/141
f 3684/399/141 3686/397/141 4234/927/141
f 4462/1135/141 4274/968/141 4465/1138/141
f 4234/927/141 4465/1138/141 4274/968/141
f 4467/1140/141 4468/1139/141 4466/1141/141
f 4469/1142/141 4467/1140/141 4466/1141/141
f 4466/1141/141 4471/1143/141 4470/1144/141
f 4468/1139/141 4472/1145/141 4466/1141/141
f 4472/1145/141 4471/1143/141 4466/1141/141
f 4470/1144/141 4474/1146/141 4473/1147/141
f 4470/1144/141 4475/1148/141 4474/1146/141
f 4471/1143/141 4476/1149/141 4470/1144/141
f 4470/1144/141 4476/1149/141 4475/1148/141
f 4476/1149/141 4477/1150/141 4475/1148/141
f 4475/1148/141 4477/1150/141 4175/871/141
f 4477/1150/141 4478/1151/141 4175/871/141
f 4478/1151/141 4176/870/141 4175/871/141
f 4479/1152/141 4175/871/141 4174/872/141
f 3962/671/141 3964/669/141 4480/1153/141
f 3964/669/141 4481/1154/141 4480/1153/141
f 4483/1156/141 4484/1155/141 4482/1157/141
f 4482/1157/141 4484/1155/141 4485/1158/141
f 4240/934/141 4483/1156/141 4482/1157/141
f 4158/857/141 4240/934/141 4482/1157/141
f 3965/674/141 3967/672/141 3963/670/141
f 3967/672/141 3964/669/141 3963/670/141
f 4486/1159/141 4487/1160/141 4166/867/141
f 4486/1159/141 4488/1161/141 4487/1160/141
f 3805/515/141 3696/406/141 3806/514/141
f 4489/1162/141 3806/514/141 3697/409/141
f 4490/1163/141 4489/1162/141 3697/409/141
f 4487/1160/141 3960/667/141 4166/867/141
f 3959/666/141 3960/667/141 4487/1160/141
f 3960/667/141 4167/866/141 4166/867/141
f 4485/1158/141 4484/1155/141 4466/1141/141
f 4484/1155/141 4469/1142/141 4466/1141/141
f 4481/1154/141 4175/871/141 4480/1153/141
f 4479/1152/141 4480/1153/141 4175/871/141
f 4491/1165/141 4492/1164/141 4269/963/141
f 4267/962/141 3865/570/141 3864/571/141
f 4493/1166/141 4269/963/141 4492/1164/141
f 4493/1166/141 4268/961/141 4269/963/141
f 4494/1168/141 4495/1167/141 4238/932/141
f 4495/1167/141 4239/931/141 4238/932/141
f 4236/929/141 4232/926/141 4230/924/141
f 4232/926/141 4236/929/141 4235/930/141
f 4170/868/141 3862/568/141 3861/569/141
f 4496/1169/141 4190/884/141 4189/885/141
f 3973/680/141 4497/1170/141 3974/681/141
f 3973/680/141 4498/1171/141 4497/1170/141
f 3973/680/141 3974/681/141 3957/663/141
f 3692/404/141 4499/1172/141 3688/402/141
f 4499/1172/141 3817/525/141 3688/402/141
f 4464/1137/141 3807/513/141 3816/524/141
f 3849/559/141 3851/557/141 3961/668/141
f 4500/1173/141 3865/570/141 4267/962/141
f 4501/1174/141 4170/868/141 3855/562/141
f 4502/1175/141 4501/1174/141 3853/560/141
f 3853/560/141 4501/1174/141 3855/562/141
f 4169/869/141 4288/567/141 4170/868/141
f 4288/567/141 3855/562/141 4170/868/141
f 4503/1176/141 4461/1134/141 4147/848/141
f 4148/847/141 4234/927/141 4149/846/141
f 3812/519/141 4274/968/141 3689/401/141
f 3689/401/141 4274/968/141 4462/1135/141
f 4505/1177/3575 4506/1178/3576 4504/1180/3577
f 4505/1177/3578 4507/1179/3579 4506/1178/3579
f 4508/1181/1074 4045/749/1074 4258/952/1074
f 4508/1181/1074 4054/755/1074 4045/749/1074
f 4509/1182/1074 4223/917/1074 4222/918/1074
f 4509/1182/1074 4510/1183/1074 4223/917/1074
f 4511/1184/1074 4224/916/1074 4223/917/1074
f 4214/907/1074 4059/764/1074 4061/762/1074
f 4214/907/1074 4512/1185/1074 4059/764/1074
f 4513/1186/1074 4512/1185/1074 4214/907/1074
f 4050/754/1074 4043/746/1074 4042/747/1074
f 4056/759/1074 4130/829/1074 4210/905/1074
f 4510/1183/1074 4216/910/1074 4215/911/1074
f 4514/1187/1074 4217/909/1074 4216/910/1074
f 4509/1182/1074 4216/910/1074 4510/1183/1074
f 4049/750/1074 4048/751/1074 4445/1119/1074
f 4515/1188/1074 4446/1118/1074 4048/751/1074
f 4048/751/1074 4446/1118/1074 4445/1119/1074
f 4442/1115/1074 4445/1119/1074 4441/1112/1074
f 4437/1109/1074 4445/1119/1074 4442/1115/1074
f 4444/1116/1074 4445/1119/1074 4438/1110/1074
f 4438/1110/1074 4445/1119/1074 4437/1109/1074
f 4052/757/1074 4516/1189/1074 4445/1119/1074
f 4052/757/1074 4517/1190/1074 4516/1189/1074
f 4445/1119/1074 4444/1116/1074 4052/757/1074
f 4053/756/1074 4052/757/1074 4444/1116/1074
f 4276/969/141 4518/1191/141 4248/942/141
f 4275/970/141 4518/1191/141 4276/969/141
f 4519/1192/141 4275/970/141 4228/920/141
f 4519/1192/141 4228/920/141 4227/921/141
f 4229/925/141 4226/922/141 4520/1193/141
f 4229/925/141 4227/921/141 4226/922/141
f 4520/1193/141 4230/924/141 4229/925/141
f 4236/929/141 4230/924/141 4520/1193/141
f 4518/1191/141 3856/565/141 4248/942/141
f 4521/1194/141 3856/565/141 4518/1191/141
f 4375/1059/3516 4522/1195/3580 4376/1056/3514
f 4375/1059/3516 4523/1196/3581 4522/1195/3581
f 4377/1057/3515 4293/986/3448 4295/984/3447
f 4377/1057/3515 4378/1058/3582 4293/986/3448
f 4525/1198/3583 4526/1197/3584 4524/1199/3585
f 4373/1053/3586 4374/1055/3587 4370/1051/3512
f 4528/1200/3588 4246/940/3428 4527/1201/3589
f 4527/1201/3589 4246/940/3590 4529/1202/3591
f 4529/1202/3592 4246/940/3428 4530/1203/3593
f 4530/1203/3594 4246/940/3428 4245/941/3595
f 4531/1204/3596 4370/1051/3512 4246/940/3597
f 4528/1200/3598 4532/1205/3599 4246/940/3428
f 4532/1205/3599 4531/1204/3600 4246/940/3601
f 4372/1054/3510 4370/1051/3602 4533/1206/3603
f 4533/1206/3603 4370/1051/3512 4531/1204/3604
f 4289/981/1272 4199/892/1272 4198/893/1272
f 4534/1207/1272 3986/692/1272 3985/693/1272
f 4535/1208/1272 4534/1207/1272 4193/886/1272
f 4193/886/1272 4534/1207/1272 3985/693/1272
f 4204/898/3421 4033/736/3352 4536/1209/3605
f 4536/1209/3605 4033/736/3422 4034/738/3606
f 4203/897/1272 3983/690/1272 3982/691/1272
f 3983/690/1272 4198/893/1272 3984/689/1272
f 4538/1210/3607 4539/1211/3608 4537/1213/3609
f 4538/1210/3610 4540/1212/3610 4539/1211/3611
f 4537/1213/3609 4542/1214/3612 4541/1215/3613
f 4537/1213/3609 4539/1211/3614 4542/1214/3612
f 4543/1216/3615 4541/1215/3613 4542/1214/3612
f 4543/1216/3615 4544/1217/3616 4541/1215/3613
f 4544/1217/3616 4545/1218/3617 4311/1000/3457
f 4544/1217/3616 4543/1216/3615 4545/1218/3617
f 4545/1218/3617 4345/1029/3492 4311/1000/3457
f 4545/1218/3617 4546/1219/3618 4345/1029/3619
f 4546/1219/3618 4548/1220/3620 4547/1221/3621
f 4546/1219/3618 4545/1218/3617 4548/1220/3622
f 4309/1002/3623 4311/1000/3457 4333/1023/3624
f 4333/1023/3480 4311/1000/3457 4343/1027/3491
f 4343/1027/3491 4311/1000/3457 4345/1029/3619
f 3848/555/141 3859/566/141 3847/554/141
f 4550/1222/3625 4551/1223/3626 4549/1225/3627
f 4550/1222/3625 4552/1224/3626 4551/1223/3626
f 4554/1226/3628 4549/1225/3629 4553/1227/3630
f 4554/1226/3628 4550/1222/3625 4549/1225/3627
f 4554/1226/3628 4556/1228/3631 4555/1229/3632
f 4448/1121/3566 4555/1229/3632 4449/1120/3567
f 4449/1120/3567 4555/1229/3632 4418/1094/3548
f 4557/1230/3633 4525/1198/3583 4524/1199/3634
f 4505/1177/3578 4526/1197/3584 4525/1198/3635
f 4504/1180/3578 4526/1197/3584 4505/1177/3578
f 4417/1093/3546 4526/1197/3584 4504/1180/3636
f 4556/1228/3637 4526/1197/3584 4555/1229/3632
f 4418/1094/3548 4555/1229/3632 4417/1093/3546
f 4555/1229/3632 4526/1197/3584 4417/1093/3546
f 4553/1227/3630 4556/1228/3637 4554/1226/3638
f 3980/687/1272 3979/688/1272 3987/696/1272
f 4041/744/1272 4558/1231/1272 3987/696/1272
f 4558/1231/1272 3988/695/1272 3987/696/1272
f 4367/1046/1272 4289/981/1272 4198/893/1272
f 4252/947/1272 4367/1046/1272 4198/893/1272
f 4252/947/1272 4365/1048/1272 4367/1046/1272
f 4363/1044/1272 4365/1048/1272 4252/947/1272
f 4292/982/1272 4363/1044/1272 4252/947/1272
f 4559/1232/1272 4291/983/1272 4253/946/1272
f 3852/563/141 3957/663/141 3807/513/141
f 3852/563/141 3854/561/141 3957/663/141
f 3979/688/1272 3981/686/1272 4560/1233/1272
f 4193/886/1272 3981/686/1272 4535/1208/1272
f 4535/1208/1272 3981/686/1272 3980/687/1272
f 4562/1235/3639 4563/1234/3640 4561/1236/3641
f 4244/938/3642 4563/1234/3640 4243/935/3642
f 4244/938/3642 4561/1236/3643 4563/1234/3644
f 4564/1237/3645 4563/1234/3646 4562/1235/3427
f 4565/1238/3647 4563/1234/3644 4564/1237/3647
f 4566/1239/1074 3664/376/1074 3674/387/1074
f 4567/1240/1074 3675/386/1074 3663/377/1074
f 4058/760/1074 4258/952/1074 4045/749/1074
f 4055/758/1074 4054/755/1074 4508/1181/1074
f 4508/1181/1074 4258/952/1074 4210/905/1074
f 4137/838/3397 4569/1241/3648 4568/1242/3649
f 4137/838/3397 4139/836/3396 4569/1241/3649
f 4146/844/3402 4571/1243/3650 4570/1244/3651
f 4146/844/3402 4144/842/3652 4571/1243/3650
f 3826/533/3235 4572/1245/3653 3825/532/3233
f 3826/533/3235 4573/1246/3654 4572/1245/3655
f 3837/545/3243 3829/536/3237 3830/537/3238
f 3837/545/3243 3838/546/3245 3829/536/3656
f 3839/547/3657 4575/1247/3658 4574/1248/3659
f 3839/547/3657 3840/548/3248 4575/1247/3658
f 4241/937/278 4576/1249/3660 4242/936/278
f 4241/937/3661 4577/1250/3662 4576/1249/3662
f 3669/380/3156 4571/1243/3663 3668/379/3155
f 3669/380/3156 4570/1244/3664 4571/1243/3650
f 3677/389/3164 3844/551/3252 3676/388/3162
f 3677/389/3164 3843/550/3252 3844/551/3252
f 3680/390/3166 4569/1241/3649 3678/392/3168
f 3680/390/3166 4568/1242/3665 4569/1241/3649
f 3842/549/3249 4572/1245/3655 4573/1246/3654
f 3842/549/3249 3841/552/3249 4572/1245/3655
f 4576/1249/3662 4579/1251/3666 4578/1252/3666
f 4576/1249/3662 4577/1250/3662 4579/1251/3666
f 4575/1247/3667 4580/1253/3668 4574/1248/3659
f 4575/1247/3669 4581/1254/3668 4580/1253/3668
f 4455/1127/278 3820/527/278 3819/528/278
f 4459/1130/278 4460/1133/278 4457/1132/278
f 4310/1001/3456 4582/1255/3670 4312/1003/3459
f 4584/1257/3671 4585/1256/3672 4583/1258/3673
f 4584/1257/3671 4586/1259/3674 4585/1256/3672
f 4584/1257/3675 4588/1260/3676 4587/1261/3677
f 4584/1257/3675 4583/1258/3673 4588/1260/3678
f 4590/1263/3679 4591/1262/3680 4589/1264/3681
f 4590/1263/3679 4592/1265/3682 4591/1262/3680
f 4593/1266/3683 4591/1262/3680 4592/1265/3684
f 4593/1266/3685 4594/1267/3686 4591/1262/3680
f 4587/1261/3687 4594/1267/3686 4593/1266/3688
f 4587/1261/3689 4588/1260/3676 4594/1267/3690
f 4596/1269/3691 4597/1268/3692 4595/1270/3693
f 4596/1269/3691 4598/1271/3694 4597/1268/3692
f 4600/1273/3695 4601/1272/3696 4599/1274/3697
f 4600/1273/3698 4602/1275/3699 4601/1272/3700
f 4596/1269/3701 4602/1275/3699 4600/1273/3695
f 4596/1269/3701 4595/1270/3702 4602/1275/3699
f 4599/1274/3697 4585/1256/3703 4586/1259/3704
f 4599/1274/3705 4601/1272/3696 4585/1256/3703
f 4604/1277/3706 4605/1276/3707 4603/1278/3708
f 4604/1277/3709 4606/1279/3710 4605/1276/3707
f 4607/1280/3711 4606/1279/3712 4604/1277/3713
f 4607/1280/3711 4608/1281/3714 4606/1279/3712
f 4603/1278/3715 4597/1268/3692 4598/1271/3716
f 4603/1278/3717 4605/1276/3718 4597/1268/3692
f 4590/1263/3719 4610/1282/3720 4609/1283/3721
f 4590/1263/3719 4589/1264/3681 4610/1282/3720
f 4611/1284/3722 4608/1281/3723 4607/1280/3711
f 4611/1284/3724 4612/1285/3725 4608/1281/3723
f 4609/1283/3721 4612/1285/3726 4611/1284/3727
f 4609/1283/3721 4610/1282/3728 4612/1285/3726
f 4614/1286/3729 4583/1258/3730 4613/1287/3731
f 4614/1286/3729 4588/1260/3678 4583/1258/3730
f 4616/1288/3732 4591/1262/3680 4615/1289/3733
f 4616/1288/3732 4589/1264/3734 4591/1262/3680
f 4617/1290/3735 4588/1260/3736 4614/1286/3737
f 4617/1290/3735 4594/1267/3690 4588/1260/3736
f 4615/1289/3733 4594/1267/3690 4617/1290/3738
f 4615/1289/3739 4591/1262/3740 4594/1267/3686
f 4619/1291/3741 4595/1270/3702 4618/1292/3742
f 4619/1291/3741 4602/1275/3699 4595/1270/3702
f 4620/1293/3743 4602/1275/3744 4619/1291/3745
f 4620/1293/3743 4601/1272/3700 4602/1275/3699
f 4613/1287/3746 4585/1256/3747 4621/1294/3748
f 4613/1287/3746 4583/1258/3730 4585/1256/3672
f 4621/1294/3748 4601/1272/3700 4620/1293/3749
f 4621/1294/3748 4585/1256/3747 4601/1272/3750
f 4623/1295/3751 4608/1281/3714 4622/1296/3752
f 4623/1295/3751 4606/1279/3753 4608/1281/3714
f 4624/1297/3754 4606/1279/3755 4623/1295/3751
f 4624/1297/3754 4605/1276/3718 4606/1279/3755
f 4618/1292/3756 4597/1268/3757 4625/1298/3758
f 4618/1292/3756 4595/1270/3759 4597/1268/3760
f 4625/1298/3761 4605/1276/3718 4624/1297/3762
f 4625/1298/3763 4597/1268/3764 4605/1276/3718
f 4626/1299/3765 4589/1264/3734 4616/1288/3732
f 4626/1299/3765 4610/1282/3766 4589/1264/3734
f 4627/1300/3767 4610/1282/3766 4626/1299/3768
f 4627/1300/3767 4612/1285/3726 4610/1282/3728
f 4622/1296/3752 4612/1285/3769 4627/1300/3770
f 4622/1296/3752 4608/1281/3771 4612/1285/3769
f 4628/1302/3772 4629/1301/3773 4614/1286/3774
f 4630/1304/3775 4631/1303/3776 4616/1288/3777
f 4614/1286/3774 4629/1301/3778 4617/1290/3779
f 4617/1290/3738 4630/1304/3780 4615/1289/3733
f 4618/1292/3742 4632/1305/3781 4619/1291/3741
f 4632/1305/3781 4633/1306/3782 4620/1293/3749
f 4621/1294/3783 4628/1302/3784 4613/1287/3785
f 4620/1293/3749 4633/1306/3786 4621/1294/3748
f 4622/1296/3787 4634/1307/3788 4623/1295/3789
f 4623/1295/3790 4635/1308/3791 4624/1297/3792
f 4625/1298/3793 4636/1309/3794 4618/1292/3756
f 4635/1308/3795 4636/1309/3794 4625/1298/3793
f 4616/1288/3777 4631/1303/3776 4626/1299/3768
f 4626/1299/3768 4637/1310/3796 4627/1300/3767
f 4637/1310/3797 4634/1307/3788 4622/1296/3787
f 4639/1312/3798 4640/1311/3799 4638/1313/3800
f 4642/1314/3801 4640/1311/3802 4641/1315/3803
f 4641/1315/3803 4640/1311/3802 4639/1312/3798
f 4643/1316/3804 4640/1311/3805 4642/1314/3801
f 4638/1313/3806 4640/1311/3807 4643/1316/3808
f 4639/1312/3809 4629/1301/3810 4628/1302/3784
f 4638/1313/3806 4631/1303/3811 4630/1304/3775
f 4629/1301/3812 4638/1313/3800 4630/1304/3775
f 4629/1301/3812 4639/1312/3798 4638/1313/3800
f 4636/1309/3813 4641/1315/3814 4632/1305/3815
f 4636/1309/3816 4642/1314/3817 4641/1315/3803
f 4641/1315/3814 4633/1306/3818 4632/1305/3815
f 4633/1306/3818 4639/1312/3819 4628/1302/3784
f 4633/1306/3818 4641/1315/3803 4639/1312/3819
f 4634/1307/3820 4642/1314/3821 4635/1308/3822
f 4634/1307/3820 4643/1316/3804 4642/1314/3821
f 4642/1314/3823 4636/1309/3824 4635/1308/3795
f 4631/1303/3825 4643/1316/3826 4637/1310/3827
f 4631/1303/3825 4638/1313/3806 4643/1316/3804
f 4643/1316/3804 4634/1307/3820 4637/1310/3827
f 4627/1300/3828 4637/1310/3827 4622/1296/3787
f 4631/1303/3825 4637/1310/3796 4626/1299/3768
f 4615/1289/3829 4630/1304/3775 4616/1288/3830
f 4629/1301/3778 4630/1304/3775 4617/1290/3779
f 4613/1287/3785 4628/1302/3772 4614/1286/3774
f 4633/1306/3786 4628/1302/3784 4621/1294/3783
f 4619/1291/3745 4632/1305/3781 4620/1293/3831
f 4636/1309/3832 4632/1305/3815 4618/1292/3742
f 4634/1307/3788 4635/1308/3833 4623/1295/3789
f 4624/1297/3834 4635/1308/3791 4625/1298/3793
f 4645/1317/3835 4646/1318/3835 4644/1319/3835
f 4645/1317/3835 4647/1320/3835 4646/1318/3835
f 4649/1321/1074 4650/1322/1074 4648/1323/1074
f 4649/1321/1074 4651/1324/1074 4650/1322/1074
f 4653/1325/1272 4654/1326/1272 4652/1327/1272
f 4653/1325/1272 4655/1328/1272 4654/1326/1272
f 4657/1329/3836 4658/1330/3836 4656/1331/3836
f 4660/1332/1223 4661/1333/1223 4659/1334/1223
f 4663/1335/1223 4664/1336/1223 4662/1337/1223
f 4661/1333/1223 4666/1338/1223 4665/1339/1223
f 4661/1333/1223 4667/1340/1223 4666/1338/1223
f 4669/1341/1223 4659/1334/1223 4668/1342/1223
f 4671/1343/1223 4660/1332/1223 4670/1344/1223
f 4672/1345/1223 4673/1346/1223 4662/1337/1223
f 4672/1345/1223 4670/1344/1223 4673/1346/1223
f 4672/1345/1223 4671/1343/1223 4670/1344/1223
f 4674/1347/1223 4668/1342/1223 4665/1339/1223
f 4676/1348/1223 4677/1349/1223 4675/1350/1223
f 4676/1348/1223 4678/1351/1223 4677/1349/1223
f 4679/1352/1223 4673/1346/1223 4678/1351/1223
f 4679/1352/1223 4663/1335/1223 4673/1346/1223
f 4681/1353/1223 4682/1354/1223 4680/1355/1223
f 4684/1356/1223 4685/1357/1223 4683/1358/1223
f 4684/1356/1223 4686/1359/1223 4685/1357/1223
f 4688/1360/3837 4689/1361/3838 4687/1362/3837
f 4688/1360/3837 4690/1363/3837 4689/1361/3837
f 4692/1364/3839 4693/1365/3839 4691/1366/3839
f 4692/1364/3839 4694/1367/3839 4693/1365/3839
f 4696/1368/3840 4697/1369/3840 4695/1370/3840
f 4696/1368/3841 4698/1371/3841 4697/1369/3841
f 4700/1372/3842 4701/1373/3842 4699/1374/3842
f 4700/1372/3842 4702/1375/3842 4701/1373/3842
f 4704/1376/3843 4705/1377/3844 4703/1378/3845
f 4704/1376/3843 4706/1379/3846 4705/1377/3846
f 4708/1376/3847 4709/1380/3848 4707/1381/3849
f 4708/1376/3847 4710/1378/3845 4709/1380/3848
f 4712/1382/3850 4713/1383/3850 4711/1384/3850
f 4712/1382/3850 4714/1385/3850 4713/1383/3850
f 4716/1386/3851 4717/1387/3851 4715/1388/3851
f 4716/1386/3852 4718/1389/3852 4717/1387/3852
f 4720/1390/3853 4721/1391/3853 4719/1392/3853
f 4720/1390/3854 4722/1393/3854 4721/1391/3854
f 4724/1394/3855 4725/1395/3855 4723/1396/3855
f 4724/1394/3855 4726/1397/3855 4725/1395/3855
f 4728/1398/3856 4729/1399/3856 4727/1400/3856
f 4728/1398/3856 4730/1401/3856 4729/1399/3856
f 4732/1402/3857 4733/1403/3857 4731/1404/3857
f 4732/1402/3857 4734/1405/3857 4733/1403/3857
f 4736/1406/3858 4737/1407/3858 4735/1408/3858
f 4736/1406/3858 4738/1409/3858 4737/1407/3858
f 4740/1410/3859 4741/1411/3859 4739/1412/3859
f 4740/1410/3860 4742/1413/3860 4741/1411/3860
f 4744/1414/3861 4745/1415/3862 4743/1416/3862
f 4744/1414/3862 4746/1417/3862 4745/1415/3862
f 4748/1418/3863 4749/1419/3863 4747/1420/3863
f 4748/1418/3863 4750/1421/3863 4749/1419/3863
f 4752/1422/3864 4753/1423/3864 4751/1424/3864
f 4752/1422/3864 4754/1425/3864 4753/1423/3864
f 4756/1426/3865 4757/1427/3865 4755/1428/3865
f 4756/1426/3865 4758/1429/3865 4757/1427/3865
f 4760/1430/3866 4761/1431/3866 4759/1432/3866
f 4760/1430/3866 4762/1433/3866 4761/1431/3866
f 4764/1434/1223 4681/1353/1223 4763/1435/1223
f 4675/1350/1223 4674/1347/1223 4765/1436/1223
f 4675/1350/1223 4677/1349/1223 4674/1347/1223
f 4767/1437/1223 4768/1438/1223 4766/1439/1223
f 4767/1437/1223 4769/1440/1223 4768/1438/1223
f 4771/1441/1272 4772/1442/1272 4770/1443/1272
f 4771/1441/1272 4773/1444/1272 4772/1442/1272
f 4664/1336/1223 4775/1445/1223 4774/1446/1223
f 4777/1447/141 4778/1448/141 4776/1449/141
f 4777/1447/141 4779/1450/141 4778/1448/141
f 4781/1451/141 4782/1452/141 4780/1453/141
f 4784/1454/141 4785/1455/141 4783/1456/141
f 4784/1454/141 4786/1457/141 4785/1455/141
f 4788/1458/141 4789/1459/141 4787/1460/141
f 4791/1461/141 4792/1462/141 4790/1463/141
f 4794/1464/141 4795/1465/141 4793/1466/141
f 4797/1467/141 4794/1464/141 4796/1468/141
f 4781/1451/141 4788/1458/141 4787/1460/141
f 4781/1451/141 4798/1469/141 4788/1458/141
f 4796/1468/141 4799/1470/141 4797/1467/141
f 4796/1468/141 4800/1471/141 4799/1470/141
f 4802/1472/141 4803/1473/141 4801/1474/141
f 4804/1475/141 4805/1476/141 4803/1473/141
f 4807/1477/141 4808/1478/141 4806/1479/141
f 4807/1477/141 4809/1480/141 4808/1478/141
f 4810/1481/141 4811/1482/141 4809/1480/141
f 4813/1483/141 4814/1484/141 4812/1485/141
f 4816/1486/141 4817/1487/141 4815/1488/141
f 4816/1486/141 4818/1489/141 4817/1487/141
f 4819/1490/141 4820/1491/141 4778/1448/141
f 4822/1492/141 4823/1493/141 4821/1494/141
f 4825/1495/141 4826/1496/141 4824/1497/141
f 4825/1495/141 4827/1498/141 4826/1496/141
f 4829/1499/141 4830/1500/141 4828/1501/141
f 4832/1502/141 4833/1503/141 4831/1504/141
f 4832/1502/141 4834/1505/141 4833/1503/141
f 4836/1506/141 4837/1507/141 4835/1508/141
f 4839/1509/3867 4840/1510/3867 4838/1511/3867
f 4839/1509/3867 4841/1512/3867 4840/1510/3867
f 4843/1513/3868 4844/1514/3868 4842/1515/3868
f 4843/1513/3869 4845/1516/3869 4844/1514/3869
f 4847/1517/3870 4848/1518/3870 4846/1519/3870
f 4847/1517/3870 4849/1520/3870 4848/1518/3870
f 4851/1521/3871 4852/1522/3871 4850/1523/3871
f 4851/1521/3871 4853/1524/3871 4852/1522/3871
f 4855/1525/3872 4856/1526/3873 4854/1527/3874
f 4855/1525/3872 4857/1528/3875 4856/1526/3874
f 4859/1528/3876 4860/1529/3877 4858/1530/3878
f 4859/1528/3876 4861/1525/3872 4860/1529/3877
f 4863/1529/3879 4864/1531/3880 4862/1530/3881
f 4863/1529/3877 4865/1532/3880 4864/1531/3880
f 4867/1533/3882 4868/1534/3883 4866/1535/3883
f 4867/1533/3882 4869/1536/3882 4868/1534/3882
f 4871/1537/3884 4872/1538/3885 4870/1539/3885
f 4871/1537/3886 4873/1540/3887 4872/1538/3888
f 4875/1541/3889 4876/1542/3890 4874/1543/3890
f 4875/1541/3889 4877/1544/3891 4876/1542/3892
f 4879/1545/3893 4880/1546/3894 4878/1547/3895
f 4879/1545/3893 4881/1548/3896 4880/1546/3897
f 4883/1549/3898 4884/1548/3896 4882/1550/3899
f 4883/1549/3898 4885/1546/3900 4884/1548/3896
f 4887/1550/3901 4888/1551/3902 4886/1549/3903
f 4887/1550/3901 4889/1552/3902 4888/1551/3902
f 4891/1553/3904 4892/1554/3904 4890/1555/3904
f 4891/1553/3904 4893/1556/3904 4892/1554/3904
f 4895/1557/3905 4896/1558/3906 4894/1559/3906
f 4895/1557/3907 4897/1560/3908 4896/1558/3906
f 4899/1561/3909 4900/1557/3907 4898/1562/3910
f 4899/1561/3909 4901/1560/3911 4900/1557/3912
f 4898/1562/3913 4902/1563/3914 4899/1561/3915
f 4898/1562/3916 4903/1564/3914 4902/1563/3914
f 4905/1565/3917 4906/1566/3917 4904/1567/3917
f 4905/1565/3918 4907/1568/3918 4906/1566/3918
f 4909/1569/3919 4910/1570/3919 4908/1571/3919
f 4909/1569/3919 4911/1572/3919 4910/1570/3919
f 4913/1573/3920 4914/1574/3920 4912/1575/3920
f 4913/1573/3921 4915/1576/3921 4914/1574/3921
f 4917/1577/3922 4918/1578/3922 4916/1579/3922
f 4917/1577/3922 4919/1580/3922 4918/1578/3922
f 4921/1581/3923 4922/1582/3923 4920/1583/3923
f 4921/1581/3924 4923/1584/3924 4922/1582/3924
f 4925/1585/3925 4926/1586/3926 4924/1587/3926
f 4925/1585/3926 4927/1588/3926 4926/1586/3926
f 4929/1589/3927 4930/1590/3927 4928/1591/3927
f 4929/1589/3927 4931/1592/3927 4930/1590/3927
f 4933/1593/3928 4934/1594/3928 4932/1595/3928
f 4933/1593/3929 4935/1596/3929 4934/1594/3929
f 4937/1597/3930 4938/1598/3931 4936/1599/3930
f 4937/1597/3932 4939/1600/3932 4938/1598/3931
f 4941/1601/3933 4942/1602/3933 4940/1603/3933
f 4941/1601/3933 4943/1604/3933 4942/1602/3933
f 4945/1605/3934 4946/1606/3934 4944/1607/3935
f 4945/1605/3935 4947/1608/3935 4946/1606/3935
f 4949/1609/3936 4950/1610/3936 4948/1611/3936
f 4949/1609/3937 4951/1612/3937 4950/1610/3937
f 4953/1613/3938 4954/1614/3938 4952/1615/3938
f 4953/1613/3939 4955/1616/3939 4954/1614/3939
f 4957/1617/3940 4958/1618/3941 4956/1619/3941
f 4957/1617/3942 4959/1620/3942 4958/1618/3942
f 4961/1621/3943 4962/1622/3943 4960/1623/3943
f 4961/1621/3944 4963/1624/3944 4962/1622/3944
f 4965/1625/3945 4966/1626/3945 4964/1627/3945
f 4965/1625/3946 4967/1628/3946 4966/1626/3945
f 4969/1629/3947 4970/1630/3947 4968/1631/3947
f 4969/1629/3947 4971/1632/3947 4970/1630/3947
f 4973/1633/3948 4974/1634/3949 4972/1635/3948
f 4973/1633/3950 4975/1636/3950 4974/1634/3950
f 4977/1637/3951 4978/1638/3951 4976/1639/3951
f 4977/1637/3951 4979/1640/3951 4978/1638/3951
f 4981/1641/3952 4982/1642/3953 4980/1643/3953
f 4981/1641/3952 4983/1644/3952 4982/1642/3952
f 4985/1645/3954 4986/1646/3954 4984/1647/3954
f 4985/1645/3954 4987/1648/3954 4986/1646/3954
f 4989/1649/3955 4990/1650/3955 4988/1651/3956
f 4989/1649/3955 4991/1652/3955 4990/1650/3955
f 4993/1653/3957 4994/1654/3957 4992/1655/3957
f 4993/1653/3957 4995/1656/3957 4994/1654/3957
f 4997/1657/3958 4998/1658/3958 4996/1659/3958
f 4997/1657/3958 4999/1660/3958 4998/1658/3958
f 5001/1661/3959 5002/1662/3959 5000/1663/3959
f 5001/1661/3959 5003/1664/3959 5002/1662/3959
f 5005/1665/3960 5006/1666/3960 5004/1667/3960
f 5005/1665/3960 5007/1668/3960 5006/1666/3960
f 5009/1669/3961 5010/1670/3961 5008/1671/3961
f 5009/1669/3962 5011/1672/3962 5010/1670/3962
f 5013/1673/3963 5014/1674/3963 5012/1675/3963
f 5013/1673/3963 5015/1676/3963 5014/1674/3963
f 5017/1677/3964 5018/1678/3964 5016/1679/3964
f 5017/1677/3965 5019/1680/3965 5018/1678/3965
f 5021/1681/3966 5022/1682/3966 5020/1683/3966
f 5021/1681/3966 5023/1684/3966 5022/1682/3966
f 5025/1685/3967 5026/1686/3968 5024/1687/3969
f 5025/1685/3967 5027/1688/3967 5026/1686/3970
f 5029/1689/3971 5030/1686/3970 5028/1690/3971
f 5029/1689/3971 5031/1687/3969 5030/1686/3970
f 5033/1691/3972 5034/1692/3972 5032/1693/3972
f 5033/1691/3973 5035/1694/3973 5034/1692/3974
f 5037/1695/3975 5038/1696/3975 5036/1697/3975
f 5037/1695/3976 5039/1698/3976 5038/1696/3976
f 5041/1699/3977 5042/1700/3978 5040/1701/3978
f 5041/1699/3978 5043/1702/3978 5042/1700/3978
f 5045/1703/3979 5046/1704/3979 5044/1705/3979
f 5045/1703/3980 5047/1706/3980 5046/1704/3980
f 5049/1707/3981 5050/1708/3981 5048/1709/3981
f 5049/1707/3982 5051/1710/3983 5050/1708/3984
f 5053/1711/3985 5054/1712/3985 5052/1713/3985
f 5053/1711/3985 5055/1714/3985 5054/1712/3985
f 5057/1715/3986 5058/1716/3987 5056/1717/3987
f 5057/1715/3988 5059/1718/3988 5058/1716/3988
f 5061/1719/3989 5062/1720/3989 5060/1721/3989
f 5061/1719/3989 5063/1722/3990 5062/1720/3990
f 5065/1723/3991 5066/1724/3991 5064/1725/3991
f 5065/1723/3992 5067/1726/3992 5066/1724/3992
f 5069/1727/3993 5070/1728/3993 5068/1729/3993
f 5069/1727/3994 5071/1730/3994 5070/1728/3994
f 5073/1731/3995 5074/1732/3996 5072/1733/3995
f 5073/1731/3995 5075/1734/3995 5074/1732/3995
f 5077/1735/3997 5078/1736/3997 5076/1737/3997
f 5077/1735/3997 5079/1738/3997 5078/1736/3997
f 5081/1739/3998 5082/1740/3998 5080/1741/3998
f 5081/1739/3999 5083/1742/3999 5082/1740/3999
f 5085/1743/4000 5086/1744/4000 5084/1745/4000
f 5085/1743/4001 5087/1746/4001 5086/1744/4001
f 5089/1747/4002 5090/1748/4002 5088/1749/4002
f 5089/1747/4002 5091/1750/4002 5090/1748/4002
f 5093/1751/4003 5094/1752/4003 5092/1753/4003
f 5093/1751/4004 5095/1754/4004 5094/1752/4004
f 5097/1755/4005 5098/1756/4005 5096/1757/4005
f 5097/1755/4006 5099/1758/4006 5098/1756/4006
f 5101/1759/4007 5102/1760/4007 5100/1761/4007
f 5101/1759/4007 5103/1762/4007 5102/1760/4007
f 5105/1763/4008 5106/1764/4008 5104/1765/4008
f 5105/1763/4008 5107/1766/4008 5106/1764/4008
f 5109/1767/4009 5110/1768/4009 5108/1769/4009
f 5109/1767/4009 5111/1770/4009 5110/1768/4009
f 5113/1771/4010 5114/1772/4010 5112/1773/4010
f 5113/1771/4010 5115/1774/4010 5114/1772/4011
f 5117/1775/141 4821/1494/141 5116/1776/141
f 5119/1777/141 5120/1778/141 5118/1779/141
f 5119/1777/141 5121/1780/141 5120/1778/141
f 5123/1781/141 5124/1782/141 5122/1783/141
f 5124/1782/141 5125/1784/141 5122/1783/141
f 5124/1782/141 5126/1785/141 5125/1784/141
f 5128/1786/141 5129/1787/141 5127/1788/141
f 5128/1786/141 5130/1789/141 5129/1787/141
f 5131/1790/141 5132/1791/141 5128/1786/141
f 5116/1776/141 5132/1791/141 5131/1790/141
f 5134/1792/141 5135/1793/141 5133/1794/141
f 5137/1795/141 5138/1796/141 5136/1797/141
f 5140/1798/141 5141/1799/141 5139/1800/141
f 5142/1801/141 5143/1802/141 4782/1452/141
f 5145/1803/141 5146/1804/141 5144/1805/141
f 5148/1806/141 5133/1794/141 5147/1807/141
f 5150/1808/141 5151/1809/141 5149/1810/141
f 5150/1808/141 5152/1811/141 5151/1809/141
f 5154/1812/4012 5155/1813/4012 5153/1814/4012
f 5154/1812/4012 5156/1815/4012 5155/1813/4012
f 5158/1816/1074 5159/1817/1074 5157/1818/1074
f 5161/1819/1074 5162/1820/1074 5160/1821/1074
f 5161/1819/1074 5163/1822/1074 5162/1820/1074
f 5165/1823/1074 5166/1824/1074 5164/1825/1074
f 5165/1823/1074 5167/1826/1074 5166/1824/1074
f 5169/1827/1074 5166/1824/1074 5168/1828/1074
f 5169/1827/1074 5164/1825/1074 5166/1824/1074
f 5171/1829/1074 5172/1830/1074 5170/1831/1074
f 5171/1829/1074 5162/1820/1074 5172/1830/1074
f 5170/1831/1074 5174/1832/1074 5173/1833/1074
f 5176/1834/1074 5177/1835/1074 5175/1836/1074
f 5179/1837/4013 5180/1838/4014 5178/1839/4013
f 5179/1837/4013 5181/1840/4015 5180/1838/4014
f 5183/1841/4016 5184/1840/4017 5182/1842/4016
f 5183/1841/4016 5185/1838/4018 5184/1840/4017
f 5187/1843/4019 5188/1844/4019 5186/1845/4019
f 5187/1843/4020 5189/1846/4020 5188/1844/4020
f 5191/1847/4021 5192/1848/4022 5190/1849/4021
f 5191/1847/4022 5193/1850/4022 5192/1848/4022
f 5195/1851/4023 5196/1852/4023 5194/1853/4023
f 5195/1851/4023 5197/1854/4023 5196/1852/4023
f 5199/1855/4024 5200/1856/4025 5198/1857/4026
f 5199/1855/4027 5201/1858/4027 5200/1856/4025
f 5203/1856/4028 5204/1859/4029 5202/1857/4030
f 5203/1856/4028 5205/1860/4029 5204/1859/4029
f 5207/1861/4031 5208/1862/4032 5206/1863/4033
f 5207/1861/4031 5209/1864/4034 5208/1862/4032
f 5211/1863/4035 5212/1865/4036 5210/1866/4036
f 5211/1863/4037 5213/1862/4032 5212/1865/4036
f 5215/1867/4038 5216/1868/4039 5214/1869/4038
f 5215/1867/4038 5217/1870/4040 5216/1868/4039
f 5219/1870/4041 5220/1871/4042 5218/1868/4043
f 5219/1870/4044 5221/1872/4045 5220/1871/4042
f 5223/1873/4046 5224/1874/4046 5222/1875/4046
f 5223/1873/4046 5225/1876/4046 5224/1874/4046
f 5227/1877/4047 5228/1878/4048 5226/1879/4049
f 5227/1877/4050 5229/1880/4050 5228/1878/4048
f 5231/1879/4049 5232/1881/4051 5230/1882/4051
f 5231/1879/4049 5233/1878/4052 5232/1881/4051
f 5235/1883/4053 5236/1884/4053 5234/1885/4053
f 5235/1883/4053 5237/1886/4053 5236/1884/4053
f 5239/1887/4054 5240/1888/4055 5238/1889/4054
f 5239/1887/4056 5241/1890/4057 5240/1888/4055
f 5243/1890/4058 5244/1891/4059 5242/1888/4060
f 5243/1890/4058 5245/1892/4059 5244/1891/4059
f 5247/1893/4061 5248/1894/4061 5246/1895/4061
f 5247/1893/4061 5249/1896/4061 5248/1894/4061
f 5250/1897/1074 5176/1834/1074 5175/1836/1074
f 5250/1897/1074 5251/1898/1074 5176/1834/1074
f 5253/1899/4062 5254/1900/4062 5252/1901/4062
f 5253/1899/4063 5255/1902/4063 5254/1900/4063
f 4659/1334/1223 4669/1341/1223 4670/1344/1223
f 4664/1336/1223 5256/1903/1223 4662/1337/1223
f 5257/1904/1223 4678/1351/1223 4676/1348/1223
f 4679/1352/1223 5259/1905/1223 5258/1906/1223
f 5257/1904/1223 5259/1905/1223 4679/1352/1223
f 4661/1333/1223 4660/1332/1223 5260/1907/1223
f 4661/1333/1223 5260/1907/1223 4667/1340/1223
f 4663/1335/1223 4662/1337/1223 4673/1346/1223
f 5262/1908/4064 5263/1909/4064 5261/1910/4064
f 5262/1908/4065 5264/1911/4065 5263/1909/4065
f 5266/1912/4066 5267/1913/4066 5265/1914/4066
f 5266/1912/4067 5268/1915/4066 5267/1913/4066
f 5270/1916/4068 5271/1917/4068 5269/1918/4068
f 5270/1916/4068 5272/1919/4068 5271/1917/4068
f 5274/1920/4069 5275/1921/4069 5273/1922/4069
f 5274/1920/4069 5276/1923/4069 5275/1921/4069
f 4777/1447/141 5277/1924/141 4779/1450/141
f 5278/1925/141 5279/1926/141 4776/1449/141
f 5281/1540/4070 5282/1544/3891 5280/1541/3889
f 5281/1540/4070 5283/1537/4071 5282/1544/3891
f 4790/1463/141 4792/1462/141 5284/1927/141
f 4795/1465/141 5285/1928/141 4793/1466/141
f 5285/1928/141 4788/1458/141 4793/1466/141
f 4787/1460/141 4789/1459/141 5142/1801/141
f 4803/1473/141 4805/1476/141 4801/1474/141
f 4814/1484/141 5287/1929/141 5286/1930/141
f 4814/1484/141 5288/1931/141 5287/1929/141
f 5290/1932/141 5291/1933/141 5289/1934/141
f 5290/1932/141 5289/1934/141 4804/1475/141
f 5293/1935/141 5294/1936/141 5292/1937/141
f 5293/1935/141 5295/1938/141 5294/1936/141
f 5297/1939/4072 5298/1940/4073 5296/1941/4072
f 5297/1939/4074 5299/1942/4074 5298/1940/4074
f 5301/1943/4075 5302/1944/4075 5300/1945/4075
f 5301/1943/4076 5303/1946/4076 5302/1944/4076
f 5305/1947/141 5145/1803/141 5304/1948/141
f 5306/1949/141 5307/1950/141 5305/1947/141
f 5304/1948/141 5309/1951/141 5308/1952/141
f 5141/1799/141 5294/1936/141 5310/1953/141
f 5141/1799/141 5292/1937/141 5294/1936/141
f 5312/1954/141 5150/1808/141 5311/1955/141
f 5312/1954/141 5152/1811/141 5150/1808/141
f 5144/1805/141 5309/1951/141 5145/1803/141
f 5314/1956/141 4829/1499/141 5313/1957/141
f 5159/1817/1074 5315/1958/1074 5157/1818/1074
f 5158/1816/1074 5317/1959/1074 5316/1960/1074
f 5319/1961/1074 5320/1962/1074 5318/1963/1074
f 5167/1826/1074 5165/1823/1074 5319/1961/1074
f 5315/1958/1074 5320/1962/1074 5157/1818/1074
f 5322/1872/4045 5323/1964/4077 5321/1871/4078
f 5322/1872/4045 5324/1965/4079 5323/1964/4077
f 5326/1966/1074 5327/1967/1074 5325/1968/1074
f 5326/1966/1074 5328/1969/1074 5327/1967/1074
f 5330/1970/1074 5250/1897/1074 5329/1971/1074
f 5330/1970/1074 5251/1898/1074 5250/1897/1074
f 5332/1972/1074 5333/1973/1074 5331/1974/1074
f 5335/1975/4080 5336/1976/4080 5334/1977/4080
f 5335/1975/4081 5337/1978/4082 5336/1976/4081
f 4678/1351/1223 5257/1904/1223 4679/1352/1223
f 5339/1979/1223 5340/1980/1223 5338/1981/1223
f 5339/1979/1223 5341/1982/1223 5340/1980/1223
f 4777/1447/141 5342/1983/141 5277/1924/141
f 4794/1464/141 5284/1927/141 5343/1984/141
f 4797/1467/141 5284/1927/141 4794/1464/141
f 5344/1985/141 5345/1986/141 5289/1934/141
f 5344/1985/141 5346/1987/141 5345/1986/141
f 5289/1934/141 5347/1988/141 5277/1924/141
f 5277/1924/141 5342/1983/141 5311/1955/141
f 5286/1930/141 4818/1489/141 4812/1485/141
f 5117/1775/141 5131/1790/141 5348/1989/141
f 5117/1775/141 5116/1776/141 5131/1790/141
f 4821/1494/141 5349/1990/141 5116/1776/141
f 4821/1494/141 5350/1991/141 5349/1990/141
f 5352/1992/4083 5353/1993/4083 5351/1994/4083
f 5352/1992/4084 5354/1995/4084 5353/1993/4083
f 4776/1449/141 4820/1491/141 5278/1925/141
f 4776/1449/141 4778/1448/141 4820/1491/141
f 4801/1474/141 5355/1996/141 4802/1472/141
f 4801/1474/141 5346/1987/141 5355/1996/141
f 5356/1997/141 4817/1487/141 5286/1930/141
f 5286/1930/141 4812/1485/141 4814/1484/141
f 5141/1799/141 5310/1953/141 5139/1800/141
f 5344/1985/141 4812/1485/141 5355/1996/141
f 5344/1985/141 4813/1483/141 4812/1485/141
f 4781/1451/141 4780/1453/141 4798/1469/141
f 4829/1499/141 5314/1956/141 4830/1500/141
f 5358/1998/4085 5359/1999/4085 5357/2000/4086
f 5358/1998/4086 5360/2001/4086 5359/1999/4086
f 4780/1453/141 4782/1452/141 5143/1802/141
f 5277/1924/141 5347/1988/141 4779/1450/141
f 5348/1989/141 5361/2002/141 5117/1775/141
f 5132/1791/141 5130/1789/141 5128/1786/141
f 5363/2003/1344 5364/2004/1344 5362/2005/1344
f 5363/2003/1344 5365/2006/1344 5364/2004/1344
f 5317/1959/1074 5168/1828/1074 5316/1960/1074
f 5317/1959/1074 5169/1827/1074 5168/1828/1074
f 4783/1456/141 5367/2007/141 5366/2008/141
f 4763/1435/1223 5369/2009/1223 5368/2010/1223
f 5349/1990/141 5118/1779/141 5123/1781/141
f 4806/1479/141 5370/2011/141 5291/1933/141
f 4659/1334/1223 4670/1344/1223 4660/1332/1223
f 5138/1796/141 5144/1805/141 5146/1804/141
f 5372/2012/4087 5373/2013/4087 5371/2014/4087
f 5372/2012/4087 5374/2015/4087 5373/2013/4087
f 5163/1822/1074 5172/1830/1074 5162/1820/1074
f 5173/1833/1074 5159/1817/1074 5170/1831/1074
f 5173/1833/1074 5315/1958/1074 5159/1817/1074
f 5345/1986/141 4804/1475/141 5289/1934/141
f 4805/1476/141 4804/1475/141 5345/1986/141
f 5119/1777/141 5118/1779/141 5349/1990/141
f 4666/1338/1223 4765/1436/1223 4665/1339/1223
f 5375/2016/1223 4669/1341/1223 4668/1342/1223
f 5377/2017/141 5378/2018/141 5376/2019/141
f 5377/2017/141 5379/2020/141 5378/2018/141
f 5376/2019/141 5380/2021/141 5377/2017/141
f 5379/2020/141 5381/2022/141 5378/2018/141
f 4775/1445/1223 4666/1338/1223 4774/1446/1223
f 4666/1338/1223 4667/1340/1223 4774/1446/1223
f 4664/1336/1223 4774/1446/1223 5256/1903/1223
f 5319/1961/1074 5382/2023/1074 5320/1962/1074
f 5319/1961/1074 5165/1823/1074 5382/2023/1074
f 5177/1835/1074 5384/2024/1074 5383/2025/1074
f 5160/1821/1074 5385/2026/1074 5161/1819/1074
f 5149/1810/141 5151/1809/141 5143/1802/141
f 5142/1801/141 5149/1810/141 5143/1802/141
f 5142/1801/141 4789/1459/141 5149/1810/141
f 5304/1948/141 5145/1803/141 5309/1951/141
f 5307/1950/141 5386/2027/141 5305/1947/141
f 5305/1947/141 5386/2027/141 5145/1803/141
f 5146/1804/141 5387/2028/141 5138/1796/141
f 5138/1796/141 5387/2028/141 5136/1797/141
f 5367/2007/141 4780/1453/141 5143/1802/141
f 5367/2007/141 4785/1455/141 4780/1453/141
f 5367/2007/141 4783/1456/141 4785/1455/141
f 4795/1465/141 5389/2029/141 5388/2030/141
f 4795/1465/141 4794/1464/141 5389/2029/141
f 4794/1464/141 4793/1466/141 4796/1468/141
f 5292/1937/141 5390/2031/141 5293/1935/141
f 5148/1806/141 5294/1936/141 5295/1938/141
f 5148/1806/141 5295/1938/141 5133/1794/141
f 5135/1793/141 5147/1807/141 5133/1794/141
f 4811/1482/141 5391/2032/141 4808/1478/141
f 4811/1482/141 4808/1478/141 4809/1480/141
f 4810/1481/141 5393/2033/141 5392/2034/141
f 4810/1481/141 5392/2034/141 5356/1997/141
f 5123/1781/141 5118/1779/141 5124/1782/141
f 5366/2008/141 5342/1983/141 5394/2035/141
f 5366/2008/141 5367/2007/141 5342/1983/141
f 5367/2007/141 5312/1954/141 5311/1955/141
f 5342/1983/141 5367/2007/141 5311/1955/141
f 5370/2011/141 5395/2036/141 5347/1988/141
f 5291/1933/141 5370/2011/141 5347/1988/141
f 5347/1988/141 5289/1934/141 5291/1933/141
f 4786/1457/141 4784/1454/141 5343/1984/141
f 4784/1454/141 5396/2037/141 5343/1984/141
f 5285/1928/141 4789/1459/141 4788/1458/141
f 4813/1483/141 4789/1459/141 5285/1928/141
f 4813/1483/141 5344/1985/141 4789/1459/141
f 5355/1996/141 5346/1987/141 5344/1985/141
f 4660/1332/1223 5256/1903/1223 5260/1907/1223
f 4660/1332/1223 4662/1337/1223 5256/1903/1223
f 4681/1353/1223 4680/1355/1223 5397/2038/1223
f 4681/1353/1223 5397/2038/1223 4763/1435/1223
f 5399/2039/1223 5400/2040/1223 5398/2041/1223
f 5369/2009/1223 5398/2041/1223 5368/2010/1223
f 5368/2010/1223 4764/1434/1223 4763/1435/1223
f 5398/2041/1223 5369/2009/1223 5399/2039/1223
f 5317/1959/1074 5158/1816/1074 5157/1818/1074
f 5401/2042/1074 5318/1963/1074 5320/1962/1074
f 5315/1958/1074 5401/2042/1074 5320/1962/1074
f 5402/2043/1074 5318/1963/1074 5401/2042/1074
f 5385/2026/1074 5402/2043/1074 5161/1819/1074
f 5333/1973/1074 5326/1966/1074 5403/2044/1074
f 5403/2044/1074 5331/1974/1074 5333/1973/1074
f 5326/1966/1074 5325/1968/1074 5403/2044/1074
f 5329/1971/1074 5404/2045/1074 5330/1970/1074
f 4674/1347/1223 4665/1339/1223 4765/1436/1223
f 4674/1347/1223 5375/2016/1223 4668/1342/1223
f 5350/1991/141 5119/1777/141 5349/1990/141
f 4807/1477/141 4806/1479/141 5291/1933/141
f 4803/1473/141 5291/1933/141 4804/1475/141
f 4803/1473/141 4807/1477/141 5291/1933/141
f 4817/1487/141 4818/1489/141 5286/1930/141
f 5286/1930/141 4810/1481/141 5356/1997/141
f 5286/1930/141 4811/1482/141 4810/1481/141
f 5405/2046/141 5376/2019/141 5378/2018/141
f 5405/2046/141 4823/1493/141 5376/2019/141
f 5350/1991/141 4823/1493/141 5405/2046/141
f 5350/1991/141 4821/1494/141 4823/1493/141
f 5405/2046/141 5406/2047/141 5350/1991/141
f 4792/1462/141 4786/1457/141 5343/1984/141
f 5284/1927/141 4792/1462/141 5343/1984/141
f 5170/1831/1074 5407/2048/1074 5174/1832/1074
f 5170/1831/1074 5172/1830/1074 5407/2048/1074
f 5177/1835/1074 5408/2049/1074 5175/1836/1074
f 5383/2025/1074 5409/2050/1074 5408/2049/1074
f 5177/1835/1074 5383/2025/1074 5408/2049/1074
f 5329/1971/1074 5411/2051/1074 5410/2052/1074
f 5413/2053/278 5414/2054/278 5412/2055/278
f 5413/2053/278 5415/2056/278 5414/2054/278
f 5412/2055/278 5416/2057/278 5413/2053/278
f 5418/2058/278 5415/2056/278 5417/2059/278
f 5418/2058/278 5414/2054/278 5415/2056/278
f 5420/2060/278 5421/2061/278 5419/2062/278
f 5420/2060/278 5422/2063/278 5421/2061/278
f 5424/2064/4088 5425/2065/4088 5423/2066/4088
f 5424/2064/4088 5426/2067/4088 5425/2065/4088
f 5428/2068/4089 5429/2069/4089 5427/2070/4089
f 5428/2068/4090 5430/2071/4091 5429/2069/4091
f 5432/2072/4092 5433/2073/4092 5431/2074/4092
f 5432/2072/4093 5434/2075/4093 5433/2073/4093
f 5436/2076/4094 5437/2077/4094 5435/2078/4094
f 5436/2076/4095 5438/2079/4095 5437/2077/4095
f 5440/2080/4096 5441/2081/4096 5439/2082/4096
f 5440/2080/4097 5442/2083/4097 5441/2081/4097
f 5444/2084/4098 5445/2085/4098 5443/2086/4098
f 5444/2084/4098 5446/2087/4098 5445/2085/4098
f 5448/2088/4099 5449/2089/4099 5447/2090/4099
f 5448/2088/4099 5450/2091/4100 5449/2089/4099
f 5452/2092/4101 5453/2093/4101 5451/2094/4101
f 5452/2092/4101 5454/2095/4101 5453/2093/4101
f 5456/2096/4102 5457/2097/4103 5455/2098/4102
f 5456/2096/4102 5458/2099/4104 5457/2097/4105
f 5460/2099/4106 5461/2100/4107 5459/2097/4103
f 5460/2099/4106 5462/2101/4107 5461/2100/4107
f 5464/2102/4108 5465/2103/4108 5463/2104/4108
f 5464/2102/4108 5466/2105/4108 5465/2103/4108
f 5468/2106/4109 5469/2107/4110 5467/2108/4110
f 5468/2106/4109 5470/2109/4111 5469/2107/4110
f 5472/2110/4112 5473/2109/4113 5471/2106/4109
f 5472/2110/4112 5474/2111/4112 5473/2109/4114
f 5476/2112/4115 5477/2113/4115 5475/2114/4115
f 5476/2112/4115 5478/2115/4115 5477/2113/4115
f 5480/2116/4116 5481/2117/4116 5479/2118/4116
f 5480/2116/4116 5482/2119/4116 5481/2117/4116
f 5484/2120/4117 5485/2121/4117 5483/2122/4117
f 5484/2120/4118 5486/2123/4117 5485/2121/4117
f 5488/2124/4119 5489/2125/4119 5487/2126/4119
f 5488/2124/4119 5490/2127/4119 5489/2125/4119
f 5492/2128/4120 5493/2129/4121 5491/2130/4121
f 5492/2128/4120 5494/2131/4120 5493/2129/4120
f 5496/2132/4122 5497/2133/4122 5495/2134/4122
f 5496/2132/4122 5498/2135/4122 5497/2133/4122
f 5500/2136/4123 5501/2137/4123 5499/2138/4123
f 5500/2136/4124 5502/2139/4124 5501/2137/4124
f 5504/2140/4125 5505/2141/4125 5503/2142/4125
f 5504/2140/4126 5506/2143/4126 5505/2141/4126
f 5508/2144/4127 5509/2145/4127 5507/2146/4127
f 5508/2144/4127 5510/2147/4127 5509/2145/4127
f 5512/2148/4128 5513/2149/4128 5511/2150/4128
f 5512/2148/4128 5514/2151/4128 5513/2149/4128
f 5516/2152/4129 5517/2153/4129 5515/2154/4129
f 5516/2152/4130 5518/2155/4131 5517/2153/4130
f 5520/2156/4132 5521/2157/4132 5519/2158/4132
f 5520/2156/4133 5522/2159/4133 5521/2157/4133
f 5524/2160/4134 5525/2161/4134 5523/2162/4134
f 5524/2160/4135 5526/2163/4135 5525/2161/4135
f 5528/2164/4136 5529/2165/4136 5527/2166/4136
f 5528/2164/4137 5530/2167/4137 5529/2165/4137
f 5532/2168/4138 5533/2169/4138 5531/2170/4138
f 5532/2168/4138 5534/2171/4138 5533/2169/4138
f 5536/2172/4139 5537/2173/4140 5535/2174/4140
f 5536/2172/4141 5538/2175/4141 5537/2173/4141
f 5540/2176/4142 5541/2177/4142 5539/2178/4142
f 5540/2176/4143 5542/2179/4143 5541/2177/4142
f 5544/2180/4144 5545/2181/4144 5543/2182/4144
f 5544/2180/4145 5546/2183/4145 5545/2181/4144
f 5548/2184/4146 5549/2185/4146 5547/2186/4146
f 5548/2184/4146 5550/2187/4146 5549/2185/4146
f 5552/2188/4147 5553/2189/4147 5551/2190/4147
f 5552/2188/4148 5554/2191/4147 5553/2189/4147
f 5556/2192/4149 5557/2193/4149 5555/2194/4149
f 5556/2192/4150 5558/2195/4150 5557/2193/4150
f 5560/2196/4151 5561/2197/4151 5559/2198/4151
f 5560/2196/4151 5562/2199/4151 5561/2197/4151
f 5564/2200/4152 5565/2201/4152 5563/2202/4152
f 5564/2200/4153 5566/2203/4153 5565/2201/4153
f 5568/2204/4154 5569/2205/4154 5567/2206/4154
f 5568/2204/4155 5570/2207/4155 5569/2205/4155
f 5572/2208/4156 5573/2209/4157 5571/2210/4157
f 5572/2208/4157 5574/2211/4157 5573/2209/4157
f 5576/2212/4158 5577/2213/4158 5575/2214/4158
f 5576/2212/4158 5578/2215/4158 5577/2213/4158
f 5580/2216/4159 5581/2217/4159 5579/2218/4159
f 5580/2216/4160 5582/2219/4159 5581/2217/4160
f 5584/2220/4161 5585/2221/4161 5583/2222/4161
f 5584/2220/4161 5586/2223/4161 5585/2221/4161
f 5588/2224/4162 5589/2225/4162 5587/2226/4162
f 5588/2224/4162 5590/2227/4162 5589/2225/4162
f 5592/2228/4163 5593/2229/4163 5591/2230/4163
f 5592/2228/4163 5594/2231/4163 5593/2229/4163
f 5596/2232/4164 5597/2233/4164 5595/2234/4164
f 5596/2232/4165 5598/2235/4165 5597/2233/4165
f 5600/2236/4166 5601/2237/4166 5599/2238/4166
f 5600/2236/4167 5602/2239/4167 5601/2237/4167
f 5604/2240/4168 5605/2241/4168 5603/2242/4168
f 5604/2240/4169 5606/2243/4169 5605/2241/4169
f 5608/2244/4170 5609/2245/4170 5607/2246/4170
f 5608/2244/4171 5610/2247/4171 5609/2245/4171
f 5612/2248/4172 5613/2249/4172 5611/2250/4172
f 5612/2248/4172 5614/2251/4172 5613/2249/4172
f 5616/2252/4173 5617/2253/4173 5615/2254/4173
f 5616/2252/4174 5618/2255/4174 5617/2253/4174
f 5620/2256/4175 5621/2257/4175 5619/2258/4175
f 5620/2256/4175 5622/2259/4175 5621/2257/4175
f 5624/2260/4176 5625/2261/4176 5623/2262/4177
f 5624/2260/4178 5626/2263/4178 5625/2261/4178
f 5628/2264/4179 5629/2265/4179 5627/2266/4179
f 5628/2264/4179 5630/2267/4179 5629/2265/4179
f 5632/2268/4180 5633/2269/4180 5631/2270/4180
f 5632/2268/4180 5634/2271/4180 5633/2269/4180
f 5636/2272/4181 5637/2273/4181 5635/2274/4181
f 5636/2272/4182 5638/2275/4182 5637/2273/4182
f 5640/2276/4183 5641/2277/4183 5639/2278/4184
f 5640/2276/4185 5642/2279/4185 5641/2277/4185
f 5644/2280/4186 5645/2281/4186 5643/2282/4187
f 5644/2280/4188 5646/2283/4188 5645/2281/4188
f 5648/2284/4189 5649/2285/4189 5647/2286/4189
f 5648/2284/4189 5650/2287/4189 5649/2285/4189
f 5652/2288/4190 5653/2289/4190 5651/2290/4190
f 5652/2288/4190 5654/2291/4190 5653/2289/4190
f 5656/2292/4191 5657/2293/4191 5655/2294/4191
f 5656/2292/4191 5658/2295/4191 5657/2293/4191
f 5660/2296/4192 5661/2297/4192 5659/2298/4192
f 5660/2296/4192 5662/2299/4192 5661/2297/4192
f 5664/2300/4193 5665/2301/4193 5663/2302/4193
f 5664/2300/4193 5666/2303/4193 5665/2301/4193
f 5668/2304/4194 5669/2305/4194 5667/2306/4194
f 5668/2304/4194 5670/2307/4194 5669/2305/4194
f 5672/2308/278 5673/2309/278 5671/2310/278
f 5675/2311/4195 5676/2312/4195 5674/2313/4195
f 5675/2311/4195 5677/2314/4195 5676/2312/4195
f 5679/2315/278 5680/2316/278 5678/2317/278
f 5681/2318/278 5682/2319/278 5679/2315/278
f 5684/2320/278 5685/2321/278 5683/2322/278
f 5687/2323/278 5688/2324/278 5686/2325/278
f 5687/2323/278 5689/2326/278 5688/2324/278
f 5691/2327/278 5692/2328/278 5690/2329/278
f 5691/2327/278 5693/2330/278 5692/2328/278
f 5695/2331/278 5696/2332/278 5694/2333/278
f 5695/2331/278 5697/2334/278 5696/2332/278
f 5699/2335/278 5700/2336/278 5698/2337/278
f 5702/2338/278 5703/2339/278 5701/2340/278
f 5702/2338/278 5704/2341/278 5703/2339/278
f 5706/2342/278 5707/2343/278 5705/2344/278
f 5709/2345/4196 5710/2346/4196 5708/2347/4196
f 5709/2345/4196 5711/2348/4196 5710/2346/4196
f 5713/2349/4197 5714/2350/4197 5712/2351/4197
f 5713/2349/4197 5715/2352/4197 5714/2350/4197
f 5717/2353/4198 5718/2354/4198 5716/2355/4198
f 5717/2353/4198 5719/2356/4198 5718/2354/4198
f 5721/2357/4199 5722/2358/4199 5720/2359/4199
f 5721/2357/4200 5723/2360/4200 5722/2358/4200
f 5725/2361/4201 5726/2362/4201 5724/2363/4201
f 5725/2361/4202 5727/2364/4202 5726/2362/4202
f 5729/2365/4203 5730/2366/4203 5728/2367/4203
f 5729/2365/4204 5731/2368/4204 5730/2366/4204
f 5733/2369/4205 5734/2370/4205 5732/2371/4205
f 5733/2369/4205 5735/2372/4205 5734/2370/4205
f 5737/2373/4206 5738/2374/4206 5736/2375/4206
f 5737/2373/4206 5739/2376/4206 5738/2374/4206
f 5741/2377/4207 5742/2378/4207 5740/2379/4207
f 5741/2377/4207 5743/2380/4208 5742/2378/4208
f 5745/2381/4209 5746/2382/4209 5744/2383/4209
f 5745/2381/4209 5747/2384/4209 5746/2382/4209
f 5749/2385/4210 5750/2386/4210 5748/2387/4210
f 5749/2385/4211 5751/2388/4211 5750/2386/4211
f 5753/2389/278 5754/2390/278 5752/2391/278
f 5756/2392/278 5757/2393/278 5755/2394/278
f 5759/2395/278 5760/2396/278 5758/2397/278
f 5762/2398/278 5763/2399/278 5761/2400/278
f 5762/2398/278 5764/2401/278 5763/2399/278
f 5766/2402/4212 5767/2403/4212 5765/2404/4212
f 5766/2402/4213 5768/2405/4213 5767/2403/4213
f 5416/2057/278 5770/2406/278 5769/2407/278
f 5690/2329/278 5687/2323/278 5771/2408/278
f 5690/2329/278 5689/2326/278 5687/2323/278
f 5773/2409/278 5774/2410/278 5772/2411/278
f 5773/2409/278 5775/2412/278 5774/2410/278
f 5777/2413/4214 5778/2414/4214 5776/2415/4214
f 5777/2413/4214 5779/2416/4214 5778/2414/4214
f 5781/2417/278 5782/2418/278 5780/2419/278
f 5784/2420/4215 5785/2421/4215 5783/2422/4215
f 5784/2420/4216 5786/2423/4215 5785/2421/4215
f 5788/2424/4217 5789/2425/4217 5787/2426/4217
f 5788/2424/4217 5790/2427/4217 5789/2425/4217
f 5682/2319/278 5681/2318/278 5791/2428/278
f 5679/2315/278 5682/2319/278 5792/2429/278
f 5793/2430/278 5682/2319/278 5791/2428/278
f 5794/2431/278 5793/2430/278 5791/2428/278
f 5795/2432/278 5794/2431/278 5791/2428/278
f 5795/2432/278 5796/2433/278 5794/2431/278
f 5795/2432/278 5797/2434/278 5771/2408/278
f 5795/2432/278 5771/2408/278 5796/2433/278
f 5798/2435/278 5797/2434/278 5795/2432/278
f 5799/2436/278 5800/2437/278 5774/2410/278
f 5775/2412/278 5802/2438/278 5801/2439/278
f 5799/2436/278 5775/2412/278 5801/2439/278
f 5799/2436/278 5774/2410/278 5775/2412/278
f 5804/2440/4218 5805/2441/4218 5803/2442/4218
f 5804/2440/4218 5806/2443/4218 5805/2441/4218
f 5672/2308/278 5808/2444/278 5807/2445/278
f 5810/2446/278 5681/2318/278 5809/2447/278
f 5810/2446/278 5811/2448/278 5681/2318/278
f 5813/2449/278 5680/2316/278 5812/2450/278
f 5814/2451/278 5815/2452/278 5812/2450/278
f 5416/2057/278 5671/2310/278 5816/2453/278
f 5416/2057/278 5816/2453/278 5413/2053/278
f 5818/2454/278 5417/2059/278 5817/2455/278
f 5818/2454/278 5418/2058/278 5417/2059/278
f 5820/2456/278 5821/2457/278 5819/2458/278
f 5821/2457/278 5822/2459/278 5819/2458/278
f 5820/2456/278 5823/2460/278 5821/2457/278
f 5825/2461/278 5823/2460/278 5824/2462/278
f 5825/2461/278 5826/2463/278 5823/2460/278
f 5823/2460/278 5826/2463/278 5821/2457/278
f 5826/2463/278 5827/2464/278 5821/2457/278
f 5829/2465/278 5830/2466/278 5828/2467/278
f 5829/2465/278 5831/2468/278 5830/2466/278
f 5833/2469/278 5834/2470/278 5832/2471/278
f 5834/2470/278 5835/2472/278 5832/2471/278
f 5836/2473/278 5837/2474/278 5758/2397/278
f 5760/2396/278 5836/2473/278 5758/2397/278
f 5836/2473/278 5838/2475/278 5837/2474/278
f 5837/2474/278 5832/2471/278 5758/2397/278
f 5837/2474/278 5833/2469/278 5832/2471/278
f 5836/2473/278 5839/2476/278 5838/2475/278
f 5839/2476/278 5840/2477/278 5838/2475/278
f 5839/2476/278 5841/2478/278 5840/2477/278
f 5839/2476/278 5842/2479/278 5841/2478/278
f 5700/2336/278 5843/2480/278 5698/2337/278
f 5843/2480/278 5844/2481/278 5698/2337/278
f 5813/2449/278 5809/2447/278 5678/2317/278
f 5679/2315/278 5792/2429/278 5680/2316/278
f 5813/2449/278 5678/2317/278 5680/2316/278
f 5845/2482/278 5819/2458/278 5814/2451/278
f 5845/2482/278 5820/2456/278 5819/2458/278
f 5845/2482/278 5814/2451/278 5812/2450/278
f 5680/2316/278 5845/2482/278 5812/2450/278
f 5687/2323/278 5796/2433/278 5771/2408/278
f 5846/2483/278 5769/2407/278 5683/2322/278
f 5797/2434/278 5848/2484/278 5847/2485/278
f 5797/2434/278 5798/2435/278 5848/2484/278
f 5757/2393/278 5849/2486/278 5755/2394/278
f 5757/2393/278 5850/2487/278 5849/2486/278
f 5850/2487/278 5851/2488/278 5849/2486/278
f 5757/2393/278 5852/2489/278 5850/2487/278
f 5851/2488/278 5853/2490/278 5849/2486/278
f 5851/2488/278 5854/2491/278 5853/2490/278
f 5854/2491/278 5855/2492/278 5853/2490/278
f 5855/2492/278 5856/2493/278 5853/2490/278
f 5421/2061/278 5858/2494/278 5857/2495/278
f 5419/2062/278 5421/2061/278 5857/2495/278
f 5689/2326/278 5690/2329/278 5692/2328/278
f 5689/2326/278 5692/2328/278 5764/2401/278
f 5762/2398/278 5857/2495/278 5764/2401/278
f 5762/2398/278 5419/2062/278 5857/2495/278
f 5857/2495/278 5689/2326/278 5764/2401/278
f 5846/2483/278 5798/2435/278 5769/2407/278
f 5769/2407/278 5859/2496/278 5683/2322/278
f 5798/2435/278 5811/2448/278 5769/2407/278
f 5795/2432/278 5860/2497/278 5811/2448/278
f 5798/2435/278 5795/2432/278 5811/2448/278
f 5684/2320/278 5847/2485/278 5848/2484/278
f 5685/2321/278 5846/2483/278 5683/2322/278
f 5684/2320/278 5848/2484/278 5685/2321/278
f 5422/2063/278 5420/2060/278 5861/2498/278
f 5862/2499/278 5422/2063/278 5861/2498/278
f 5420/2060/278 5684/2320/278 5861/2498/278
f 5684/2320/278 5683/2322/278 5861/2498/278
f 5864/2500/278 5865/2501/278 5863/2502/278
f 5865/2501/278 5867/2503/278 5866/2504/278
f 5865/2501/278 5864/2500/278 5867/2503/278
f 5772/2411/278 5866/2504/278 5773/2409/278
f 5772/2411/278 5865/2501/278 5866/2504/278
f 5867/2503/278 5868/2505/278 5866/2504/278
f 5867/2503/278 5869/2506/278 5868/2505/278
f 5772/2411/278 5870/2507/278 5865/2501/278
f 5866/2504/278 5871/2508/278 5773/2409/278
f 5815/2452/278 5872/2509/278 5816/2453/278
f 5812/2450/278 5815/2452/278 5816/2453/278
f 5671/2310/278 5673/2309/278 5812/2450/278
f 5671/2310/278 5812/2450/278 5816/2453/278
f 5672/2308/278 5807/2445/278 5673/2309/278
f 5672/2308/278 5810/2446/278 5808/2444/278
f 5873/2510/278 5874/2511/278 5868/2505/278
f 5867/2503/278 5875/2512/278 5869/2506/278
f 5869/2506/278 5873/2510/278 5868/2505/278
f 5875/2512/278 5877/2513/278 5876/2514/278
f 5877/2513/278 5878/2515/278 5876/2514/278
f 5875/2512/278 5876/2514/278 5869/2506/278
f 5416/2057/278 5412/2055/278 5770/2406/278
f 5879/2516/278 5880/2517/278 5754/2390/278
f 5882/2518/278 5883/2519/278 5881/2520/278
f 5882/2518/278 5863/2502/278 5883/2519/278
f 5864/2500/278 5863/2502/278 5882/2518/278
f 5880/2517/278 5882/2518/278 5754/2390/278
f 5880/2517/278 5864/2500/278 5882/2518/278
f 5753/2389/278 5879/2516/278 5754/2390/278
f 5878/2515/278 5884/2521/278 5876/2514/278
f 5770/2406/278 5862/2499/278 5861/2498/278
f 5770/2406/278 5885/2522/278 5862/2499/278
f 5861/2498/278 5859/2496/278 5769/2407/278
f 5770/2406/278 5861/2498/278 5769/2407/278
f 5852/2489/278 5887/2523/278 5886/2524/278
f 5852/2489/278 5886/2524/278 5888/2525/278
f 5852/2489/278 5888/2525/278 5850/2487/278
f 5890/2526/278 5891/2527/278 5889/2528/278
f 5890/2526/278 5827/2464/278 5891/2527/278
f 5793/2430/278 5794/2431/278 5891/2527/278
f 5891/2527/278 5829/2465/278 5793/2430/278
f 5891/2527/278 5827/2464/278 5829/2465/278
f 5826/2463/278 5831/2468/278 5827/2464/278
f 5831/2468/278 5829/2465/278 5827/2464/278
f 5811/2448/278 5860/2497/278 5791/2428/278
f 5811/2448/278 5791/2428/278 5681/2318/278
f 5809/2447/278 5813/2449/278 5810/2446/278
f 5813/2449/278 5808/2444/278 5810/2446/278
f 5893/2529/4219 5894/1864/4220 5892/1861/4221
f 5893/2529/4219 5895/2530/4219 5894/1864/4220
f 5329/1971/1074 5410/2052/1074 5404/2045/1074
f 5402/2043/1074 5401/2042/1074 5161/1819/1074
f 5897/1318/4222 5898/1317/4222 5896/1319/4222
f 5897/1318/4222 5899/1320/4222 5898/1317/4222
f 5901/1322/1344 5902/1321/1344 5900/1323/1344
f 5901/1322/1344 5903/1324/1344 5902/1321/1344
f 5905/1326/1272 5906/1325/1272 5904/1327/1272
f 5905/1326/1272 5907/1328/1272 5906/1325/1272
f 5909/1330/4223 5910/1329/4223 5908/1331/4223
f 5912/1333/1223 5913/1332/1223 5911/1334/1223
f 5915/1336/1223 5916/1335/1223 5914/1337/1223
f 5912/1333/1223 5918/1338/1223 5917/1340/1223
f 5912/1333/1223 5919/1339/1223 5918/1338/1223
f 5911/1334/1223 5921/1341/1223 5920/1342/1223
f 5913/1332/1223 5923/1343/1223 5922/1344/1223
f 5924/1346/1223 5925/1345/1223 5914/1337/1223
f 5925/1345/1223 5922/1344/1223 5923/1343/1223
f 5925/1345/1223 5924/1346/1223 5922/1344/1223
f 5920/1342/1223 5926/1347/1223 5919/1339/1223
f 5928/1349/1223 5929/1348/1223 5927/1350/1223
f 5928/1349/1223 5930/1351/1223 5929/1348/1223
f 5931/1352/1223 5924/1346/1223 5916/1335/1223
f 5931/1352/1223 5930/1351/1223 5924/1346/1223
f 5933/1354/1223 5934/1353/1223 5932/1355/1223
f 5936/1356/1223 5937/1357/1223 5935/1359/1223
f 5936/1356/1223 5938/1358/1223 5937/1357/1223
f 5940/1361/4224 5941/1360/4224 5939/1362/4224
f 5940/1361/4224 5942/1363/4224 5941/1360/4224
f 5944/1364/4225 5945/1365/4225 5943/1367/4225
f 5944/1364/4225 5946/1366/4225 5945/1365/4225
f 5948/1369/4226 5949/1368/4226 5947/1370/4226
f 5948/1369/4227 5950/1371/4227 5949/1368/4227
f 5952/1373/4228 5953/1372/4228 5951/1374/4228
f 5952/1373/4228 5954/1375/4228 5953/1372/4228
f 5956/1376/4229 5957/1377/4230 5955/1379/4230
f 5956/1376/4229 5958/1378/4231 5957/1377/4230
f 5960/1380/4232 5961/1376/4233 5959/1381/4232
f 5960/1380/4234 5962/1378/4231 5961/1376/4233
f 5964/1382/4235 5965/1383/4235 5963/1385/4235
f 5964/1382/4235 5966/1384/4235 5965/1383/4235
f 5968/1386/4236 5969/1387/4236 5967/1389/4236
f 5968/1386/4236 5970/1388/4236 5969/1387/4236
f 5972/1390/4237 5973/1391/4237 5971/1393/4237
f 5972/1390/4237 5974/1392/4237 5973/1391/4237
f 5976/1395/4238 5977/1394/4238 5975/1396/4238
f 5976/1395/4238 5978/1397/4238 5977/1394/4238
f 5980/1398/4239 5981/1399/4239 5979/1401/4239
f 5980/1398/4239 5982/1400/4239 5981/1399/4239
f 5984/1403/4240 5985/1402/4240 5983/1404/4240
f 5984/1403/4241 5986/1405/4241 5985/1402/4241
f 5988/1407/4242 5989/1406/4242 5987/1408/4242
f 5988/1407/4242 5990/1409/4242 5989/1406/4242
f 5992/1410/4243 5993/1411/4243 5991/1413/4243
f 5992/1410/4243 5994/1412/4243 5993/1411/4243
f 5996/1415/4244 5997/1414/4244 5995/1416/4244
f 5996/1415/4245 5998/1417/4245 5997/1414/4245
f 6000/1419/4246 6001/1418/4246 5999/1420/4246
f 6000/1419/4246 6002/1421/4246 6001/1418/4246
f 6004/1422/4247 6005/1423/4247 6003/1425/4247
f 6004/1422/4247 6006/1424/4247 6005/1423/4247
f 6008/1426/3865 6009/1427/3865 6007/1429/3865
f 6008/1426/3865 6010/1428/3865 6009/1427/3865
f 6012/1430/4248 6013/1431/4248 6011/1433/4248
f 6012/1430/4248 6014/1432/4248 6013/1431/4248
f 5934/1353/1223 6016/1434/1223 6015/1435/1223
f 5927/1350/1223 5926/1347/1223 5928/1349/1223
f 5927/1350/1223 6017/1436/1223 5926/1347/1223
f 6019/1437/1223 6020/1438/1223 6018/1440/1223
f 6019/1437/1223 6021/1439/1223 6020/1438/1223
f 6023/1442/1272 6024/1441/1272 6022/1443/1272
f 6023/1442/1272 6025/1444/1272 6024/1441/1272
f 6027/1445/1223 5915/1336/1223 6026/1446/1223
f 6029/1448/141 6030/1447/141 6028/1449/141
f 6029/1448/141 6031/1450/141 6030/1447/141
f 6033/1452/141 6034/1451/141 6032/1453/141
f 6036/1454/141 6037/1455/141 6035/1457/141
f 6036/1454/141 6038/1456/141 6037/1455/141
f 6040/1459/141 6041/1458/141 6039/1460/141
f 6043/1462/141 6044/1461/141 6042/1463/141
f 6046/1465/141 6047/1464/141 6045/1466/141
f 6047/1464/141 6049/1467/141 6048/1468/141
f 6041/1458/141 6034/1451/141 6039/1460/141
f 6041/1458/141 6050/1469/141 6034/1451/141
f 6048/1468/141 6052/1470/141 6051/1471/141
f 6048/1468/141 6049/1467/141 6052/1470/141
f 6054/1473/141 6055/1472/141 6053/1474/141
f 6056/1476/141 6057/1475/141 6054/1473/141
f 6059/1477/141 6060/1478/141 6058/1480/141
f 6059/1477/141 6061/1479/141 6060/1478/141
f 6062/1482/141 6063/1481/141 6058/1480/141
f 6065/1484/141 6066/1483/141 6064/1485/141
f 6068/1486/141 6069/1487/141 6067/1489/141
f 6068/1486/141 6070/1488/141 6069/1487/141
f 6071/1491/141 6072/1490/141 6029/1448/141
f 6074/1493/141 6075/1492/141 6073/1494/141
f 6077/1495/141 6078/1496/141 6076/1498/141
f 6077/1495/141 6079/1497/141 6078/1496/141
f 6081/1500/141 6082/1499/141 6080/1501/141
f 6084/1502/141 6085/1503/141 6083/1505/141
f 6084/1502/141 6086/1504/141 6085/1503/141
f 6088/1507/141 6089/1506/141 6087/1508/141
f 6091/1510/4249 6092/1509/4249 6090/1511/4249
f 6091/1510/4249 6093/1512/4249 6092/1509/4249
f 6095/1513/4250 6096/1514/4251 6094/1516/4251
f 6095/1513/4251 6097/1515/4251 6096/1514/4251
f 6099/1517/4252 6100/1518/4252 6098/1520/4252
f 6099/1517/4252 6101/1519/4252 6100/1518/4252
f 6103/1522/4253 6104/1521/4253 6102/1523/4253
f 6103/1522/4254 6105/1524/4254 6104/1521/4254
f 6107/1525/4255 6108/1526/4256 6106/1528/4257
f 6107/1525/4258 6109/1527/4256 6108/1526/4256
f 6111/1528/4259 6112/1529/4260 6110/1525/4258
f 6111/1528/4259 6113/1530/4261 6112/1529/4260
f 6115/1529/4262 6116/1531/4263 6114/1532/4263
f 6115/1529/4262 6117/1530/4264 6116/1531/4263
f 6119/1534/4265 6120/1533/4265 6118/1535/4265
f 6119/1534/4266 6121/1536/4266 6120/1533/4266
f 6123/1537/4267 6124/1538/4268 6122/1540/4269
f 6123/1537/4267 6125/1539/4270 6124/1538/4270
f 6127/1541/4271 6128/1542/4272 6126/1544/4273
f 6127/1541/4271 6129/1543/4274 6128/1542/4274
f 6131/1545/4275 6132/1546/4276 6130/1548/4277
f 6131/1545/4278 6133/1547/4275 6132/1546/4279
f 6135/1548/4277 6136/1549/4280 6134/1550/4281
f 6135/1548/4277 6137/1546/4276 6136/1549/4280
f 6139/1550/4282 6140/1551/4283 6138/1552/4284
f 6139/1550/4282 6141/1549/4285 6140/1551/4286
f 6143/1553/4287 6144/1554/4287 6142/1556/4287
f 6143/1553/4287 6145/1555/4287 6144/1554/4287
f 6147/1557/4288 6148/1558/4289 6146/1560/4290
f 6147/1557/4288 6149/1559/4289 6148/1558/4289
f 6151/1557/4291 6152/1561/4292 6150/1562/4293
f 6151/1557/4291 6153/1560/4294 6152/1561/4292
f 6150/1562/4295 6155/1563/4296 6154/1564/4296
f 6150/1562/4297 6152/1561/4298 6155/1563/4296
f 6157/1566/4299 6158/1565/4299 6156/1567/4299
f 6157/1566/4300 6159/1568/4300 6158/1565/4300
f 6161/1569/4301 6162/1570/4302 6160/1572/4302
f 6161/1569/4301 6163/1571/4303 6162/1570/4303
f 6165/1574/4304 6166/1573/4304 6164/1575/4304
f 6165/1574/4305 6167/1576/4305 6166/1573/4305
f 6169/1578/4306 6170/1577/4306 6168/1579/4306
f 6169/1578/4306 6171/1580/4306 6170/1577/4306
f 6173/1582/4307 6174/1581/4307 6172/1583/4307
f 6173/1582/4307 6175/1584/4307 6174/1581/4307
f 6177/1586/4308 6178/1585/4308 6176/1587/4308
f 6177/1586/4308 6179/1588/4308 6178/1585/4308
f 6181/1589/4309 6182/1590/4309 6180/1592/4309
f 6181/1589/4309 6183/1591/4309 6182/1590/4309
f 6185/1593/4310 6186/1594/4310 6184/1596/4310
f 6185/1593/4311 6187/1595/4311 6186/1594/4311
f 6189/1598/4312 6190/1597/4312 6188/1599/4312
f 6189/1598/4313 6191/1600/4313 6190/1597/4313
f 6193/1602/4314 6194/1601/4314 6192/1603/4314
f 6193/1602/4314 6195/1604/4314 6194/1601/4314
f 6197/1605/4315 6198/1606/4315 6196/1608/4315
f 6197/1605/4316 6199/1607/4316 6198/1606/4316
f 6201/1609/4317 6202/1610/4317 6200/1612/4317
f 6201/1609/4318 6203/1611/4318 6202/1610/4318
f 6205/1614/4319 6206/1613/4319 6204/1615/4319
f 6205/1614/4319 6207/1616/4319 6206/1613/4319
f 6209/1618/4320 6210/1617/4321 6208/1619/4320
f 6209/1618/4320 6211/1620/4320 6210/1617/4320
f 6213/1622/4322 6214/1621/4322 6212/1623/4322
f 6213/1622/4322 6215/1624/4322 6214/1621/4322
f 6217/1625/4323 6218/1626/4323 6216/1628/4323
f 6217/1625/4324 6219/1627/4324 6218/1626/4323
f 6221/1629/4325 6222/1630/4325 6220/1632/4325
f 6221/1629/4325 6223/1631/4325 6222/1630/4325
f 6225/1634/4326 6226/1633/4326 6224/1635/4327
f 6225/1634/4328 6227/1636/4328 6226/1633/4328
f 6229/1637/4329 6230/1638/4329 6228/1640/4329
f 6229/1637/4329 6231/1639/4329 6230/1638/4329
f 6233/1641/4330 6234/1642/4330 6232/1644/4330
f 6233/1641/4330 6235/1643/4330 6234/1642/4330
f 6237/1646/4331 6238/1645/4331 6236/1647/4331
f 6237/1646/4331 6239/1648/4331 6238/1645/4331
f 6241/1650/4332 6242/1649/4333 6240/1651/4332
f 6241/1650/4334 6243/1652/4334 6242/1649/4334
f 6245/1653/4335 6246/1654/4336 6244/1656/4336
f 6245/1653/4335 6247/1655/4335 6246/1654/4335
f 6249/1657/4337 6250/1658/4337 6248/1660/4337
f 6249/1657/4337 6251/1659/4337 6250/1658/4337
f 6253/1661/4338 6254/1662/4338 6252/1664/4338
f 6253/1661/4338 6255/1663/4338 6254/1662/4338
f 6257/1665/4339 6258/1666/4339 6256/1668/4339
f 6257/1665/4340 6259/1667/4340 6258/1666/4340
f 6261/1669/4341 6262/1670/4342 6260/1672/4342
f 6261/1669/4341 6263/1671/4341 6262/1670/4341
f 6265/1674/4343 6266/1673/4343 6264/1675/4343
f 6265/1674/4343 6267/1676/4343 6266/1673/4343
f 6269/1677/4344 6270/1678/4344 6268/1680/4344
f 6269/1677/4344 6271/1679/4345 6270/1678/4344
f 6273/1682/4346 6274/1681/4346 6272/1683/4346
f 6273/1682/4346 6275/1684/4346 6274/1681/4346
f 6277/1686/4347 6278/1685/4348 6276/1687/4349
f 6277/1686/4347 6279/1688/4348 6278/1685/4348
f 6281/1686/4350 6282/1689/4351 6280/1690/4352
f 6281/1686/4347 6283/1687/4353 6282/1689/4351
f 6285/1691/4354 6286/1692/4354 6284/1694/4354
f 6285/1691/4355 6287/1693/4355 6286/1692/4355
f 6289/1695/4356 6290/1696/4356 6288/1698/4357
f 6289/1695/4357 6291/1697/4357 6290/1696/4357
f 6293/1699/4358 6294/1700/4359 6292/1702/4359
f 6293/1699/4360 6295/1701/4360 6294/1700/4360
f 6297/1704/4361 6298/1703/4361 6296/1705/4361
f 6297/1704/4362 6299/1706/4362 6298/1703/4362
f 6301/1707/4363 6302/1708/4363 6300/1710/4363
f 6301/1707/4364 6303/1709/4364 6302/1708/4364
f 6305/1711/4365 6306/1712/4365 6304/1714/4365
f 6305/1711/4365 6307/1713/4365 6306/1712/4365
f 6309/1716/4366 6310/1715/4366 6308/1717/4366
f 6309/1716/4367 6311/1718/4367 6310/1715/4367
f 6313/1719/4368 6314/1720/4368 6312/1722/4368
f 6313/1719/4368 6315/1721/4368 6314/1720/4368
f 6317/1723/4369 6318/1724/4369 6316/1726/4369
f 6317/1723/4370 6319/1725/4370 6318/1724/4370
f 6321/1727/4371 6322/1728/4371 6320/1730/4371
f 6321/1727/4372 6323/1729/4372 6322/1728/4372
f 6325/1732/4373 6326/1731/4373 6324/1733/4373
f 6325/1732/4374 6327/1734/4374 6326/1731/4374
f 6329/1735/4375 6330/1736/4376 6328/1738/4376
f 6329/1735/4377 6331/1737/4378 6330/1736/4377
f 6333/1740/4379 6334/1739/4379 6332/1741/4379
f 6333/1740/4380 6335/1742/4380 6334/1739/4380
f 6337/1744/4381 6338/1743/4382 6336/1745/4381
f 6337/1744/4382 6339/1746/4382 6338/1743/4382
f 6341/1747/4383 6342/1748/4383 6340/1750/4383
f 6341/1747/4383 6343/1749/4383 6342/1748/4383
f 6345/1752/4384 6346/1751/4384 6344/1753/4385
f 6345/1752/4384 6347/1754/4386 6346/1751/4386
f 6349/1756/4387 6350/1755/4388 6348/1757/4387
f 6349/1756/4388 6351/1758/4388 6350/1755/4388
f 6353/1759/4389 6354/1760/4389 6352/1762/4389
f 6353/1759/4389 6355/1761/4389 6354/1760/4389
f 6357/1764/4390 6358/1763/4391 6356/1765/4391
f 6357/1764/4391 6359/1766/4391 6358/1763/4390
f 6361/1767/4392 6362/1768/4392 6360/1770/4392
f 6361/1767/4392 6363/1769/4392 6362/1768/4392
f 6365/1771/4393 6366/1772/4393 6364/1774/4393
f 6365/1771/4394 6367/1773/4394 6366/1772/4394
f 6073/1494/141 6369/1775/141 6368/1776/141
f 6371/1777/141 6372/1778/141 6370/1780/141
f 6371/1777/141 6373/1779/141 6372/1778/141
f 6375/1782/141 6376/1781/141 6374/1783/141
f 6375/1782/141 6378/1784/141 6377/1785/141
f 6375/1782/141 6374/1783/141 6378/1784/141
f 6380/1787/141 6381/1786/141 6379/1788/141
f 6380/1787/141 6382/1789/141 6381/1786/141
f 6383/1791/141 6384/1790/141 6381/1786/141
f 6383/1791/141 6368/1776/141 6384/1790/141
f 6386/1793/141 6387/1792/141 6385/1794/141
f 6389/1796/141 6390/1795/141 6388/1797/141
f 6392/1799/141 6393/1798/141 6391/1800/141
f 6394/1802/141 6395/1801/141 6033/1452/141
f 6397/1804/141 6398/1803/141 6396/1805/141
f 6385/1794/141 6400/1806/141 6399/1807/141
f 6402/1808/141 6403/1809/141 6401/1811/141
f 6402/1808/141 6404/1810/141 6403/1809/141
f 6406/1813/4395 6407/1812/4395 6405/1814/4395
f 6406/1813/4395 6408/1815/4395 6407/1812/4395
f 6410/1817/1344 6411/1816/1344 6409/1818/1344
f 6413/1819/1344 6414/1820/1344 6412/1822/1344
f 6413/1819/1344 6415/1821/1344 6414/1820/1344
f 6417/1823/1344 6418/1824/1344 6416/1826/1344
f 6417/1823/1344 6419/1825/1344 6418/1824/1344
f 6420/1827/1344 6418/1824/1344 6419/1825/1344
f 6420/1827/1344 6421/1828/1344 6418/1824/1344
f 6423/1830/1344 6424/1829/1344 6422/1831/1344
f 6423/1830/1344 6414/1820/1344 6424/1829/1344
f 6426/1832/1344 6422/1831/1344 6425/1833/1344
f 6428/1835/1344 6429/1834/1344 6427/1836/1344
f 6431/1838/4396 6432/1837/4397 6430/1839/4397
f 6431/1838/4396 6433/1840/4398 6432/1837/4397
f 6435/1841/4399 6436/1840/4398 6434/1838/4400
f 6435/1841/4399 6437/1842/4399 6436/1840/4401
f 6439/1844/4402 6440/1843/4402 6438/1845/4402
f 6439/1844/4402 6441/1846/4402 6440/1843/4402
f 6443/1848/4403 6444/1847/4403 6442/1849/4403
f 6443/1848/4404 6445/1850/4404 6444/1847/4404
f 6447/1852/4405 6448/1851/4405 6446/1853/4405
f 6447/1852/4405 6449/1854/4405 6448/1851/4405
f 6451/1856/4406 6452/1855/4407 6450/1857/4408
f 6451/1856/4409 6453/1858/4407 6452/1855/4407
f 6455/1856/4410 6456/1859/4411 6454/1860/4411
f 6455/1856/4410 6457/1857/4412 6456/1859/4411
f 6459/1861/4413 6460/1862/4414 6458/1864/4415
f 6459/1861/4416 6461/1863/4417 6460/1862/4414
f 6463/1865/4418 6464/1863/4419 6462/1866/4418
f 6463/1865/4418 6465/1862/4420 6464/1863/4421
f 6467/1867/4422 6468/1868/4423 6466/1870/4424
f 6467/1867/4422 6469/1869/4422 6468/1868/4423
f 6471/1870/4425 6472/1871/4426 6470/1872/4427
f 6471/1870/4425 6473/1868/4428 6472/1871/4426
f 6475/1874/4429 6476/1873/4429 6474/1875/4429
f 6475/1874/4429 6477/1876/4429 6476/1873/4429
f 6479/1878/4430 6480/1877/4431 6478/1879/4432
f 6479/1878/4433 6481/1880/4434 6480/1877/4434
f 6483/1881/4435 6484/1879/4432 6482/1882/4435
f 6483/1881/4435 6485/1878/4436 6484/1879/4432
f 6487/1884/4437 6488/1883/4437 6486/1885/4437
f 6487/1884/4437 6489/1886/4437 6488/1883/4437
f 6491/1887/4438 6492/1888/4439 6490/1890/4440
f 6491/1887/4438 6493/1889/4438 6492/1888/4439
f 6495/1890/4441 6496/1891/4442 6494/1892/4442
f 6495/1890/4441 6497/1888/4443 6496/1891/4442
f 6499/1894/4444 6500/1893/4444 6498/1895/4444
f 6499/1894/4444 6501/1896/4444 6500/1893/4444
f 6503/1897/1344 6429/1834/1344 6502/1898/1344
f 6503/1897/1344 6427/1836/1344 6429/1834/1344
f 6505/1900/4445 6506/1899/4445 6504/1901/4445
f 6505/1900/4445 6507/1902/4445 6506/1899/4445
f 5921/1341/1223 5911/1334/1223 5922/1344/1223
f 6508/1903/1223 5915/1336/1223 5914/1337/1223
f 5930/1351/1223 6509/1904/1223 5929/1348/1223
f 6511/1905/1223 5931/1352/1223 6510/1906/1223
f 6509/1904/1223 5931/1352/1223 6511/1905/1223
f 5913/1332/1223 5912/1333/1223 6512/1907/1223
f 6512/1907/1223 5912/1333/1223 5917/1340/1223
f 5914/1337/1223 5916/1335/1223 5924/1346/1223
f 6514/1908/4446 6515/1909/4446 6513/1911/4446
f 6514/1908/4447 6516/1910/4447 6515/1909/4447
f 6518/1913/4448 6519/1912/4448 6517/1914/4448
f 6518/1913/4449 6520/1915/4449 6519/1912/4449
f 6522/1916/4450 6523/1917/4450 6521/1919/4450
f 6522/1916/4450 6524/1918/4450 6523/1917/4450
f 6526/1921/4451 6527/1920/4451 6525/1922/4451
f 6526/1921/4452 6528/1923/4451 6527/1920/4452
f 6529/1924/141 6030/1447/141 6031/1450/141
f 6530/1926/141 6531/1925/141 6028/1449/141
f 6533/1544/4453 6534/1540/4454 6532/1541/4455
f 6533/1544/4453 6535/1537/4456 6534/1540/4454
f 6043/1462/141 6042/1463/141 6536/1927/141
f 6537/1928/141 6046/1465/141 6045/1466/141
f 6041/1458/141 6537/1928/141 6045/1466/141
f 6040/1459/141 6039/1460/141 6395/1801/141
f 6056/1476/141 6054/1473/141 6053/1474/141
f 6065/1484/141 6539/1929/141 6538/1931/141
f 6065/1484/141 6540/1930/141 6539/1929/141
f 6542/1933/141 6543/1932/141 6541/1934/141
f 6541/1934/141 6543/1932/141 6057/1475/141
f 6545/1935/141 6546/1936/141 6544/1938/141
f 6545/1935/141 6547/1937/141 6546/1936/141
f 6549/1940/4457 6550/1939/4457 6548/1941/4457
f 6549/1940/4458 6551/1942/4458 6550/1939/4458
f 6553/1944/4459 6554/1943/4459 6552/1945/4459
f 6553/1944/4459 6555/1946/4459 6554/1943/4459
f 6398/1803/141 6557/1947/141 6556/1948/141
f 6558/1950/141 6559/1949/141 6557/1947/141
f 6561/1951/141 6556/1948/141 6560/1952/141
f 6546/1936/141 6392/1799/141 6562/1953/141
f 6546/1936/141 6547/1937/141 6392/1799/141
f 6402/1808/141 6564/1954/141 6563/1955/141
f 6402/1808/141 6401/1811/141 6564/1954/141
f 6561/1951/141 6396/1805/141 6398/1803/141
f 6082/1499/141 6566/1956/141 6565/1957/141
f 6567/1958/1344 6410/1817/1344 6409/1818/1344
f 6569/1959/1344 6411/1816/1344 6568/1960/1344
f 6571/1962/1344 6572/1961/1344 6570/1963/1344
f 6417/1823/1344 6416/1826/1344 6572/1961/1344
f 6571/1962/1344 6567/1958/1344 6409/1818/1344
f 6574/1872/4427 6575/1964/4460 6573/1965/4460
f 6574/1872/4461 6576/1871/4462 6575/1964/4463
f 6578/1966/1344 6579/1967/1344 6577/1969/1344
f 6578/1966/1344 6580/1968/1344 6579/1967/1344
f 6503/1897/1344 6582/1970/1344 6581/1971/1344
f 6503/1897/1344 6502/1898/1344 6582/1970/1344
f 6584/1973/1344 6585/1972/1344 6583/1974/1344
f 6587/1976/4464 6588/1975/4464 6586/1977/4464
f 6587/1976/4465 6589/1978/4465 6588/1975/4465
f 6509/1904/1223 5930/1351/1223 5931/1352/1223
f 6591/1979/1223 6592/1980/1223 6590/1982/1223
f 6591/1979/1223 6593/1981/1223 6592/1980/1223
f 6594/1983/141 6030/1447/141 6529/1924/141
f 6536/1927/141 6047/1464/141 6595/1984/141
f 6536/1927/141 6049/1467/141 6047/1464/141
f 6597/1985/141 6598/1986/141 6596/1987/141
f 6597/1985/141 6541/1934/141 6598/1986/141
f 6599/1988/141 6541/1934/141 6529/1924/141
f 6594/1983/141 6529/1924/141 6563/1955/141
f 6067/1489/141 6540/1930/141 6064/1485/141
f 6384/1790/141 6369/1775/141 6600/1989/141
f 6384/1790/141 6368/1776/141 6369/1775/141
f 6601/1990/141 6073/1494/141 6368/1776/141
f 6601/1990/141 6602/1991/141 6073/1494/141
f 6604/1993/4466 6605/1992/4466 6603/1994/4466
f 6604/1993/4466 6606/1995/4466 6605/1992/4466
f 6071/1491/141 6028/1449/141 6531/1925/141
f 6071/1491/141 6029/1448/141 6028/1449/141
f 6607/1996/141 6053/1474/141 6055/1472/141
f 6607/1996/141 6596/1987/141 6053/1474/141
f 6069/1487/141 6608/1997/141 6540/1930/141
f 6064/1485/141 6540/1930/141 6065/1484/141
f 6562/1953/141 6392/1799/141 6391/1800/141
f 6597/1985/141 6064/1485/141 6066/1483/141
f 6597/1985/141 6607/1996/141 6064/1485/141
f 6032/1453/141 6034/1451/141 6050/1469/141
f 6566/1956/141 6082/1499/141 6081/1500/141
f 6610/1998/4467 6611/1999/4467 6609/2001/4467
f 6610/1998/4467 6612/2000/4467 6611/1999/4467
f 6033/1452/141 6032/1453/141 6394/1802/141
f 6599/1988/141 6529/1924/141 6031/1450/141
f 6613/2002/141 6600/1989/141 6369/1775/141
f 6382/1789/141 6383/1791/141 6381/1786/141
f 6615/2004/1074 6616/2003/1074 6614/2005/1074
f 6615/2004/1074 6617/2006/1074 6616/2003/1074
f 6569/1959/1344 6421/1828/1344 6420/1827/1344
f 6569/1959/1344 6568/1960/1344 6421/1828/1344
f 6619/2007/141 6038/1456/141 6618/2008/141
f 6621/2009/1223 6015/1435/1223 6620/2010/1223
f 6373/1779/141 6601/1990/141 6376/1781/141
f 6622/2011/141 6061/1479/141 6542/1933/141
f 5922/1344/1223 5911/1334/1223 5913/1332/1223
f 6396/1805/141 6389/1796/141 6397/1804/141
f 6624/2012/4468 6625/2013/4468 6623/2015/4468
f 6624/2012/4469 6626/2014/4469 6625/2013/4469
f 6423/1830/1344 6412/1822/1344 6414/1820/1344
f 6410/1817/1344 6425/1833/1344 6422/1831/1344
f 6410/1817/1344 6567/1958/1344 6425/1833/1344
f 6057/1475/141 6598/1986/141 6541/1934/141
f 6057/1475/141 6056/1476/141 6598/1986/141
f 6373/1779/141 6371/1777/141 6601/1990/141
f 6017/1436/1223 5918/1338/1223 5919/1339/1223
f 5921/1341/1223 6627/2016/1223 5920/1342/1223
f 6629/2018/141 6630/2017/141 6628/2019/141
f 6629/2018/141 6631/2020/141 6630/2017/141
f 6632/2021/141 6628/2019/141 6630/2017/141
f 6633/2022/141 6631/2020/141 6629/2018/141
f 5918/1338/1223 6027/1445/1223 6026/1446/1223
f 5917/1340/1223 5918/1338/1223 6026/1446/1223
f 6026/1446/1223 5915/1336/1223 6508/1903/1223
f 6572/1961/1344 6634/2023/1344 6417/1823/1344
f 6572/1961/1344 6571/1962/1344 6634/2023/1344
f 6636/2024/1344 6428/1835/1344 6635/2025/1344
f 6637/2026/1344 6415/1821/1344 6413/1819/1344
f 6403/1809/141 6404/1810/141 6394/1802/141
f 6395/1801/141 6404/1810/141 6040/1459/141
f 6395/1801/141 6394/1802/141 6404/1810/141
f 6398/1803/141 6556/1948/141 6561/1951/141
f 6638/2027/141 6558/1950/141 6557/1947/141
f 6638/2027/141 6557/1947/141 6398/1803/141
f 6639/2028/141 6397/1804/141 6389/1796/141
f 6639/2028/141 6389/1796/141 6388/1797/141
f 6032/1453/141 6619/2007/141 6394/1802/141
f 6032/1453/141 6037/1455/141 6619/2007/141
f 6038/1456/141 6619/2007/141 6037/1455/141
f 6046/1465/141 6640/2029/141 6047/1464/141
f 6046/1465/141 6641/2030/141 6640/2029/141
f 6045/1466/141 6047/1464/141 6048/1468/141
f 6642/2031/141 6547/1937/141 6545/1935/141
f 6546/1936/141 6400/1806/141 6544/1938/141
f 6544/1938/141 6400/1806/141 6385/1794/141
f 6399/1807/141 6386/1793/141 6385/1794/141
f 6643/2032/141 6062/1482/141 6060/1478/141
f 6060/1478/141 6062/1482/141 6058/1480/141
f 6645/2033/141 6063/1481/141 6644/2034/141
f 6644/2034/141 6063/1481/141 6608/1997/141
f 6373/1779/141 6376/1781/141 6375/1782/141
f 6594/1983/141 6618/2008/141 6646/2035/141
f 6594/1983/141 6619/2007/141 6618/2008/141
f 6564/1954/141 6619/2007/141 6563/1955/141
f 6619/2007/141 6594/1983/141 6563/1955/141
f 6647/2036/141 6622/2011/141 6599/1988/141
f 6622/2011/141 6542/1933/141 6599/1988/141
f 6541/1934/141 6599/1988/141 6542/1933/141
f 6036/1454/141 6035/1457/141 6595/1984/141
f 6648/2037/141 6036/1454/141 6595/1984/141
f 6040/1459/141 6537/1928/141 6041/1458/141
f 6040/1459/141 6066/1483/141 6537/1928/141
f 6040/1459/141 6597/1985/141 6066/1483/141
f 6596/1987/141 6607/1996/141 6597/1985/141
f 6508/1903/1223 5913/1332/1223 6512/1907/1223
f 5914/1337/1223 5913/1332/1223 6508/1903/1223
f 5932/1355/1223 5934/1353/1223 6649/2038/1223
f 6649/2038/1223 5934/1353/1223 6015/1435/1223
f 6651/2040/1223 6652/2039/1223 6650/2041/1223
f 6650/2041/1223 6621/2009/1223 6620/2010/1223
f 6016/1434/1223 6620/2010/1223 6015/1435/1223
f 6621/2009/1223 6650/2041/1223 6652/2039/1223
f 6411/1816/1344 6569/1959/1344 6409/1818/1344
f 6570/1963/1344 6653/2042/1344 6571/1962/1344
f 6653/2042/1344 6567/1958/1344 6571/1962/1344
f 6570/1963/1344 6654/2043/1344 6653/2042/1344
f 6654/2043/1344 6637/2026/1344 6413/1819/1344
f 6578/1966/1344 6584/1973/1344 6655/2044/1344
f 6583/1974/1344 6655/2044/1344 6584/1973/1344
f 6580/1968/1344 6578/1966/1344 6655/2044/1344
f 6656/2045/1344 6581/1971/1344 6582/1970/1344
f 5919/1339/1223 5926/1347/1223 6017/1436/1223
f 6627/2016/1223 5926/1347/1223 5920/1342/1223
f 6371/1777/141 6602/1991/141 6601/1990/141
f 6061/1479/141 6059/1477/141 6542/1933/141
f 6542/1933/141 6054/1473/141 6057/1475/141
f 6059/1477/141 6054/1473/141 6542/1933/141
f 6067/1489/141 6069/1487/141 6540/1930/141
f 6540/1930/141 6063/1481/141 6062/1482/141
f 6540/1930/141 6608/1997/141 6063/1481/141
f 6657/2046/141 6628/2019/141 6074/1493/141
f 6657/2046/141 6629/2018/141 6628/2019/141
f 6602/1991/141 6074/1493/141 6073/1494/141
f 6602/1991/141 6657/2046/141 6074/1493/141
f 6658/2047/141 6657/2046/141 6602/1991/141
f 6035/1457/141 6043/1462/141 6595/1984/141
f 6043/1462/141 6536/1927/141 6595/1984/141
f 6659/2048/1344 6422/1831/1344 6426/1832/1344
f 6423/1830/1344 6422/1831/1344 6659/2048/1344
f 6660/2049/1344 6428/1835/1344 6427/1836/1344
f 6661/2050/1344 6635/2025/1344 6660/2049/1344
f 6635/2025/1344 6428/1835/1344 6660/2049/1344
f 6663/2051/1344 6581/1971/1344 6662/2052/1344
f 6665/2054/278 6666/2053/278 6664/2055/278
f 6665/2054/278 6667/2056/278 6666/2053/278
f 6668/2057/278 6664/2055/278 6666/2053/278
f 6667/2056/278 6670/2058/278 6669/2059/278
f 6667/2056/278 6665/2054/278 6670/2058/278
f 6672/2060/278 6673/2061/278 6671/2063/278
f 6672/2060/278 6674/2062/278 6673/2061/278
f 6676/2065/4470 6677/2064/4470 6675/2066/4470
f 6676/2065/4470 6678/2067/4470 6677/2064/4470
f 6680/2068/4471 6681/2069/4471 6679/2071/4471
f 6680/2068/4471 6682/2070/4471 6681/2069/4471
f 6684/2072/4472 6685/2073/4472 6683/2075/4472
f 6684/2072/4473 6686/2074/4473 6685/2073/4473
f 6688/2077/4474 6689/2076/4474 6687/2078/4474
f 6688/2077/4474 6690/2079/4474 6689/2076/4474
f 6692/2080/4475 6693/2081/4475 6691/2083/4475
f 6692/2080/4476 6694/2082/4476 6693/2081/4476
f 6696/2084/4477 6697/2085/4477 6695/2087/4477
f 6696/2084/4477 6698/2086/4477 6697/2085/4477
f 6700/2089/4478 6701/2088/4478 6699/2090/4478
f 6700/2089/4479 6702/2091/4479 6701/2088/4479
f 6704/2093/4480 6705/2092/4480 6703/2094/4480
f 6704/2093/4481 6706/2095/4481 6705/2092/4481
f 6708/2097/4482 6709/2096/4483 6707/2098/4483
f 6708/2097/4484 6710/2099/4485 6709/2096/4483
f 6712/2100/4486 6713/2099/4487 6711/2097/4482
f 6712/2100/4486 6714/2101/4486 6713/2099/4487
f 6716/2103/4488 6717/2102/4488 6715/2104/4488
f 6716/2103/4488 6718/2105/4488 6717/2102/4488
f 6720/2107/4489 6721/2106/4490 6719/2108/4489
f 6720/2107/4491 6722/2109/4492 6721/2106/4493
f 6724/2109/4494 6725/2110/4495 6723/2106/4490
f 6724/2109/4496 6726/2111/4495 6725/2110/4495
f 6728/2113/4497 6729/2112/4497 6727/2114/4497
f 6728/2113/4497 6730/2115/4497 6729/2112/4497
f 6732/2117/4498 6733/2116/4499 6731/2118/4498
f 6732/2117/4498 6734/2119/4498 6733/2116/4498
f 6736/2120/4500 6737/2121/4500 6735/2123/4500
f 6736/2120/4501 6738/2122/4500 6737/2121/4501
f 6740/2125/4502 6741/2124/4502 6739/2126/4502
f 6740/2125/4502 6742/2127/4502 6741/2124/4502
f 6744/2129/4503 6745/2128/4503 6743/2130/4503
f 6744/2129/4503 6746/2131/4503 6745/2128/4504
f 6748/2133/4505 6749/2132/4505 6747/2134/4505
f 6748/2133/4505 6750/2135/4505 6749/2132/4505
f 6752/2136/4506 6753/2137/4506 6751/2139/4506
f 6752/2136/4506 6754/2138/4506 6753/2137/4506
f 6756/2141/4507 6757/2140/4507 6755/2142/4507
f 6756/2141/4508 6758/2143/4508 6757/2140/4508
f 6760/2144/4509 6761/2145/4509 6759/2147/4509
f 6760/2144/4510 6762/2146/4510 6761/2145/4510
f 6764/2148/4511 6765/2149/4511 6763/2151/4511
f 6764/2148/4511 6766/2150/4511 6765/2149/4511
f 6768/2153/4512 6769/2152/4513 6767/2154/4512
f 6768/2153/4514 6770/2155/4512 6769/2152/4512
f 6772/2157/4515 6773/2156/4515 6771/2158/4515
f 6772/2157/4516 6774/2159/4516 6773/2156/4516
f 6776/2160/4517 6777/2161/4517 6775/2163/4517
f 6776/2160/4518 6778/2162/4518 6777/2161/4518
f 6780/2165/4519 6781/2164/4519 6779/2166/4519
f 6780/2165/4520 6782/2167/4520 6781/2164/4520
f 6784/2168/4521 6785/2169/4521 6783/2171/4521
f 6784/2168/4522 6786/2170/4522 6785/2169/4522
f 6788/2172/4523 6789/2173/4524 6787/2175/4523
f 6788/2172/4524 6790/2174/4524 6789/2173/4524
f 6792/2177/4525 6793/2176/4525 6791/2178/4525
f 6792/2177/4525 6794/2179/4525 6793/2176/4525
f 6796/2180/4526 6797/2181/4526 6795/2183/4526
f 6796/2180/4527 6798/2182/4527 6797/2181/4527
f 6800/2185/4528 6801/2184/4528 6799/2186/4528
f 6800/2185/4528 6802/2187/4528 6801/2184/4528
f 6804/2189/4529 6805/2188/4529 6803/2190/4529
f 6804/2189/4530 6806/2191/4530 6805/2188/4530
f 6808/2192/4531 6809/2193/4531 6807/2195/4531
f 6808/2192/4532 6810/2194/4532 6809/2193/4532
f 6812/2197/4533 6813/2196/4534 6811/2198/4533
f 6812/2197/4533 6814/2199/4533 6813/2196/4533
f 6816/2201/4535 6817/2200/4535 6815/2202/4535
f 6816/2201/4535 6818/2203/4536 6817/2200/4535
f 6820/2204/4537 6821/2205/4537 6819/2207/4537
f 6820/2204/4538 6822/2206/4538 6821/2205/4538
f 6824/2208/4539 6825/2209/4539 6823/2211/4539
f 6824/2208/4539 6826/2210/4539 6825/2209/4539
f 6828/2212/4540 6829/2213/4540 6827/2215/4540
f 6828/2212/4540 6830/2214/4540 6829/2213/4540
f 6832/2216/4541 6833/2217/4541 6831/2219/4541
f 6832/2216/4542 6834/2218/4542 6833/2217/4542
f 6836/2221/4543 6837/2220/4543 6835/2222/4543
f 6836/2221/4543 6838/2223/4543 6837/2220/4543
f 6840/2224/4544 6841/2225/4544 6839/2227/4544
f 6840/2224/4545 6842/2226/4544 6841/2225/4545
f 6844/2228/4546 6845/2229/4546 6843/2231/4546
f 6844/2228/4546 6846/2230/4546 6845/2229/4546
f 6848/2233/4547 6849/2232/4547 6847/2234/4547
f 6848/2233/4547 6850/2235/4548 6849/2232/4548
f 6852/2236/4549 6853/2237/4550 6851/2239/4550
f 6852/2236/4551 6854/2238/4551 6853/2237/4552
f 6856/2240/4553 6857/2241/4553 6855/2243/4553
f 6856/2240/4553 6858/2242/4553 6857/2241/4553
f 6860/2244/4554 6861/2245/4554 6859/2247/4555
f 6860/2244/4556 6862/2246/4557 6861/2245/4556
f 6864/2249/4558 6865/2248/4558 6863/2250/4558
f 6864/2249/4558 6866/2251/4558 6865/2248/4558
f 6868/2253/4559 6869/2252/4559 6867/2254/4559
f 6868/2253/4560 6870/2255/4560 6869/2252/4560
f 6872/2256/4561 6873/2257/4561 6871/2259/4561
f 6872/2256/4561 6874/2258/4561 6873/2257/4561
f 6876/2260/4562 6877/2261/4562 6875/2263/4562
f 6876/2260/4562 6878/2262/4562 6877/2261/4562
f 6880/2265/4563 6881/2264/4563 6879/2266/4563
f 6880/2265/4563 6882/2267/4563 6881/2264/4564
f 6884/2268/4565 6885/2269/4565 6883/2271/4565
f 6884/2268/4565 6886/2270/4565 6885/2269/4565
f 6888/2273/4566 6889/2272/4566 6887/2274/4566
f 6888/2273/4566 6890/2275/4566 6889/2272/4566
f 6892/2276/4567 6893/2277/4568 6891/2279/4567
f 6892/2276/4568 6894/2278/4568 6893/2277/4568
f 6896/2280/4569 6897/2281/4569 6895/2283/4569
f 6896/2280/4570 6898/2282/4570 6897/2281/4570
f 6900/2284/4571 6901/2285/4571 6899/2287/4571
f 6900/2284/4571 6902/2286/4571 6901/2285/4571
f 6904/2289/4572 6905/2288/4572 6903/2290/4572
f 6904/2289/4572 6906/2291/4572 6905/2288/4572
f 6908/2292/4573 6909/2293/4573 6907/2295/4573
f 6908/2292/4573 6910/2294/4573 6909/2293/4573
f 6912/2296/4574 6913/2297/4574 6911/2299/4574
f 6912/2296/4574 6914/2298/4574 6913/2297/4574
f 6916/2301/4575 6917/2300/4575 6915/2302/4575
f 6916/2301/4575 6918/2303/4575 6917/2300/4575
f 6920/2304/4576 6921/2305/4576 6919/2307/4576
f 6920/2304/4576 6922/2306/4576 6921/2305/4576
f 6924/2309/278 6925/2308/278 6923/2310/278
f 6927/2311/4577 6928/2312/4577 6926/2314/4577
f 6927/2311/4577 6929/2313/4577 6928/2312/4577
f 6931/2316/278 6932/2315/278 6930/2317/278
f 6933/2319/278 6934/2318/278 6932/2315/278
f 6936/2321/278 6937/2320/278 6935/2322/278
f 6939/2324/278 6940/2323/278 6938/2325/278
f 6939/2324/278 6941/2326/278 6940/2323/278
f 6943/2327/278 6944/2328/278 6942/2330/278
f 6943/2327/278 6945/2329/278 6944/2328/278
f 6947/2332/278 6948/2331/278 6946/2333/278
f 6947/2332/278 6949/2334/278 6948/2331/278
f 6951/2336/278 6952/2335/278 6950/2337/278
f 6954/2339/278 6955/2338/278 6953/2340/278
f 6954/2339/278 6956/2341/278 6955/2338/278
f 6958/2343/278 6959/2342/278 6957/2344/278
f 6961/2345/4578 6962/2346/4578 6960/2348/4579
f 6961/2345/4578 6963/2347/4578 6962/2346/4578
f 6965/2350/4580 6966/2349/4580 6964/2351/4580
f 6965/2350/4580 6967/2352/4580 6966/2349/4580
f 6969/2353/4581 6970/2354/4581 6968/2356/4581
f 6969/2353/4581 6971/2355/4581 6970/2354/4581
f 6973/2357/4582 6974/2358/4582 6972/2360/4582
f 6973/2357/4583 6975/2359/4583 6974/2358/4583
f 6977/2362/4584 6978/2361/4585 6976/2363/4585
f 6977/2362/4586 6979/2364/4586 6978/2361/4586
f 6981/2366/4587 6982/2365/4587 6980/2367/4588
f 6981/2366/4587 6983/2368/4587 6982/2365/4587
f 6985/2370/4589 6986/2369/4589 6984/2371/4589
f 6985/2370/4589 6987/2372/4589 6986/2369/4589
f 6989/2373/4590 6990/2374/4590 6988/2376/4590
f 6989/2373/4590 6991/2375/4590 6990/2374/4590
f 6993/2377/4591 6994/2378/4591 6992/2380/4591
f 6993/2377/4592 6995/2379/4592 6994/2378/4592
f 6997/2381/4593 6998/2382/4593 6996/2384/4593
f 6997/2381/4593 6999/2383/4593 6998/2382/4593
f 7001/2385/4594 7002/2386/4594 7000/2388/4594
f 7001/2385/4595 7003/2387/4595 7002/2386/4595
f 7005/2390/278 7006/2389/278 7004/2391/278
f 7008/2393/278 7009/2392/278 7007/2394/278
f 7011/2396/278 7012/2395/278 7010/2397/278
f 7014/2399/278 7015/2398/278 7013/2400/278
f 7014/2399/278 7016/2401/278 7015/2398/278
f 7018/2402/4596 7019/2403/4596 7017/2405/4596
f 7018/2402/4596 7020/2404/4596 7019/2403/4596
f 7022/2406/278 6668/2057/278 7021/2407/278
f 6945/2329/278 6940/2323/278 6941/2326/278
f 6945/2329/278 7023/2408/278 6940/2323/278
f 7025/2409/278 7026/2410/278 7024/2412/278
f 7025/2409/278 7027/2411/278 7026/2410/278
f 7029/2413/4597 7030/2414/4597 7028/2416/4597
f 7029/2413/4597 7031/2415/4597 7030/2414/4597
f 7033/2418/278 7034/2417/278 7032/2419/278
f 7036/2421/4598 7037/2420/4598 7035/2422/4598
f 7036/2421/4599 7038/2423/4599 7037/2420/4599
f 7040/2425/4600 7041/2424/4600 7039/2426/4600
f 7040/2425/4600 7042/2427/4600 7041/2424/4600
f 6934/2318/278 6933/2319/278 7043/2428/278
f 6933/2319/278 6932/2315/278 7044/2429/278
f 6933/2319/278 7045/2430/278 7043/2428/278
f 7045/2430/278 7046/2431/278 7043/2428/278
f 7048/2432/278 7046/2431/278 7047/2433/278
f 7048/2432/278 7043/2428/278 7046/2431/278
f 7049/2434/278 7048/2432/278 7023/2408/278
f 7023/2408/278 7048/2432/278 7047/2433/278
f 7049/2434/278 7050/2435/278 7048/2432/278
f 7051/2437/278 7052/2436/278 7026/2410/278
f 7054/2438/278 7024/2412/278 7053/2439/278
f 7052/2436/278 7024/2412/278 7026/2410/278
f 7052/2436/278 7053/2439/278 7024/2412/278
f 7056/2441/4601 7057/2440/4601 7055/2442/4601
f 7056/2441/4602 7058/2443/4602 7057/2440/4602
f 7060/2444/278 6925/2308/278 7059/2445/278
f 7062/2446/278 6934/2318/278 7061/2448/278
f 7062/2446/278 7063/2447/278 6934/2318/278
f 6931/2316/278 7065/2449/278 7064/2450/278
f 7066/2452/278 7067/2451/278 7064/2450/278
f 6923/2310/278 6668/2057/278 7068/2453/278
f 7068/2453/278 6668/2057/278 6666/2053/278
f 7069/2454/278 6669/2059/278 6670/2058/278
f 7069/2454/278 7070/2455/278 6669/2059/278
f 7072/2457/278 7073/2456/278 7071/2458/278
f 7074/2459/278 7072/2457/278 7071/2458/278
f 7075/2460/278 7073/2456/278 7072/2457/278
f 7075/2460/278 7077/2461/278 7076/2462/278
f 7075/2460/278 7078/2463/278 7077/2461/278
f 7078/2463/278 7075/2460/278 7072/2457/278
f 7079/2464/278 7078/2463/278 7072/2457/278
f 7081/2465/278 7082/2466/278 7080/2468/278
f 7081/2465/278 7083/2467/278 7082/2466/278
f 7085/2470/278 7086/2469/278 7084/2471/278
f 7087/2472/278 7085/2470/278 7084/2471/278
f 7088/2474/278 7089/2473/278 7010/2397/278
f 7089/2473/278 7011/2396/278 7010/2397/278
f 7090/2475/278 7089/2473/278 7088/2474/278
f 7084/2471/278 7088/2474/278 7010/2397/278
f 7086/2469/278 7088/2474/278 7084/2471/278
f 7091/2476/278 7089/2473/278 7090/2475/278
f 7092/2477/278 7091/2476/278 7090/2475/278
f 7093/2478/278 7091/2476/278 7092/2477/278
f 7094/2479/278 7091/2476/278 7093/2478/278
f 7095/2480/278 6951/2336/278 6950/2337/278
f 7096/2481/278 7095/2480/278 6950/2337/278
f 7063/2447/278 7065/2449/278 6930/2317/278
f 7044/2429/278 6932/2315/278 6931/2316/278
f 6930/2317/278 7065/2449/278 6931/2316/278
f 7071/2458/278 7097/2482/278 7067/2451/278
f 7073/2456/278 7097/2482/278 7071/2458/278
f 7067/2451/278 7097/2482/278 7064/2450/278
f 7097/2482/278 6931/2316/278 7064/2450/278
f 7047/2433/278 6940/2323/278 7023/2408/278
f 7021/2407/278 7098/2483/278 6935/2322/278
f 7100/2484/278 7049/2434/278 7099/2485/278
f 7100/2484/278 7050/2435/278 7049/2434/278
f 7101/2486/278 7008/2393/278 7007/2394/278
f 7102/2487/278 7008/2393/278 7101/2486/278
f 7103/2488/278 7102/2487/278 7101/2486/278
f 7104/2489/278 7008/2393/278 7102/2487/278
f 7105/2490/278 7103/2488/278 7101/2486/278
f 7106/2491/278 7103/2488/278 7105/2490/278
f 7107/2492/278 7106/2491/278 7105/2490/278
f 7108/2493/278 7107/2492/278 7105/2490/278
f 7110/2494/278 6673/2061/278 7109/2495/278
f 6673/2061/278 6674/2062/278 7109/2495/278
f 6945/2329/278 6941/2326/278 6944/2328/278
f 6944/2328/278 6941/2326/278 7016/2401/278
f 7109/2495/278 7015/2398/278 7016/2401/278
f 6674/2062/278 7015/2398/278 7109/2495/278
f 6941/2326/278 7109/2495/278 7016/2401/278
f 7050/2435/278 7098/2483/278 7021/2407/278
f 7111/2496/278 7021/2407/278 6935/2322/278
f 7061/2448/278 7050/2435/278 7021/2407/278
f 7112/2497/278 7048/2432/278 7061/2448/278
f 7048/2432/278 7050/2435/278 7061/2448/278
f 7099/2485/278 6937/2320/278 7100/2484/278
f 7098/2483/278 6936/2321/278 6935/2322/278
f 7100/2484/278 6937/2320/278 6936/2321/278
f 6672/2060/278 6671/2063/278 7113/2498/278
f 6671/2063/278 7114/2499/278 7113/2498/278
f 6937/2320/278 6672/2060/278 7113/2498/278
f 6935/2322/278 6937/2320/278 7113/2498/278
f 7116/2501/278 7117/2500/278 7115/2502/278
f 7116/2501/278 7118/2503/278 7117/2500/278
f 7116/2501/278 7119/2504/278 7118/2503/278
f 7027/2411/278 7119/2504/278 7116/2501/278
f 7027/2411/278 7025/2409/278 7119/2504/278
f 7120/2505/278 7118/2503/278 7119/2504/278
f 7121/2506/278 7118/2503/278 7120/2505/278
f 7122/2507/278 7027/2411/278 7116/2501/278
f 7123/2508/278 7119/2504/278 7025/2409/278
f 7124/2509/278 7066/2452/278 7068/2453/278
f 7066/2452/278 7064/2450/278 7068/2453/278
f 6924/2309/278 6923/2310/278 7064/2450/278
f 7064/2450/278 6923/2310/278 7068/2453/278
f 7059/2445/278 6925/2308/278 6924/2309/278
f 7062/2446/278 6925/2308/278 7060/2444/278
f 7125/2511/278 7126/2510/278 7120/2505/278
f 7127/2512/278 7118/2503/278 7121/2506/278
f 7126/2510/278 7121/2506/278 7120/2505/278
f 7129/2513/278 7127/2512/278 7128/2514/278
f 7130/2515/278 7129/2513/278 7128/2514/278
f 7128/2514/278 7127/2512/278 7121/2506/278
f 6664/2055/278 6668/2057/278 7022/2406/278
f 7131/2517/278 7132/2516/278 7005/2390/278
f 7133/2518/278 7134/2519/278 7115/2502/278
f 7133/2518/278 7135/2520/278 7134/2519/278
f 7115/2502/278 7117/2500/278 7133/2518/278
f 7133/2518/278 7131/2517/278 7005/2390/278
f 7117/2500/278 7131/2517/278 7133/2518/278
f 7132/2516/278 7006/2389/278 7005/2390/278
f 7136/2521/278 7130/2515/278 7128/2514/278
f 7114/2499/278 7022/2406/278 7113/2498/278
f 7137/2522/278 7022/2406/278 7114/2499/278
f 7111/2496/278 7113/2498/278 7021/2407/278
f 7113/2498/278 7022/2406/278 7021/2407/278
f 7139/2523/278 7104/2489/278 7138/2524/278
f 7138/2524/278 7104/2489/278 7140/2525/278
f 7140/2525/278 7104/2489/278 7102/2487/278
f 7142/2527/278 7143/2526/278 7141/2528/278
f 7142/2527/278 7079/2464/278 7143/2526/278
f 7046/2431/278 7045/2430/278 7142/2527/278
f 7081/2465/278 7142/2527/278 7045/2430/278
f 7081/2465/278 7079/2464/278 7142/2527/278
f 7080/2468/278 7078/2463/278 7079/2464/278
f 7081/2465/278 7080/2468/278 7079/2464/278
f 7112/2497/278 7061/2448/278 7043/2428/278
f 7043/2428/278 7061/2448/278 6934/2318/278
f 7065/2449/278 7063/2447/278 7062/2446/278
f 7060/2444/278 7065/2449/278 7062/2446/278
f 7145/2529/4603 7146/1864/4604 7144/2530/4603
f 7145/2529/4603 7147/1861/4605 7146/1864/4606
f 6662/2052/1344 6581/1971/1344 6656/2045/1344
f 6653/2042/1344 6654/2043/1344 6413/1819/1344
f 7149/1317/4607 7150/1318/4607 7148/1319/4607
f 7149/1317/4607 7151/1320/4607 7150/1318/4607
f 7153/1321/1344 7154/1322/1344 7152/1323/1344
f 7153/1321/1344 7155/1324/1344 7154/1322/1344
f 7157/1325/1223 7158/1326/1223 7156/1327/1223
f 7157/1325/1223 7159/1328/1223 7158/1326/1223
f 7161/1329/4608 7162/1330/4608 7160/1331/4608
f 7164/1332/1272 7165/1333/1272 7163/1334/1272
f 7167/1335/1272 7168/1336/1272 7166/1337/1272
f 7165/1333/1272 7170/1338/1272 7169/1339/1272
f 7165/1333/1272 7171/1340/1272 7170/1338/1272
f 7173/1341/1272 7163/1334/1272 7172/1342/1272
f 7175/1343/1272 7164/1332/1272 7174/1344/1272
f 7176/1345/1272 7177/1346/1272 7166/1337/1272
f 7176/1345/1272 7174/1344/1272 7177/1346/1272
f 7176/1345/1272 7175/1343/1272 7174/1344/1272
f 7178/1347/1272 7172/1342/1272 7169/1339/1272
f 7180/1348/1272 7181/1349/1272 7179/1350/1272
f 7180/1348/1272 7182/1351/1272 7181/1349/1272
f 7183/1352/1272 7177/1346/1272 7182/1351/1272
f 7183/1352/1272 7167/1335/1272 7177/1346/1272
f 7185/1353/1272 7186/1354/1272 7184/1355/1272
f 7188/1356/1272 7189/1357/1272 7187/1358/1272
f 7188/1356/1272 7190/1359/1272 7189/1357/1272
f 7192/1360/4609 7193/1361/4609 7191/1362/4609
f 7192/1360/4609 7194/1363/4609 7193/1361/4609
f 7196/1364/4610 7197/1365/4610 7195/1366/4610
f 7196/1364/4610 7198/1367/4610 7197/1365/4610
f 7200/1368/4611 7201/1369/4611 7199/1370/4611
f 7200/1368/4612 7202/1371/4612 7201/1369/4612
f 7204/1372/4613 7205/1373/4613 7203/1374/4613
f 7204/1372/4613 7206/1375/4613 7205/1373/4613
f 7208/1376/4614 7209/1377/4615 7207/1378/4616
f 7208/1376/4614 7210/1379/4615 7209/1377/4615
f 7212/1376/4617 7213/1380/4618 7211/1381/4618
f 7212/1376/4617 7214/1378/4616 7213/1380/4619
f 7216/1382/4620 7217/1383/4620 7215/1384/4620
f 7216/1382/4620 7218/1385/4620 7217/1383/4620
f 7220/1386/4621 7221/1387/4621 7219/1388/4621
f 7220/1386/4621 7222/1389/4621 7221/1387/4621
f 7224/1390/4622 7225/1391/4622 7223/1392/4622
f 7224/1390/4622 7226/1393/4622 7225/1391/4622
f 7228/1394/4623 7229/1395/4623 7227/1396/4623
f 7228/1394/4623 7230/1397/4623 7229/1395/4623
f 7232/1398/4624 7233/1399/4624 7231/1400/4624
f 7232/1398/4624 7234/1401/4624 7233/1399/4624
f 7236/1402/4625 7237/1403/4625 7235/1404/4625
f 7236/1402/4626 7238/1405/4625 7237/1403/4626
f 7240/1406/4627 7241/1407/4627 7239/1408/4627
f 7240/1406/4627 7242/1409/4627 7241/1407/4627
f 7244/1410/4628 7245/1411/4628 7243/1412/4628
f 7244/1410/4628 7246/1413/4628 7245/1411/4628
f 7248/1414/4629 7249/1415/4629 7247/1416/4629
f 7248/1414/4630 7250/1417/4630 7249/1415/4630
f 7252/1418/4631 7253/1419/4631 7251/1420/4631
f 7252/1418/4631 7254/1421/4631 7253/1419/4631
f 7256/1422/4632 7257/1423/4632 7255/1424/4632
f 7256/1422/4632 7258/1425/4632 7257/1423/4632
f 7260/1426/4633 7261/1427/4633 7259/1428/4633
f 7260/1426/4633 7262/1429/4633 7261/1427/4633
f 7264/1430/4634 7265/1431/4634 7263/1432/4634
f 7264/1430/4634 7266/1433/4634 7265/1431/4634
f 7268/1434/1272 7185/1353/1272 7267/1435/1272
f 7179/1350/1272 7178/1347/1272 7269/1436/1272
f 7179/1350/1272 7181/1349/1272 7178/1347/1272
f 7271/1437/1272 7272/1438/1272 7270/1439/1272
f 7271/1437/1272 7273/1440/1272 7272/1438/1272
f 7275/1441/1223 7276/1442/1223 7274/1443/1223
f 7275/1441/1223 7277/1444/1223 7276/1442/1223
f 7168/1336/1272 7279/1445/1272 7278/1446/1272
f 7281/1447/141 7282/1448/141 7280/1449/141
f 7281/1447/141 7283/1450/141 7282/1448/141
f 7285/1451/141 7286/1452/141 7284/1453/141
f 7288/1454/141 7289/1455/141 7287/1456/141
f 7288/1454/141 7290/1457/141 7289/1455/141
f 7292/1458/141 7293/1459/141 7291/1460/141
f 7295/1461/141 7296/1462/141 7294/1463/141
f 7298/1464/141 7299/1465/141 7297/1466/141
f 7301/1467/141 7298/1464/141 7300/1468/141
f 7285/1451/141 7292/1458/141 7291/1460/141
f 7285/1451/141 7302/1469/141 7292/1458/141
f 7300/1468/141 7303/1470/141 7301/1467/141
f 7300/1468/141 7304/1471/141 7303/1470/141
f 7306/1472/141 7307/1473/141 7305/1474/141
f 7308/1475/141 7309/1476/141 7307/1473/141
f 7311/1477/141 7312/1478/141 7310/1479/141
f 7311/1477/141 7313/1480/141 7312/1478/141
f 7314/1481/141 7315/1482/141 7313/1480/141
f 7317/1483/141 7318/1484/141 7316/1485/141
f 7320/1486/141 7321/1487/141 7319/1488/141
f 7320/1486/141 7322/1489/141 7321/1487/141
f 7323/1490/141 7324/1491/141 7282/1448/141
f 7326/1492/141 7327/1493/141 7325/1494/141
f 7329/1495/141 7330/1496/141 7328/1497/141
f 7329/1495/141 7331/1498/141 7330/1496/141
f 7333/1499/141 7334/1500/141 7332/1501/141
f 7336/1502/141 7337/1503/141 7335/1504/141
f 7336/1502/141 7338/1505/141 7337/1503/141
f 7340/1506/141 7341/1507/141 7339/1508/141
f 7343/1509/4635 7344/1510/4635 7342/1511/4635
f 7343/1509/4635 7345/1512/4635 7344/1510/4635
f 7347/1513/4636 7348/1514/4636 7346/1515/4636
f 7347/1513/4637 7349/1516/4636 7348/1514/4636
f 7351/1517/4638 7352/1518/4638 7350/1519/4638
f 7351/1517/4638 7353/1520/4638 7352/1518/4638
f 7355/1521/4639 7356/1522/4639 7354/1523/4639
f 7355/1521/4639 7357/1524/4639 7356/1522/4639
f 7359/1525/4640 7360/1526/4641 7358/1527/4641
f 7359/1525/4642 7361/1528/4643 7360/1526/4641
f 7363/1528/4644 7364/1529/4645 7362/1530/4646
f 7363/1528/4644 7365/1525/4640 7364/1529/4645
f 7367/1529/4647 7368/1531/4648 7366/1530/4649
f 7367/1529/4647 7369/1532/4648 7368/1531/4648
f 7371/1533/4650 7372/1534/4650 7370/1535/4650
f 7371/1533/4651 7373/1536/4651 7372/1534/4651
f 7375/1537/4652 7376/1538/4653 7374/1539/4653
f 7375/1537/4654 7377/1540/4655 7376/1538/4656
f 7379/1541/4657 7380/1542/4658 7378/1543/4658
f 7379/1541/4657 7381/1544/4659 7380/1542/4660
f 7383/1545/4661 7384/1546/4662 7382/1547/4663
f 7383/1545/4663 7385/1548/4664 7384/1546/4665
f 7387/1549/4666 7388/1548/4664 7386/1550/4667
f 7387/1549/4666 7389/1546/4665 7388/1548/4664
f 7391/1550/4668 7392/1551/4669 7390/1549/4670
f 7391/1550/4668 7393/1552/4671 7392/1551/4671
f 7395/1553/4672 7396/1554/4672 7394/1555/4672
f 7395/1553/4673 7397/1556/4673 7396/1554/4673
f 7399/1557/4674 7400/1558/4675 7398/1559/4675
f 7399/1557/4676 7401/1560/4677 7400/1558/4678
f 7403/1561/4679 7404/1557/4680 7402/1562/4681
f 7403/1561/4679 7405/1560/4682 7404/1557/4683
f 7402/1562/4684 7406/1563/4685 7403/1561/4686
f 7402/1562/4687 7407/1564/4685 7406/1563/4685
f 7409/1565/4688 7410/1566/4688 7408/1567/4688
f 7409/1565/4689 7411/1568/4690 7410/1566/4689
f 7413/1569/4691 7414/1570/4692 7412/1571/4692
f 7413/1569/4691 7415/1572/4693 7414/1570/4693
f 7417/1573/4694 7418/1574/4694 7416/1575/4694
f 7417/1573/4695 7419/1576/4695 7418/1574/4695
f 7421/1577/4696 7422/1578/4696 7420/1579/4696
f 7421/1577/4696 7423/1580/4696 7422/1578/4696
f 7425/1581/4697 7426/1582/4697 7424/1583/4697
f 7425/1581/4698 7427/1584/4698 7426/1582/4698
f 7429/1585/4699 7430/1586/4699 7428/1587/4699
f 7429/1585/4699 7431/1588/4700 7430/1586/4700
f 7433/1589/4701 7434/1590/4701 7432/1591/4701
f 7433/1589/4701 7435/1592/4701 7434/1590/4701
f 7437/1593/4702 7438/1594/4702 7436/1595/4702
f 7437/1593/4703 7439/1596/4703 7438/1594/4703
f 7441/1597/4704 7442/1598/4704 7440/1599/4704
f 7441/1597/4705 7443/1600/4705 7442/1598/4705
f 7445/1601/4706 7446/1602/4706 7444/1603/4706
f 7445/1601/4707 7447/1604/4707 7446/1602/4707
f 7449/1605/4708 7450/1606/4708 7448/1607/4708
f 7449/1605/4709 7451/1608/4710 7450/1606/4709
f 7453/1609/4711 7454/1610/4711 7452/1611/4711
f 7453/1609/4711 7455/1612/4711 7454/1610/4711
f 7457/1613/4712 7458/1614/4712 7456/1615/4712
f 7457/1613/4713 7459/1616/4713 7458/1614/4713
f 7461/1617/4714 7462/1618/4714 7460/1619/4714
f 7461/1617/4714 7463/1620/4715 7462/1618/4715
f 7465/1621/4716 7466/1622/4716 7464/1623/4716
f 7465/1621/4716 7467/1624/4716 7466/1622/4716
f 7469/1625/4717 7470/1626/4718 7468/1627/4717
f 7469/1625/4717 7471/1628/4717 7470/1626/4717
f 7473/1629/4719 7474/1630/4720 7472/1631/4720
f 7473/1629/4719 7475/1632/4719 7474/1630/4719
f 7477/1633/4721 7478/1634/4721 7476/1635/4721
f 7477/1633/4722 7479/1636/4722 7478/1634/4722
f 7481/1637/4723 7482/1638/4723 7480/1639/4723
f 7481/1637/4723 7483/1640/4723 7482/1638/4723
f 7485/1641/4724 7486/1642/4725 7484/1643/4725
f 7485/1641/4725 7487/1644/4725 7486/1642/4725
f 7489/1645/4726 7490/1646/4726 7488/1647/4726
f 7489/1645/4726 7491/1648/4726 7490/1646/4726
f 7493/1649/4727 7494/1650/4727 7492/1651/4728
f 7493/1649/4729 7495/1652/4727 7494/1650/4729
f 7497/1653/4730 7498/1654/4730 7496/1655/4730
f 7497/1653/4730 7499/1656/4730 7498/1654/4731
f 7501/1657/4732 7502/1658/4732 7500/1659/4732
f 7501/1657/4732 7503/1660/4732 7502/1658/4732
f 7505/1661/4733 7506/1662/4733 7504/1663/4733
f 7505/1661/4733 7507/1664/4733 7506/1662/4733
f 7509/1665/4734 7510/1666/4734 7508/1667/4734
f 7509/1665/4735 7511/1668/4735 7510/1666/4735
f 7513/1669/4736 7514/1670/4736 7512/1671/4736
f 7513/1669/4737 7515/1672/4736 7514/1670/4737
f 7517/1673/4738 7518/1674/4738 7516/1675/4738
f 7517/1673/4738 7519/1676/4738 7518/1674/4738
f 7521/1677/4739 7522/1678/4739 7520/1679/4739
f 7521/1677/4739 7523/1680/4739 7522/1678/4739
f 7525/1681/4740 7526/1682/4740 7524/1683/4740
f 7525/1681/4740 7527/1684/4740 7526/1682/4740
f 7529/1685/4741 7530/1686/4742 7528/1687/4743
f 7529/1685/4741 7531/1688/4741 7530/1686/4742
f 7533/1689/4744 7534/1686/4742 7532/1690/4744
f 7533/1689/4744 7535/1687/4745 7534/1686/4746
f 7537/1691/4747 7538/1692/4747 7536/1693/4747
f 7537/1691/4748 7539/1694/4748 7538/1692/4748
f 7541/1695/4749 7542/1696/4749 7540/1697/4749
f 7541/1695/4749 7543/1698/4750 7542/1696/4750
f 7545/1699/4751 7546/1700/4751 7544/1701/4751
f 7545/1699/4752 7547/1702/4752 7546/1700/4753
f 7549/1703/4754 7550/1704/4754 7548/1705/4754
f 7549/1703/4755 7551/1706/4755 7550/1704/4755
f 7553/1707/4756 7554/1708/4757 7552/1709/4756
f 7553/1707/4758 7555/1710/4758 7554/1708/4759
f 7557/1711/4760 7558/1712/4760 7556/1713/4760
f 7557/1711/4760 7559/1714/4760 7558/1712/4760
f 7561/1715/4761 7562/1716/4761 7560/1717/4761
f 7561/1715/4762 7563/1718/4762 7562/1716/4762
f 7565/1719/4763 7566/1720/4763 7564/1721/4763
f 7565/1719/4763 7567/1722/4763 7566/1720/4763
f 7569/1723/4764 7570/1724/4764 7568/1725/4764
f 7569/1723/4765 7571/1726/4765 7570/1724/4765
f 7573/1727/4766 7574/1728/4766 7572/1729/4766
f 7573/1727/4767 7575/1730/4767 7574/1728/4767
f 7577/1731/4768 7578/1732/4768 7576/1733/4768
f 7577/1731/4768 7579/1734/4768 7578/1732/4768
f 7581/1735/4769 7582/1736/4769 7580/1737/4769
f 7581/1735/4770 7583/1738/4770 7582/1736/4770
f 7585/1739/4771 7586/1740/4771 7584/1741/4771
f 7585/1739/4771 7587/1742/4771 7586/1740/4771
f 7589/1743/4772 7590/1744/4772 7588/1745/4772
f 7589/1743/4773 7591/1746/4773 7590/1744/4773
f 7593/1747/4774 7594/1748/4774 7592/1749/4775
f 7593/1747/4775 7595/1750/4775 7594/1748/4775
f 7597/1751/4776 7598/1752/4777 7596/1753/4777
f 7597/1751/4778 7599/1754/4778 7598/1752/4778
f 7601/1755/4779 7602/1756/4779 7600/1757/4779
f 7601/1755/4779 7603/1758/4780 7602/1756/4779
f 7605/1759/4781 7606/1760/4781 7604/1761/4781
f 7605/1759/4781 7607/1762/4781 7606/1760/4781
f 7609/1763/4782 7610/1764/4782 7608/1765/4782
f 7609/1763/4782 7611/1766/4782 7610/1764/4782
f 7613/1767/4783 7614/1768/4783 7612/1769/4783
f 7613/1767/4783 7615/1770/4783 7614/1768/4783
f 7617/1771/4784 7618/1772/4784 7616/1773/4784
f 7617/1771/4785 7619/1774/4785 7618/1772/4785
f 7621/1775/141 7325/1494/141 7620/1776/141
f 7623/1777/141 7624/1778/141 7622/1779/141
f 7623/1777/141 7625/1780/141 7624/1778/141
f 7627/1781/141 7628/1782/141 7626/1783/141
f 7628/1782/141 7629/1784/141 7626/1783/141
f 7628/1782/141 7630/1785/141 7629/1784/141
f 7632/1786/141 7633/1787/141 7631/1788/141
f 7632/1786/141 7634/1789/141 7633/1787/141
f 7635/1790/141 7636/1791/141 7632/1786/141
f 7620/1776/141 7636/1791/141 7635/1790/141
f 7638/1792/141 7639/1793/141 7637/1794/141
f 7641/1795/141 7642/1796/141 7640/1797/141
f 7644/1798/141 7645/1799/141 7643/1800/141
f 7646/1801/141 7647/1802/141 7286/1452/141
f 7649/1803/141 7650/1804/141 7648/1805/141
f 7652/1806/141 7637/1794/141 7651/1807/141
f 7654/1808/141 7655/1809/141 7653/1810/141
f 7654/1808/141 7656/1811/141 7655/1809/141
f 7658/1812/4786 7659/1813/4786 7657/1814/4786
f 7658/1812/4786 7660/1815/4786 7659/1813/4786
f 7662/1816/1344 7663/1817/1344 7661/1818/1344
f 7665/1819/1344 7666/1820/1344 7664/1821/1344
f 7665/1819/1344 7667/1822/1344 7666/1820/1344
f 7669/1823/1344 7670/1824/1344 7668/1825/1344
f 7669/1823/1344 7671/1826/1344 7670/1824/1344
f 7673/1827/1344 7670/1824/1344 7672/1828/1344
f 7673/1827/1344 7668/1825/1344 7670/1824/1344
f 7675/1829/1344 7676/1830/1344 7674/1831/1344
f 7675/1829/1344 7666/1820/1344 7676/1830/1344
f 7674/1831/1344 7678/1832/1344 7677/1833/1344
f 7680/1834/1344 7681/1835/1344 7679/1836/1344
f 7683/1837/4787 7684/1838/4788 7682/1839/4787
f 7683/1837/4787 7685/1840/4789 7684/1838/4788
f 7687/1841/4790 7688/1840/4791 7686/1842/4790
f 7687/1841/4790 7689/1838/4792 7688/1840/4791
f 7691/1843/4793 7692/1844/4793 7690/1845/4793
f 7691/1843/4794 7693/1846/4794 7692/1844/4794
f 7695/1847/4795 7696/1848/4795 7694/1849/4795
f 7695/1847/4795 7697/1850/4795 7696/1848/4795
f 7699/1851/4796 7700/1852/4796 7698/1853/4796
f 7699/1851/4796 7701/1854/4796 7700/1852/4796
f 7703/1855/4797 7704/1856/4798 7702/1857/4799
f 7703/1855/4797 7705/1858/4797 7704/1856/4798
f 7707/1856/4800 7708/1859/4801 7706/1857/4802
f 7707/1856/4800 7709/1860/4801 7708/1859/4801
f 7711/1861/4803 7712/1862/4804 7710/1863/4805
f 7711/1861/4803 7713/1864/4806 7712/1862/4804
f 7715/1863/4807 7716/1865/4808 7714/1866/4809
f 7715/1863/4810 7717/1862/4804 7716/1865/4809
f 7719/1867/4811 7720/1868/4812 7718/1869/4811
f 7719/1867/4811 7721/1870/4813 7720/1868/4812
f 7723/1870/4814 7724/1871/4815 7722/1868/4816
f 7723/1870/4817 7725/1872/4818 7724/1871/4815
f 7727/1873/4819 7728/1874/4819 7726/1875/4819
f 7727/1873/4819 7729/1876/4819 7728/1874/4819
f 7731/1877/4820 7732/1878/4821 7730/1879/4822
f 7731/1877/4823 7733/1880/4823 7732/1878/4821
f 7735/1879/4822 7736/1881/4824 7734/1882/4824
f 7735/1879/4822 7737/1878/4825 7736/1881/4824
f 7739/1883/4826 7740/1884/4826 7738/1885/4826
f 7739/1883/4826 7741/1886/4826 7740/1884/4826
f 7743/1887/4827 7744/1888/4828 7742/1889/4827
f 7743/1887/4827 7745/1890/4829 7744/1888/4828
f 7747/1890/4830 7748/1891/4831 7746/1888/4832
f 7747/1890/4830 7749/1892/4831 7748/1891/4831
f 7751/1893/4833 7752/1894/4833 7750/1895/4833
f 7751/1893/4833 7753/1896/4834 7752/1894/4834
f 7754/1897/1344 7680/1834/1344 7679/1836/1344
f 7754/1897/1344 7755/1898/1344 7680/1834/1344
f 7757/1899/4835 7758/1900/4835 7756/1901/4835
f 7757/1899/4835 7759/1902/4835 7758/1900/4835
f 7163/1334/1272 7173/1341/1272 7174/1344/1272
f 7168/1336/1272 7760/1903/1272 7166/1337/1272
f 7761/1904/1272 7182/1351/1272 7180/1348/1272
f 7183/1352/1272 7763/1905/1272 7762/1906/1272
f 7761/1904/1272 7763/1905/1272 7183/1352/1272
f 7165/1333/1272 7164/1332/1272 7764/1907/1272
f 7165/1333/1272 7764/1907/1272 7171/1340/1272
f 7167/1335/1272 7166/1337/1272 7177/1346/1272
f 7766/1908/4836 7767/1909/4836 7765/1910/4836
f 7766/1908/4837 7768/1911/4837 7767/1909/4837
f 7770/1912/4838 7771/1913/4838 7769/1914/4838
f 7770/1912/4839 7772/1915/4839 7771/1913/4839
f 7774/1916/4840 7775/1917/4840 7773/1918/4840
f 7774/1916/4840 7776/1919/4840 7775/1917/4840
f 7778/1920/4841 7779/1921/4841 7777/1922/4841
f 7778/1920/4841 7780/1923/4841 7779/1921/4841
f 7281/1447/141 7781/1924/141 7283/1450/141
f 7782/1925/141 7783/1926/141 7280/1449/141
f 7785/1540/4842 7786/1544/4659 7784/1541/4657
f 7785/1540/4842 7787/1537/4843 7786/1544/4659
f 7294/1463/141 7296/1462/141 7788/1927/141
f 7299/1465/141 7789/1928/141 7297/1466/141
f 7789/1928/141 7292/1458/141 7297/1466/141
f 7291/1460/141 7293/1459/141 7646/1801/141
f 7307/1473/141 7309/1476/141 7305/1474/141
f 7318/1484/141 7791/1929/141 7790/1930/141
f 7318/1484/141 7792/1931/141 7791/1929/141
f 7794/1932/141 7795/1933/141 7793/1934/141
f 7794/1932/141 7793/1934/141 7308/1475/141
f 7797/1935/141 7798/1936/141 7796/1937/141
f 7797/1935/141 7799/1938/141 7798/1936/141
f 7801/1939/4844 7802/1940/4844 7800/1941/4844
f 7801/1939/4845 7803/1942/4845 7802/1940/4845
f 7805/1943/4846 7806/1944/4846 7804/1945/4846
f 7805/1943/4846 7807/1946/4846 7806/1944/4846
f 7809/1947/141 7649/1803/141 7808/1948/141
f 7810/1949/141 7811/1950/141 7809/1947/141
f 7808/1948/141 7813/1951/141 7812/1952/141
f 7645/1799/141 7798/1936/141 7814/1953/141
f 7645/1799/141 7796/1937/141 7798/1936/141
f 7816/1954/141 7654/1808/141 7815/1955/141
f 7816/1954/141 7656/1811/141 7654/1808/141
f 7648/1805/141 7813/1951/141 7649/1803/141
f 7818/1956/141 7333/1499/141 7817/1957/141
f 7663/1817/1344 7819/1958/1344 7661/1818/1344
f 7662/1816/1344 7821/1959/1344 7820/1960/1344
f 7823/1961/1344 7824/1962/1344 7822/1963/1344
f 7671/1826/1344 7669/1823/1344 7823/1961/1344
f 7819/1958/1344 7824/1962/1344 7661/1818/1344
f 7826/1872/4818 7827/1964/4847 7825/1871/4848
f 7826/1872/4818 7828/1965/4849 7827/1964/4849
f 7830/1966/1344 7831/1967/1344 7829/1968/1344
f 7830/1966/1344 7832/1969/1344 7831/1967/1344
f 7834/1970/1344 7754/1897/1344 7833/1971/1344
f 7834/1970/1344 7755/1898/1344 7754/1897/1344
f 7836/1972/1344 7837/1973/1344 7835/1974/1344
f 7839/1975/4850 7840/1976/4850 7838/1977/4850
f 7839/1975/4851 7841/1978/4851 7840/1976/4851
f 7182/1351/1272 7761/1904/1272 7183/1352/1272
f 7843/1979/1272 7844/1980/1272 7842/1981/1272
f 7843/1979/1272 7845/1982/1272 7844/1980/1272
f 7281/1447/141 7846/1983/141 7781/1924/141
f 7298/1464/141 7788/1927/141 7847/1984/141
f 7301/1467/141 7788/1927/141 7298/1464/141
f 7848/1985/141 7849/1986/141 7793/1934/141
f 7848/1985/141 7850/1987/141 7849/1986/141
f 7793/1934/141 7851/1988/141 7781/1924/141
f 7781/1924/141 7846/1983/141 7815/1955/141
f 7790/1930/141 7322/1489/141 7316/1485/141
f 7621/1775/141 7635/1790/141 7852/1989/141
f 7621/1775/141 7620/1776/141 7635/1790/141
f 7325/1494/141 7853/1990/141 7620/1776/141
f 7325/1494/141 7854/1991/141 7853/1990/141
f 7856/1992/4852 7857/1993/4852 7855/1994/4852
f 7856/1992/4853 7858/1995/4853 7857/1993/4852
f 7280/1449/141 7324/1491/141 7782/1925/141
f 7280/1449/141 7282/1448/141 7324/1491/141
f 7305/1474/141 7859/1996/141 7306/1472/141
f 7305/1474/141 7850/1987/141 7859/1996/141
f 7860/1997/141 7321/1487/141 7790/1930/141
f 7790/1930/141 7316/1485/141 7318/1484/141
f 7645/1799/141 7814/1953/141 7643/1800/141
f 7848/1985/141 7316/1485/141 7859/1996/141
f 7848/1985/141 7317/1483/141 7316/1485/141
f 7285/1451/141 7284/1453/141 7302/1469/141
f 7333/1499/141 7818/1956/141 7334/1500/141
f 7862/1998/4854 7863/1999/4854 7861/2000/4854
f 7862/1998/4854 7864/2001/4854 7863/1999/4854
f 7284/1453/141 7286/1452/141 7647/1802/141
f 7781/1924/141 7851/1988/141 7283/1450/141
f 7852/1989/141 7865/2002/141 7621/1775/141
f 7636/1791/141 7634/1789/141 7632/1786/141
f 7867/2003/1074 7868/2004/1074 7866/2005/1074
f 7867/2003/1074 7869/2006/1074 7868/2004/1074
f 7821/1959/1344 7672/1828/1344 7820/1960/1344
f 7821/1959/1344 7673/1827/1344 7672/1828/1344
f 7287/1456/141 7871/2007/141 7870/2008/141
f 7267/1435/1272 7873/2009/1272 7872/2010/1272
f 7853/1990/141 7622/1779/141 7627/1781/141
f 7310/1479/141 7874/2011/141 7795/1933/141
f 7163/1334/1272 7174/1344/1272 7164/1332/1272
f 7642/1796/141 7648/1805/141 7650/1804/141
f 7876/2012/4855 7877/2013/4855 7875/2014/4856
f 7876/2012/4856 7878/2015/4856 7877/2013/4856
f 7667/1822/1344 7676/1830/1344 7666/1820/1344
f 7677/1833/1344 7663/1817/1344 7674/1831/1344
f 7677/1833/1344 7819/1958/1344 7663/1817/1344
f 7849/1986/141 7308/1475/141 7793/1934/141
f 7309/1476/141 7308/1475/141 7849/1986/141
f 7623/1777/141 7622/1779/141 7853/1990/141
f 7170/1338/1272 7269/1436/1272 7169/1339/1272
f 7879/2016/1272 7173/1341/1272 7172/1342/1272
f 7881/2017/141 7882/2018/141 7880/2019/141
f 7881/2017/141 7883/2020/141 7882/2018/141
f 7880/2019/141 7884/2021/141 7881/2017/141
f 7883/2020/141 7885/2022/141 7882/2018/141
f 7279/1445/1272 7170/1338/1272 7278/1446/1272
f 7170/1338/1272 7171/1340/1272 7278/1446/1272
f 7168/1336/1272 7278/1446/1272 7760/1903/1272
f 7823/1961/1344 7886/2023/1344 7824/1962/1344
f 7823/1961/1344 7669/1823/1344 7886/2023/1344
f 7681/1835/1344 7888/2024/1344 7887/2025/1344
f 7664/1821/1344 7889/2026/1344 7665/1819/1344
f 7653/1810/141 7655/1809/141 7647/1802/141
f 7646/1801/141 7653/1810/141 7647/1802/141
f 7646/1801/141 7293/1459/141 7653/1810/141
f 7808/1948/141 7649/1803/141 7813/1951/141
f 7811/1950/141 7890/2027/141 7809/1947/141
f 7809/1947/141 7890/2027/141 7649/1803/141
f 7650/1804/141 7891/2028/141 7642/1796/141
f 7642/1796/141 7891/2028/141 7640/1797/141
f 7871/2007/141 7284/1453/141 7647/1802/141
f 7871/2007/141 7289/1455/141 7284/1453/141
f 7871/2007/141 7287/1456/141 7289/1455/141
f 7299/1465/141 7893/2029/141 7892/2030/141
f 7299/1465/141 7298/1464/141 7893/2029/141
f 7298/1464/141 7297/1466/141 7300/1468/141
f 7796/1937/141 7894/2031/141 7797/1935/141
f 7652/1806/141 7798/1936/141 7799/1938/141
f 7652/1806/141 7799/1938/141 7637/1794/141
f 7639/1793/141 7651/1807/141 7637/1794/141
f 7315/1482/141 7895/2032/141 7312/1478/141
f 7315/1482/141 7312/1478/141 7313/1480/141
f 7314/1481/141 7897/2033/141 7896/2034/141
f 7314/1481/141 7896/2034/141 7860/1997/141
f 7627/1781/141 7622/1779/141 7628/1782/141
f 7870/2008/141 7846/1983/141 7898/2035/141
f 7870/2008/141 7871/2007/141 7846/1983/141
f 7871/2007/141 7816/1954/141 7815/1955/141
f 7846/1983/141 7871/2007/141 7815/1955/141
f 7874/2011/141 7899/2036/141 7851/1988/141
f 7795/1933/141 7874/2011/141 7851/1988/141
f 7851/1988/141 7793/1934/141 7795/1933/141
f 7290/1457/141 7288/1454/141 7847/1984/141
f 7288/1454/141 7900/2037/141 7847/1984/141
f 7789/1928/141 7293/1459/141 7292/1458/141
f 7317/1483/141 7293/1459/141 7789/1928/141
f 7317/1483/141 7848/1985/141 7293/1459/141
f 7859/1996/141 7850/1987/141 7848/1985/141
f 7164/1332/1272 7760/1903/1272 7764/1907/1272
f 7164/1332/1272 7166/1337/1272 7760/1903/1272
f 7185/1353/1272 7184/1355/1272 7901/2038/1272
f 7185/1353/1272 7901/2038/1272 7267/1435/1272
f 7903/2039/1272 7904/2040/1272 7902/2041/1272
f 7873/2009/1272 7902/2041/1272 7872/2010/1272
f 7872/2010/1272 7268/1434/1272 7267/1435/1272
f 7902/2041/1272 7873/2009/1272 7903/2039/1272
f 7821/1959/1344 7662/1816/1344 7661/1818/1344
f 7905/2042/1344 7822/1963/1344 7824/1962/1344
f 7819/1958/1344 7905/2042/1344 7824/1962/1344
f 7906/2043/1344 7822/1963/1344 7905/2042/1344
f 7889/2026/1344 7906/2043/1344 7665/1819/1344
f 7837/1973/1344 7830/1966/1344 7907/2044/1344
f 7907/2044/1344 7835/1974/1344 7837/1973/1344
f 7830/1966/1344 7829/1968/1344 7907/2044/1344
f 7833/1971/1344 7908/2045/1344 7834/1970/1344
f 7178/1347/1272 7169/1339/1272 7269/1436/1272
f 7178/1347/1272 7879/2016/1272 7172/1342/1272
f 7854/1991/141 7623/1777/141 7853/1990/141
f 7311/1477/141 7310/1479/141 7795/1933/141
f 7307/1473/141 7795/1933/141 7308/1475/141
f 7307/1473/141 7311/1477/141 7795/1933/141
f 7321/1487/141 7322/1489/141 7790/1930/141
f 7790/1930/141 7314/1481/141 7860/1997/141
f 7790/1930/141 7315/1482/141 7314/1481/141
f 7909/2046/141 7880/2019/141 7882/2018/141
f 7909/2046/141 7327/1493/141 7880/2019/141
f 7854/1991/141 7327/1493/141 7909/2046/141
f 7854/1991/141 7325/1494/141 7327/1493/141
f 7909/2046/141 7910/2047/141 7854/1991/141
f 7296/1462/141 7290/1457/141 7847/1984/141
f 7788/1927/141 7296/1462/141 7847/1984/141
f 7674/1831/1344 7911/2048/1344 7678/1832/1344
f 7674/1831/1344 7676/1830/1344 7911/2048/1344
f 7681/1835/1344 7912/2049/1344 7679/1836/1344
f 7887/2025/1344 7913/2050/1344 7912/2049/1344
f 7681/1835/1344 7887/2025/1344 7912/2049/1344
f 7833/1971/1344 7915/2051/1344 7914/2052/1344
f 7917/2053/278 7918/2054/278 7916/2055/278
f 7917/2053/278 7919/2056/278 7918/2054/278
f 7916/2055/278 7920/2057/278 7917/2053/278
f 7922/2058/278 7919/2056/278 7921/2059/278
f 7922/2058/278 7918/2054/278 7919/2056/278
f 7924/2060/278 7925/2061/278 7923/2062/278
f 7924/2060/278 7926/2063/278 7925/2061/278
f 7928/2064/4857 7929/2065/4857 7927/2066/4857
f 7928/2064/4857 7930/2067/4857 7929/2065/4857
f 7932/2068/4858 7933/2069/4858 7931/2070/4858
f 7932/2068/4858 7934/2071/4858 7933/2069/4858
f 7936/2072/4859 7937/2073/4859 7935/2074/4859
f 7936/2072/4860 7938/2075/4860 7937/2073/4860
f 7940/2076/4861 7941/2077/4861 7939/2078/4861
f 7940/2076/4861 7942/2079/4861 7941/2077/4861
f 7944/2080/4862 7945/2081/4862 7943/2082/4862
f 7944/2080/4863 7946/2083/4863 7945/2081/4863
f 7948/2084/4864 7949/2085/4864 7947/2086/4864
f 7948/2084/4864 7950/2087/4864 7949/2085/4864
f 7952/2088/4865 7953/2089/4865 7951/2090/4865
f 7952/2088/4866 7954/2091/4866 7953/2089/4866
f 7956/2092/4867 7957/2093/4867 7955/2094/4868
f 7956/2092/4868 7958/2095/4868 7957/2093/4868
f 7960/2096/4869 7961/2097/4870 7959/2098/4869
f 7960/2096/4871 7962/2099/4872 7961/2097/4873
f 7964/2099/4874 7965/2100/4875 7963/2097/4870
f 7964/2099/4876 7966/2101/4875 7965/2100/4875
f 7968/2102/4877 7969/2103/4877 7967/2104/4877
f 7968/2102/4877 7970/2105/4877 7969/2103/4877
f 7972/2106/4878 7973/2107/4879 7971/2108/4879
f 7972/2106/4878 7974/2109/4880 7973/2107/4881
f 7976/2110/4882 7977/2109/4883 7975/2106/4878
f 7976/2110/4882 7978/2111/4882 7977/2109/4883
f 7980/2112/4884 7981/2113/4884 7979/2114/4884
f 7980/2112/4884 7982/2115/4884 7981/2113/4884
f 7984/2116/4885 7985/2117/4885 7983/2118/4885
f 7984/2116/4885 7986/2119/4885 7985/2117/4885
f 7988/2120/4886 7989/2121/4887 7987/2122/4886
f 7988/2120/4887 7990/2123/4887 7989/2121/4887
f 7992/2124/4888 7993/2125/4888 7991/2126/4888
f 7992/2124/4888 7994/2127/4888 7993/2125/4888
f 7996/2128/4889 7997/2129/4889 7995/2130/4889
f 7996/2128/4890 7998/2131/4889 7997/2129/4890
f 8000/2132/4891 8001/2133/4891 7999/2134/4891
f 8000/2132/4892 8002/2135/4892 8001/2133/4892
f 8004/2136/4893 8005/2137/4893 8003/2138/4893
f 8004/2136/4893 8006/2139/4893 8005/2137/4893
f 8008/2140/4894 8009/2141/4894 8007/2142/4894
f 8008/2140/4895 8010/2143/4895 8009/2141/4895
f 8012/2144/4896 8013/2145/4897 8011/2146/4896
f 8012/2144/4898 8014/2147/4896 8013/2145/4898
f 8016/2148/4899 8017/2149/4899 8015/2150/4899
f 8016/2148/4899 8018/2151/4899 8017/2149/4899
f 8020/2152/4900 8021/2153/4901 8019/2154/4901
f 8020/2152/4902 8022/2155/4903 8021/2153/4903
f 8024/2156/4904 8025/2157/4904 8023/2158/4904
f 8024/2156/4905 8026/2159/4905 8025/2157/4905
f 8028/2160/4906 8029/2161/4906 8027/2162/4906
f 8028/2160/4906 8030/2163/4906 8029/2161/4906
f 8032/2164/4907 8033/2165/4908 8031/2166/4908
f 8032/2164/4909 8034/2167/4909 8033/2165/4909
f 8036/2168/4910 8037/2169/4910 8035/2170/4910
f 8036/2168/4911 8038/2171/4911 8037/2169/4912
f 8040/2172/4913 8041/2173/4913 8039/2174/4913
f 8040/2172/4914 8042/2175/4914 8041/2173/4913
f 8044/2176/4915 8045/2177/4915 8043/2178/4915
f 8044/2176/4915 8046/2179/4915 8045/2177/4915
f 8048/2180/4916 8049/2181/4916 8047/2182/4916
f 8048/2180/4917 8050/2183/4917 8049/2181/4917
f 8052/2184/4918 8053/2185/4918 8051/2186/4918
f 8052/2184/4918 8054/2187/4918 8053/2185/4918
f 8056/2188/4919 8057/2189/4919 8055/2190/4919
f 8056/2188/4919 8058/2191/4919 8057/2189/4919
f 8060/2192/4920 8061/2193/4920 8059/2194/4920
f 8060/2192/4921 8062/2195/4921 8061/2193/4921
f 8064/2196/4922 8065/2197/4922 8063/2198/4922
f 8064/2196/4922 8066/2199/4922 8065/2197/4922
f 8068/2200/4923 8069/2201/4923 8067/2202/4923
f 8068/2200/4924 8070/2203/4924 8069/2201/4924
f 8072/2204/4925 8073/2205/4925 8071/2206/4925
f 8072/2204/4926 8074/2207/4926 8073/2205/4926
f 8076/2208/4927 8077/2209/4927 8075/2210/4927
f 8076/2208/4927 8078/2211/4927 8077/2209/4927
f 8080/2212/4928 8081/2213/4928 8079/2214/4928
f 8080/2212/4928 8082/2215/4928 8081/2213/4928
f 8084/2216/4929 8085/2217/4929 8083/2218/4929
f 8084/2216/4930 8086/2219/4930 8085/2217/4930
f 8088/2220/4931 8089/2221/4931 8087/2222/4931
f 8088/2220/4932 8090/2223/4932 8089/2221/4932
f 8092/2224/4933 8093/2225/4933 8091/2226/4933
f 8092/2224/4933 8094/2227/4933 8093/2225/4933
f 8096/2228/4934 8097/2229/4934 8095/2230/4934
f 8096/2228/4934 8098/2231/4934 8097/2229/4934
f 8100/2232/4935 8101/2233/4935 8099/2234/4935
f 8100/2232/4935 8102/2235/4935 8101/2233/4935
f 8104/2236/4936 8105/2237/4936 8103/2238/4937
f 8104/2236/4936 8106/2239/4938 8105/2237/4938
f 8108/2240/4939 8109/2241/4939 8107/2242/4939
f 8108/2240/4939 8110/2243/4939 8109/2241/4939
f 8112/2244/4940 8113/2245/4940 8111/2246/4941
f 8112/2244/4942 8114/2247/4943 8113/2245/4942
f 8116/2248/4944 8117/2249/4944 8115/2250/4944
f 8116/2248/4944 8118/2251/4944 8117/2249/4944
f 8120/2252/4945 8121/2253/4946 8119/2254/4946
f 8120/2252/4946 8122/2255/4946 8121/2253/4947
f 8124/2256/4948 8125/2257/4948 8123/2258/4948
f 8124/2256/4949 8126/2259/4949 8125/2257/4950
f 8128/2260/4951 8129/2261/4951 8127/2262/4951
f 8128/2260/4952 8130/2263/4952 8129/2261/4951
f 8132/2264/4953 8133/2265/4953 8131/2266/4953
f 8132/2264/4954 8134/2267/4954 8133/2265/4954
f 8136/2268/4955 8137/2269/4955 8135/2270/4955
f 8136/2268/4956 8138/2271/4955 8137/2269/4956
f 8140/2272/4957 8141/2273/4957 8139/2274/4957
f 8140/2272/4957 8142/2275/4957 8141/2273/4957
f 8144/2276/4958 8145/2277/4958 8143/2278/4958
f 8144/2276/4959 8146/2279/4959 8145/2277/4958
f 8148/2280/4960 8149/2281/4961 8147/2282/4961
f 8148/2280/4962 8150/2283/4962 8149/2281/4962
f 8152/2284/4963 8153/2285/4963 8151/2286/4963
f 8152/2284/4963 8154/2287/4963 8153/2285/4963
f 8156/2288/4964 8157/2289/4964 8155/2290/4964
f 8156/2288/4964 8158/2291/4964 8157/2289/4964
f 8160/2292/4965 8161/2293/4966 8159/2294/4966
f 8160/2292/4965 8162/2295/4965 8161/2293/4965
f 8164/2296/4967 8165/2297/4967 8163/2298/4967
f 8164/2296/4967 8166/2299/4967 8165/2297/4967
f 8168/2300/4968 8169/2301/4968 8167/2302/4968
f 8168/2300/4968 8170/2303/4968 8169/2301/4968
f 8172/2304/4969 8173/2305/4969 8171/2306/4969
f 8172/2304/4969 8174/2307/4969 8173/2305/4969
f 8176/2308/278 8177/2309/278 8175/2310/278
f 8179/2311/4970 8180/2312/4970 8178/2313/4970
f 8179/2311/4970 8181/2314/4970 8180/2312/4970
f 8183/2315/278 8184/2316/278 8182/2317/278
f 8185/2318/278 8186/2319/278 8183/2315/278
f 8188/2320/278 8189/2321/278 8187/2322/278
f 8191/2323/278 8192/2324/278 8190/2325/278
f 8191/2323/278 8193/2326/278 8192/2324/278
f 8195/2327/278 8196/2328/278 8194/2329/278
f 8195/2327/278 8197/2330/278 8196/2328/278
f 8199/2331/278 8200/2332/278 8198/2333/278
f 8199/2331/278 8201/2334/278 8200/2332/278
f 8203/2335/278 8204/2336/278 8202/2337/278
f 8206/2338/278 8207/2339/278 8205/2340/278
f 8206/2338/278 8208/2341/278 8207/2339/278
f 8210/2342/278 8211/2343/278 8209/2344/278
f 8213/2345/4971 8214/2346/4971 8212/2347/4971
f 8213/2345/4971 8215/2348/4971 8214/2346/4971
f 8217/2349/4972 8218/2350/4972 8216/2351/4972
f 8217/2349/4972 8219/2352/4972 8218/2350/4972
f 8221/2353/4973 8222/2354/4973 8220/2355/4973
f 8221/2353/4973 8223/2356/4973 8222/2354/4973
f 8225/2357/4974 8226/2358/4974 8224/2359/4974
f 8225/2357/4975 8227/2360/4975 8226/2358/4975
f 8229/2361/4976 8230/2362/4976 8228/2363/4976
f 8229/2361/4977 8231/2364/4977 8230/2362/4977
f 8233/2365/4978 8234/2366/4979 8232/2367/4979
f 8233/2365/4978 8235/2368/4978 8234/2366/4978
f 8237/2369/4980 8238/2370/4980 8236/2371/4980
f 8237/2369/4980 8239/2372/4980 8238/2370/4980
f 8241/2373/4981 8242/2374/4981 8240/2375/4981
f 8241/2373/4981 8243/2376/4981 8242/2374/4981
f 8245/2377/4982 8246/2378/4983 8244/2379/4982
f 8245/2377/4984 8247/2380/4984 8246/2378/4984
f 8249/2381/4985 8250/2382/4985 8248/2383/4985
f 8249/2381/4985 8251/2384/4985 8250/2382/4985
f 8253/2385/4986 8254/2386/4986 8252/2387/4986
f 8253/2385/4987 8255/2388/4987 8254/2386/4987
f 8257/2389/278 8258/2390/278 8256/2391/278
f 8260/2392/278 8261/2393/278 8259/2394/278
f 8263/2395/278 8264/2396/278 8262/2397/278
f 8266/2398/278 8267/2399/278 8265/2400/278
f 8266/2398/278 8268/2401/278 8267/2399/278
f 8270/2402/4988 8271/2403/4988 8269/2404/4988
f 8270/2402/4989 8272/2405/4989 8271/2403/4989
f 7920/2057/278 8274/2406/278 8273/2407/278
f 8194/2329/278 8191/2323/278 8275/2408/278
f 8194/2329/278 8193/2326/278 8191/2323/278
f 8277/2409/278 8278/2410/278 8276/2411/278
f 8277/2409/278 8279/2412/278 8278/2410/278
f 8281/2413/4990 8282/2414/4990 8280/2415/4990
f 8281/2413/4990 8283/2416/4990 8282/2414/4990
f 8285/2417/278 8286/2418/278 8284/2419/278
f 8288/2420/4991 8289/2421/4991 8287/2422/4991
f 8288/2420/4991 8290/2423/4991 8289/2421/4991
f 8292/2424/4992 8293/2425/4992 8291/2426/4992
f 8292/2424/4992 8294/2427/4992 8293/2425/4992
f 8186/2319/278 8185/2318/278 8295/2428/278
f 8183/2315/278 8186/2319/278 8296/2429/278
f 8297/2430/278 8186/2319/278 8295/2428/278
f 8298/2431/278 8297/2430/278 8295/2428/278
f 8299/2432/278 8298/2431/278 8295/2428/278
f 8299/2432/278 8300/2433/278 8298/2431/278
f 8299/2432/278 8301/2434/278 8275/2408/278
f 8299/2432/278 8275/2408/278 8300/2433/278
f 8302/2435/278 8301/2434/278 8299/2432/278
f 8303/2436/278 8304/2437/278 8278/2410/278
f 8279/2412/278 8306/2438/278 8305/2439/278
f 8303/2436/278 8279/2412/278 8305/2439/278
f 8303/2436/278 8278/2410/278 8279/2412/278
f 8308/2440/4993 8309/2441/4993 8307/2442/4993
f 8308/2440/4993 8310/2443/4993 8309/2441/4993
f 8176/2308/278 8312/2444/278 8311/2445/278
f 8314/2446/278 8185/2318/278 8313/2447/278
f 8314/2446/278 8315/2448/278 8185/2318/278
f 8317/2449/278 8184/2316/278 8316/2450/278
f 8318/2451/278 8319/2452/278 8316/2450/278
f 7920/2057/278 8175/2310/278 8320/2453/278
f 7920/2057/278 8320/2453/278 7917/2053/278
f 8322/2454/278 7921/2059/278 8321/2455/278
f 8322/2454/278 7922/2058/278 7921/2059/278
f 8324/2456/278 8325/2457/278 8323/2458/278
f 8325/2457/278 8326/2459/278 8323/2458/278
f 8324/2456/278 8327/2460/278 8325/2457/278
f 8329/2461/278 8327/2460/278 8328/2462/278
f 8329/2461/278 8330/2463/278 8327/2460/278
f 8327/2460/278 8330/2463/278 8325/2457/278
f 8330/2463/278 8331/2464/278 8325/2457/278
f 8333/2465/278 8334/2466/278 8332/2467/278
f 8333/2465/278 8335/2468/278 8334/2466/278
f 8337/2469/278 8338/2470/278 8336/2471/278
f 8338/2470/278 8339/2472/278 8336/2471/278
f 8340/2473/278 8341/2474/278 8262/2397/278
f 8264/2396/278 8340/2473/278 8262/2397/278
f 8340/2473/278 8342/2475/278 8341/2474/278
f 8341/2474/278 8336/2471/278 8262/2397/278
f 8341/2474/278 8337/2469/278 8336/2471/278
f 8340/2473/278 8343/2476/278 8342/2475/278
f 8343/2476/278 8344/2477/278 8342/2475/278
f 8343/2476/278 8345/2478/278 8344/2477/278
f 8343/2476/278 8346/2479/278 8345/2478/278
f 8204/2336/278 8347/2480/278 8202/2337/278
f 8347/2480/278 8348/2481/278 8202/2337/278
f 8317/2449/278 8313/2447/278 8182/2317/278
f 8183/2315/278 8296/2429/278 8184/2316/278
f 8317/2449/278 8182/2317/278 8184/2316/278
f 8349/2482/278 8323/2458/278 8318/2451/278
f 8349/2482/278 8324/2456/278 8323/2458/278
f 8349/2482/278 8318/2451/278 8316/2450/278
f 8184/2316/278 8349/2482/278 8316/2450/278
f 8191/2323/278 8300/2433/278 8275/2408/278
f 8350/2483/278 8273/2407/278 8187/2322/278
f 8301/2434/278 8352/2484/278 8351/2485/278
f 8301/2434/278 8302/2435/278 8352/2484/278
f 8261/2393/278 8353/2486/278 8259/2394/278
f 8261/2393/278 8354/2487/278 8353/2486/278
f 8354/2487/278 8355/2488/278 8353/2486/278
f 8261/2393/278 8356/2489/278 8354/2487/278
f 8355/2488/278 8357/2490/278 8353/2486/278
f 8355/2488/278 8358/2491/278 8357/2490/278
f 8358/2491/278 8359/2492/278 8357/2490/278
f 8359/2492/278 8360/2493/278 8357/2490/278
f 7925/2061/278 8362/2494/278 8361/2495/278
f 7923/2062/278 7925/2061/278 8361/2495/278
f 8193/2326/278 8194/2329/278 8196/2328/278
f 8193/2326/278 8196/2328/278 8268/2401/278
f 8266/2398/278 8361/2495/278 8268/2401/278
f 8266/2398/278 7923/2062/278 8361/2495/278
f 8361/2495/278 8193/2326/278 8268/2401/278
f 8350/2483/278 8302/2435/278 8273/2407/278
f 8273/2407/278 8363/2496/278 8187/2322/278
f 8302/2435/278 8315/2448/278 8273/2407/278
f 8299/2432/278 8364/2497/278 8315/2448/278
f 8302/2435/278 8299/2432/278 8315/2448/278
f 8188/2320/278 8351/2485/278 8352/2484/278
f 8189/2321/278 8350/2483/278 8187/2322/278
f 8188/2320/278 8352/2484/278 8189/2321/278
f 7926/2063/278 7924/2060/278 8365/2498/278
f 8366/2499/278 7926/2063/278 8365/2498/278
f 7924/2060/278 8188/2320/278 8365/2498/278
f 8188/2320/278 8187/2322/278 8365/2498/278
f 8368/2500/278 8369/2501/278 8367/2502/278
f 8369/2501/278 8371/2503/278 8370/2504/278
f 8369/2501/278 8368/2500/278 8371/2503/278
f 8276/2411/278 8370/2504/278 8277/2409/278
f 8276/2411/278 8369/2501/278 8370/2504/278
f 8371/2503/278 8372/2505/278 8370/2504/278
f 8371/2503/278 8373/2506/278 8372/2505/278
f 8276/2411/278 8374/2507/278 8369/2501/278
f 8370/2504/278 8375/2508/278 8277/2409/278
f 8319/2452/278 8376/2509/278 8320/2453/278
f 8316/2450/278 8319/2452/278 8320/2453/278
f 8175/2310/278 8177/2309/278 8316/2450/278
f 8175/2310/278 8316/2450/278 8320/2453/278
f 8176/2308/278 8311/2445/278 8177/2309/278
f 8176/2308/278 8314/2446/278 8312/2444/278
f 8377/2510/278 8378/2511/278 8372/2505/278
f 8371/2503/278 8379/2512/278 8373/2506/278
f 8373/2506/278 8377/2510/278 8372/2505/278
f 8379/2512/278 8381/2513/278 8380/2514/278
f 8381/2513/278 8382/2515/278 8380/2514/278
f 8379/2512/278 8380/2514/278 8373/2506/278
f 7920/2057/278 7916/2055/278 8274/2406/278
f 8383/2516/278 8384/2517/278 8258/2390/278
f 8386/2518/278 8387/2519/278 8385/2520/278
f 8386/2518/278 8367/2502/278 8387/2519/278
f 8368/2500/278 8367/2502/278 8386/2518/278
f 8384/2517/278 8386/2518/278 8258/2390/278
f 8384/2517/278 8368/2500/278 8386/2518/278
f 8257/2389/278 8383/2516/278 8258/2390/278
f 8382/2515/278 8388/2521/278 8380/2514/278
f 8274/2406/278 8366/2499/278 8365/2498/278
f 8274/2406/278 8389/2522/278 8366/2499/278
f 8365/2498/278 8363/2496/278 8273/2407/278
f 8274/2406/278 8365/2498/278 8273/2407/278
f 8356/2489/278 8391/2523/278 8390/2524/278
f 8356/2489/278 8390/2524/278 8392/2525/278
f 8356/2489/278 8392/2525/278 8354/2487/278
f 8394/2526/278 8395/2527/278 8393/2528/278
f 8394/2526/278 8331/2464/278 8395/2527/278
f 8297/2430/278 8298/2431/278 8395/2527/278
f 8395/2527/278 8333/2465/278 8297/2430/278
f 8395/2527/278 8331/2464/278 8333/2465/278
f 8330/2463/278 8335/2468/278 8331/2464/278
f 8335/2468/278 8333/2465/278 8331/2464/278
f 8315/2448/278 8364/2497/278 8295/2428/278
f 8315/2448/278 8295/2428/278 8185/2318/278
f 8313/2447/278 8317/2449/278 8314/2446/278
f 8317/2449/278 8312/2444/278 8314/2446/278
f 8397/2529/4994 8398/1864/4995 8396/1861/4996
f 8397/2529/4994 8399/2530/4994 8398/1864/4995
f 7833/1971/1344 7914/2052/1344 7908/2045/1344
f 7906/2043/1344 7905/2042/1344 7665/1819/1344
f 8401/1318/4997 8402/1317/4997 8400/1319/4997
f 8401/1318/4997 8403/1320/4997 8402/1317/4997
f 8405/1322/1074 8406/1321/1074 8404/1323/1074
f 8405/1322/1074 8407/1324/1074 8406/1321/1074
f 8409/1326/1223 8410/1325/1223 8408/1327/1223
f 8409/1326/1223 8411/1328/1223 8410/1325/1223
f 8413/1330/4998 8414/1329/4998 8412/1331/4998
f 8416/1333/1272 8417/1332/1272 8415/1334/1272
f 8419/1336/1272 8420/1335/1272 8418/1337/1272
f 8416/1333/1272 8422/1338/1272 8421/1340/1272
f 8416/1333/1272 8423/1339/1272 8422/1338/1272
f 8415/1334/1272 8425/1341/1272 8424/1342/1272
f 8417/1332/1272 8427/1343/1272 8426/1344/1272
f 8428/1346/1272 8429/1345/1272 8418/1337/1272
f 8429/1345/1272 8426/1344/1272 8427/1343/1272
f 8429/1345/1272 8428/1346/1272 8426/1344/1272
f 8424/1342/1272 8430/1347/1272 8423/1339/1272
f 8432/1349/1272 8433/1348/1272 8431/1350/1272
f 8432/1349/1272 8434/1351/1272 8433/1348/1272
f 8435/1352/1272 8428/1346/1272 8420/1335/1272
f 8435/1352/1272 8434/1351/1272 8428/1346/1272
f 8437/1354/1272 8438/1353/1272 8436/1355/1272
f 8440/1356/1272 8441/1357/1272 8439/1359/1272
f 8440/1356/1272 8442/1358/1272 8441/1357/1272
f 8444/1361/4999 8445/1360/4999 8443/1362/5000
f 8444/1361/5000 8446/1363/5000 8445/1360/5000
f 8448/1364/5001 8449/1365/5001 8447/1367/5001
f 8448/1364/5001 8450/1366/5001 8449/1365/5001
f 8452/1369/5002 8453/1368/5002 8451/1370/5002
f 8452/1369/5003 8454/1371/5003 8453/1368/5003
f 8456/1373/5004 8457/1372/5004 8455/1374/5004
f 8456/1373/5004 8458/1375/5004 8457/1372/5004
f 8460/1376/5005 8461/1377/5006 8459/1379/5006
f 8460/1376/5005 8462/1378/5007 8461/1377/5008
f 8464/1380/5009 8465/1376/5010 8463/1381/5009
f 8464/1380/5009 8466/1378/5007 8465/1376/5010
f 8468/1382/5011 8469/1383/5011 8467/1385/5011
f 8468/1382/5011 8470/1384/5011 8469/1383/5011
f 8472/1386/5012 8473/1387/5012 8471/1389/5012
f 8472/1386/5013 8474/1388/5013 8473/1387/5013
f 8476/1390/5014 8477/1391/5014 8475/1393/5014
f 8476/1390/5015 8478/1392/5015 8477/1391/5015
f 8480/1395/5016 8481/1394/5016 8479/1396/5016
f 8480/1395/5016 8482/1397/5016 8481/1394/5016
f 8484/1398/5017 8485/1399/5017 8483/1401/5017
f 8484/1398/5017 8486/1400/5017 8485/1399/5017
f 8488/1403/5018 8489/1402/5018 8487/1404/5018
f 8488/1403/5019 8490/1405/5019 8489/1402/5019
f 8492/1407/5020 8493/1406/5020 8491/1408/5020
f 8492/1407/5020 8494/1409/5020 8493/1406/5020
f 8496/1410/5021 8497/1411/5021 8495/1413/5021
f 8496/1410/5022 8498/1412/5022 8497/1411/5022
f 8500/1415/5023 8501/1414/5023 8499/1416/5023
f 8500/1415/5023 8502/1417/5023 8501/1414/5023
f 8504/1419/5024 8505/1418/5024 8503/1420/5024
f 8504/1419/5024 8506/1421/5024 8505/1418/5024
f 8508/1422/5025 8509/1423/5025 8507/1425/5025
f 8508/1422/5025 8510/1424/5025 8509/1423/5025
f 8512/1426/4633 8513/1427/4633 8511/1429/4633
f 8512/1426/4633 8514/1428/4633 8513/1427/4633
f 8516/1430/5026 8517/1431/5026 8515/1433/5026
f 8516/1430/5026 8518/1432/5026 8517/1431/5026
f 8438/1353/1272 8520/1434/1272 8519/1435/1272
f 8431/1350/1272 8430/1347/1272 8432/1349/1272
f 8431/1350/1272 8521/1436/1272 8430/1347/1272
f 8523/1437/1272 8524/1438/1272 8522/1440/1272
f 8523/1437/1272 8525/1439/1272 8524/1438/1272
f 8527/1442/1223 8528/1441/1223 8526/1443/1223
f 8527/1442/1223 8529/1444/1223 8528/1441/1223
f 8531/1445/1272 8419/1336/1272 8530/1446/1272
f 8533/1448/141 8534/1447/141 8532/1449/141
f 8533/1448/141 8535/1450/141 8534/1447/141
f 8537/1452/141 8538/1451/141 8536/1453/141
f 8540/1454/141 8541/1455/141 8539/1457/141
f 8540/1454/141 8542/1456/141 8541/1455/141
f 8544/1459/141 8545/1458/141 8543/1460/141
f 8547/1462/141 8548/1461/141 8546/1463/141
f 8550/1465/141 8551/1464/141 8549/1466/141
f 8551/1464/141 8553/1467/141 8552/1468/141
f 8545/1458/141 8538/1451/141 8543/1460/141
f 8545/1458/141 8554/1469/141 8538/1451/141
f 8552/1468/141 8556/1470/141 8555/1471/141
f 8552/1468/141 8553/1467/141 8556/1470/141
f 8558/1473/141 8559/1472/141 8557/1474/141
f 8560/1476/141 8561/1475/141 8558/1473/141
f 8563/1477/141 8564/1478/141 8562/1480/141
f 8563/1477/141 8565/1479/141 8564/1478/141
f 8566/1482/141 8567/1481/141 8562/1480/141
f 8569/1484/141 8570/1483/141 8568/1485/141
f 8572/1486/141 8573/1487/141 8571/1489/141
f 8572/1486/141 8574/1488/141 8573/1487/141
f 8575/1491/141 8576/1490/141 8533/1448/141
f 8578/1493/141 8579/1492/141 8577/1494/141
f 8581/1495/141 8582/1496/141 8580/1498/141
f 8581/1495/141 8583/1497/141 8582/1496/141
f 8585/1500/141 8586/1499/141 8584/1501/141
f 8588/1502/141 8589/1503/141 8587/1505/141
f 8588/1502/141 8590/1504/141 8589/1503/141
f 8592/1507/141 8593/1506/141 8591/1508/141
f 8595/1510/5027 8596/1509/5027 8594/1511/5027
f 8595/1510/5027 8597/1512/5027 8596/1509/5027
f 8599/1513/5028 8600/1514/5029 8598/1516/5029
f 8599/1513/5030 8601/1515/5030 8600/1514/5030
f 8603/1517/5031 8604/1518/5031 8602/1520/5031
f 8603/1517/5031 8605/1519/5031 8604/1518/5031
f 8607/1522/5032 8608/1521/5032 8606/1523/5032
f 8607/1522/5032 8609/1524/5032 8608/1521/5032
f 8611/1525/5033 8612/1526/5034 8610/1528/5035
f 8611/1525/5036 8613/1527/5034 8612/1526/5037
f 8615/1528/5038 8616/1529/5039 8614/1525/5036
f 8615/1528/5038 8617/1530/5040 8616/1529/5039
f 8619/1529/5039 8620/1531/5041 8618/1532/5041
f 8619/1529/5042 8621/1530/5043 8620/1531/5041
f 8623/1534/5044 8624/1533/5044 8622/1535/5044
f 8623/1534/5044 8625/1536/5044 8624/1533/5044
f 8627/1537/5045 8628/1538/5046 8626/1540/5047
f 8627/1537/5048 8629/1539/5046 8628/1538/5046
f 8631/1541/5049 8632/1542/5050 8630/1544/5051
f 8631/1541/5049 8633/1543/5052 8632/1542/5052
f 8635/1545/5053 8636/1546/5054 8634/1548/5055
f 8635/1545/5053 8637/1547/5056 8636/1546/5057
f 8639/1548/5055 8640/1549/5058 8638/1550/5059
f 8639/1548/5055 8641/1546/5060 8640/1549/5058
f 8643/1550/5061 8644/1551/5062 8642/1552/5062
f 8643/1550/5061 8645/1549/5063 8644/1551/5064
f 8647/1553/5065 8648/1554/5065 8646/1556/5065
f 8647/1553/5065 8649/1555/5065 8648/1554/5065
f 8651/1557/5066 8652/1558/5067 8650/1560/5068
f 8651/1557/5066 8653/1559/5067 8652/1558/5067
f 8655/1557/5066 8656/1561/5069 8654/1562/5070
f 8655/1557/5071 8657/1560/5068 8656/1561/5069
f 8654/1562/5072 8659/1563/5073 8658/1564/5073
f 8654/1562/5074 8656/1561/5075 8659/1563/5073
f 8661/1566/5076 8662/1565/5076 8660/1567/5076
f 8661/1566/5077 8663/1568/5077 8662/1565/5077
f 8665/1569/5078 8666/1570/5078 8664/1572/5078
f 8665/1569/5078 8667/1571/5078 8666/1570/5078
f 8669/1574/5079 8670/1573/5079 8668/1575/5079
f 8669/1574/5079 8671/1576/5079 8670/1573/5079
f 8673/1578/5080 8674/1577/5080 8672/1579/5080
f 8673/1578/5080 8675/1580/5080 8674/1577/5080
f 8677/1582/5081 8678/1581/5081 8676/1583/5081
f 8677/1582/5082 8679/1584/5082 8678/1581/5082
f 8681/1586/5083 8682/1585/5083 8680/1587/5083
f 8681/1586/5083 8683/1588/5083 8682/1585/5083
f 8685/1589/5084 8686/1590/5084 8684/1592/5084
f 8685/1589/5084 8687/1591/5084 8686/1590/5084
f 8689/1593/5085 8690/1594/5085 8688/1596/5085
f 8689/1593/5086 8691/1595/5086 8690/1594/5086
f 8693/1598/5087 8694/1597/5087 8692/1599/5087
f 8693/1598/5088 8695/1600/5087 8694/1597/5088
f 8697/1602/5089 8698/1601/5089 8696/1603/5089
f 8697/1602/5089 8699/1604/5089 8698/1601/5089
f 8701/1605/5090 8702/1606/5090 8700/1608/5091
f 8701/1605/5091 8703/1607/5091 8702/1606/5091
f 8705/1609/5092 8706/1610/5092 8704/1612/5092
f 8705/1609/5093 8707/1611/5093 8706/1610/5093
f 8709/1614/5094 8710/1613/5094 8708/1615/5094
f 8709/1614/5095 8711/1616/5095 8710/1613/5095
f 8713/1618/5096 8714/1617/5097 8712/1619/5096
f 8713/1618/5097 8715/1620/5097 8714/1617/5096
f 8717/1622/5098 8718/1621/5099 8716/1623/5099
f 8717/1622/5098 8719/1624/5098 8718/1621/5098
f 8721/1625/5100 8722/1626/5100 8720/1628/5100
f 8721/1625/5100 8723/1627/5100 8722/1626/5100
f 8725/1629/5101 8726/1630/5101 8724/1632/5101
f 8725/1629/5102 8727/1631/5101 8726/1630/5101
f 8729/1634/5103 8730/1633/5103 8728/1635/5103
f 8729/1634/5104 8731/1636/5104 8730/1633/5104
f 8733/1637/5105 8734/1638/5105 8732/1640/5105
f 8733/1637/5105 8735/1639/5105 8734/1638/5105
f 8737/1641/5106 8738/1642/5106 8736/1644/5106
f 8737/1641/5107 8739/1643/5107 8738/1642/5107
f 8741/1646/5108 8742/1645/5108 8740/1647/5108
f 8741/1646/5108 8743/1648/5108 8742/1645/5108
f 8745/1650/5109 8746/1649/5109 8744/1651/5110
f 8745/1650/5111 8747/1652/5112 8746/1649/5111
f 8749/1653/5113 8750/1654/5113 8748/1656/5113
f 8749/1653/5114 8751/1655/5114 8750/1654/5114
f 8753/1657/5115 8754/1658/5115 8752/1660/5115
f 8753/1657/5115 8755/1659/5115 8754/1658/5115
f 8757/1661/5116 8758/1662/5116 8756/1664/5116
f 8757/1661/5116 8759/1663/5116 8758/1662/5116
f 8761/1665/5117 8762/1666/5117 8760/1668/5117
f 8761/1665/5117 8763/1667/5117 8762/1666/5117
f 8765/1669/5118 8766/1670/5118 8764/1672/5118
f 8765/1669/5119 8767/1671/5119 8766/1670/5119
f 8769/1674/5120 8770/1673/5120 8768/1675/5120
f 8769/1674/5120 8771/1676/5120 8770/1673/5120
f 8773/1677/5121 8774/1678/5121 8772/1680/5121
f 8773/1677/5122 8775/1679/5122 8774/1678/5122
f 8777/1682/5123 8778/1681/5123 8776/1683/5123
f 8777/1682/5123 8779/1684/5123 8778/1681/5123
f 8781/1686/5124 8782/1685/5125 8780/1687/5126
f 8781/1686/5124 8783/1688/5125 8782/1685/5125
f 8785/1686/5127 8786/1689/5128 8784/1690/5128
f 8785/1686/5124 8787/1687/5126 8786/1689/5129
f 8789/1691/5130 8790/1692/5130 8788/1694/5130
f 8789/1691/5130 8791/1693/5130 8790/1692/5130
f 8793/1695/5131 8794/1696/5131 8792/1698/5131
f 8793/1695/5132 8795/1697/5132 8794/1696/5132
f 8797/1699/5133 8798/1700/5133 8796/1702/5133
f 8797/1699/5134 8799/1701/5134 8798/1700/5134
f 8801/1704/5135 8802/1703/5135 8800/1705/5135
f 8801/1704/5136 8803/1706/5136 8802/1703/5136
f 8805/1707/5137 8806/1708/5138 8804/1710/5138
f 8805/1707/5139 8807/1709/5139 8806/1708/5139
f 8809/1711/5140 8810/1712/5140 8808/1714/5140
f 8809/1711/5140 8811/1713/5140 8810/1712/5140
f 8813/1716/5141 8814/1715/5141 8812/1717/5141
f 8813/1716/5142 8815/1718/5143 8814/1715/5144
f 8817/1719/5145 8818/1720/5145 8816/1722/5145
f 8817/1719/5146 8819/1721/5146 8818/1720/5146
f 8821/1723/5147 8822/1724/5147 8820/1726/5147
f 8821/1723/5148 8823/1725/5148 8822/1724/5148
f 8825/1727/5149 8826/1728/5149 8824/1730/5149
f 8825/1727/5150 8827/1729/5150 8826/1728/5150
f 8829/1732/5151 8830/1731/5151 8828/1733/5151
f 8829/1732/5151 8831/1734/5151 8830/1731/5151
f 8833/1735/5152 8834/1736/5152 8832/1738/5152
f 8833/1735/5152 8835/1737/5152 8834/1736/5152
f 8837/1740/5153 8838/1739/5153 8836/1741/5153
f 8837/1740/5154 8839/1742/5154 8838/1739/5154
f 8841/1744/5155 8842/1743/5156 8840/1745/5155
f 8841/1744/5156 8843/1746/5156 8842/1743/5157
f 8845/1747/5158 8846/1748/5158 8844/1750/5158
f 8845/1747/5158 8847/1749/5158 8846/1748/5158
f 8849/1752/5159 8850/1751/5160 8848/1753/5159
f 8849/1752/5161 8851/1754/5161 8850/1751/5161
f 8853/1756/5162 8854/1755/5162 8852/1757/5162
f 8853/1756/5163 8855/1758/5163 8854/1755/5163
f 8857/1759/5164 8858/1760/5164 8856/1762/5164
f 8857/1759/5164 8859/1761/5164 8858/1760/5164
f 8861/1764/5165 8862/1763/5165 8860/1765/5165
f 8861/1764/5165 8863/1766/5166 8862/1763/5166
f 8865/1767/5167 8866/1768/5167 8864/1770/5167
f 8865/1767/5167 8867/1769/5167 8866/1768/5167
f 8869/1771/5168 8870/1772/5169 8868/1774/5168
f 8869/1771/5168 8871/1773/5168 8870/1772/5168
f 8577/1494/141 8873/1775/141 8872/1776/141
f 8875/1777/141 8876/1778/141 8874/1780/141
f 8875/1777/141 8877/1779/141 8876/1778/141
f 8879/1782/141 8880/1781/141 8878/1783/141
f 8879/1782/141 8882/1784/141 8881/1785/141
f 8879/1782/141 8878/1783/141 8882/1784/141
f 8884/1787/141 8885/1786/141 8883/1788/141
f 8884/1787/141 8886/1789/141 8885/1786/141
f 8887/1791/141 8888/1790/141 8885/1786/141
f 8887/1791/141 8872/1776/141 8888/1790/141
f 8890/1793/141 8891/1792/141 8889/1794/141
f 8893/1796/141 8894/1795/141 8892/1797/141
f 8896/1799/141 8897/1798/141 8895/1800/141
f 8898/1802/141 8899/1801/141 8537/1452/141
f 8901/1804/141 8902/1803/141 8900/1805/141
f 8889/1794/141 8904/1806/141 8903/1807/141
f 8906/1808/141 8907/1809/141 8905/1811/141
f 8906/1808/141 8908/1810/141 8907/1809/141
f 8910/1813/5170 8911/1812/5170 8909/1814/5170
f 8910/1813/5170 8912/1815/5170 8911/1812/5170
f 8914/1817/1074 8915/1816/1074 8913/1818/1074
f 8917/1819/1074 8918/1820/1074 8916/1822/1074
f 8917/1819/1074 8919/1821/1074 8918/1820/1074
f 8921/1823/1074 8922/1824/1074 8920/1826/1074
f 8921/1823/1074 8923/1825/1074 8922/1824/1074
f 8924/1827/1074 8922/1824/1074 8923/1825/1074
f 8924/1827/1074 8925/1828/1074 8922/1824/1074
f 8927/1830/1074 8928/1829/1074 8926/1831/1074
f 8927/1830/1074 8918/1820/1074 8928/1829/1074
f 8930/1832/1074 8926/1831/1074 8929/1833/1074
f 8932/1835/1074 8933/1834/1074 8931/1836/1074
f 8935/1838/5171 8936/1837/5172 8934/1839/5172
f 8935/1838/5171 8937/1840/5173 8936/1837/5172
f 8939/1841/5174 8940/1840/5175 8938/1838/5176
f 8939/1841/5174 8941/1842/5174 8940/1840/5175
f 8943/1844/5177 8944/1843/5177 8942/1845/5177
f 8943/1844/5178 8945/1846/5178 8944/1843/5178
f 8947/1848/5179 8948/1847/5179 8946/1849/5179
f 8947/1848/5180 8949/1850/5180 8948/1847/5180
f 8951/1852/5181 8952/1851/5181 8950/1853/5181
f 8951/1852/5181 8953/1854/5181 8952/1851/5181
f 8955/1856/5182 8956/1855/5183 8954/1857/5184
f 8955/1856/5185 8957/1858/5186 8956/1855/5186
f 8959/1856/5187 8960/1859/5188 8958/1860/5188
f 8959/1856/5187 8961/1857/5189 8960/1859/5188
f 8963/1861/5190 8964/1862/5191 8962/1864/5192
f 8963/1861/5193 8965/1863/5194 8964/1862/5195
f 8967/1865/5196 8968/1863/5197 8966/1866/5198
f 8967/1865/5196 8969/1862/5199 8968/1863/5197
f 8971/1867/5200 8972/1868/5201 8970/1870/5202
f 8971/1867/5200 8973/1869/5200 8972/1868/5201
f 8975/1870/5203 8976/1871/5204 8974/1872/5205
f 8975/1870/5203 8977/1868/5206 8976/1871/5204
f 8979/1874/5207 8980/1873/5207 8978/1875/5207
f 8979/1874/5207 8981/1876/5207 8980/1873/5207
f 8983/1878/5208 8984/1877/5209 8982/1879/5210
f 8983/1878/5211 8985/1880/5212 8984/1877/5212
f 8987/1881/5213 8988/1879/5210 8986/1882/5213
f 8987/1881/5213 8989/1878/5214 8988/1879/5210
f 8991/1884/5215 8992/1883/5215 8990/1885/5215
f 8991/1884/5215 8993/1886/5215 8992/1883/5215
f 8995/1887/5216 8996/1888/5217 8994/1890/5218
f 8995/1887/5216 8997/1889/5216 8996/1888/5217
f 8999/1890/5219 9000/1891/5220 8998/1892/5220
f 8999/1890/5219 9001/1888/5221 9000/1891/5220
f 9003/1894/5222 9004/1893/5222 9002/1895/5222
f 9003/1894/5222 9005/1896/5222 9004/1893/5222
f 9007/1897/1074 8933/1834/1074 9006/1898/1074
f 9007/1897/1074 8931/1836/1074 8933/1834/1074
f 9009/1900/5223 9010/1899/5223 9008/1901/5223
f 9009/1900/5223 9011/1902/5223 9010/1899/5223
f 8425/1341/1272 8415/1334/1272 8426/1344/1272
f 9012/1903/1272 8419/1336/1272 8418/1337/1272
f 8434/1351/1272 9013/1904/1272 8433/1348/1272
f 9015/1905/1272 8435/1352/1272 9014/1906/1272
f 9013/1904/1272 8435/1352/1272 9015/1905/1272
f 8417/1332/1272 8416/1333/1272 9016/1907/1272
f 9016/1907/1272 8416/1333/1272 8421/1340/1272
f 8418/1337/1272 8420/1335/1272 8428/1346/1272
f 9018/1908/5224 9019/1909/5224 9017/1911/5224
f 9018/1908/5225 9020/1910/5225 9019/1909/5225
f 9022/1913/5226 9023/1912/5227 9021/1914/5227
f 9022/1913/5227 9024/1915/5227 9023/1912/5227
f 9026/1916/5228 9027/1917/5228 9025/1919/5228
f 9026/1916/5228 9028/1918/5228 9027/1917/5228
f 9030/1921/5229 9031/1920/5230 9029/1922/5229
f 9030/1921/5229 9032/1923/5229 9031/1920/5229
f 9033/1924/141 8534/1447/141 8535/1450/141
f 9034/1926/141 9035/1925/141 8532/1449/141
f 9037/1544/5231 9038/1540/5232 9036/1541/5233
f 9037/1544/5231 9039/1537/5234 9038/1540/5232
f 8547/1462/141 8546/1463/141 9040/1927/141
f 9041/1928/141 8550/1465/141 8549/1466/141
f 8545/1458/141 9041/1928/141 8549/1466/141
f 8544/1459/141 8543/1460/141 8899/1801/141
f 8560/1476/141 8558/1473/141 8557/1474/141
f 8569/1484/141 9043/1929/141 9042/1931/141
f 8569/1484/141 9044/1930/141 9043/1929/141
f 9046/1933/141 9047/1932/141 9045/1934/141
f 9045/1934/141 9047/1932/141 8561/1475/141
f 9049/1935/141 9050/1936/141 9048/1938/141
f 9049/1935/141 9051/1937/141 9050/1936/141
f 9053/1940/5235 9054/1939/5236 9052/1941/5236
f 9053/1940/5237 9055/1942/5237 9054/1939/5237
f 9057/1944/5238 9058/1943/5239 9056/1945/5238
f 9057/1944/5238 9059/1946/5238 9058/1943/5238
f 8902/1803/141 9061/1947/141 9060/1948/141
f 9062/1950/141 9063/1949/141 9061/1947/141
f 9065/1951/141 9060/1948/141 9064/1952/141
f 9050/1936/141 8896/1799/141 9066/1953/141
f 9050/1936/141 9051/1937/141 8896/1799/141
f 8906/1808/141 9068/1954/141 9067/1955/141
f 8906/1808/141 8905/1811/141 9068/1954/141
f 9065/1951/141 8900/1805/141 8902/1803/141
f 8586/1499/141 9070/1956/141 9069/1957/141
f 9071/1958/1074 8914/1817/1074 8913/1818/1074
f 9073/1959/1074 8915/1816/1074 9072/1960/1074
f 9075/1962/1074 9076/1961/1074 9074/1963/1074
f 8921/1823/1074 8920/1826/1074 9076/1961/1074
f 9075/1962/1074 9071/1958/1074 8913/1818/1074
f 9078/1872/5205 9079/1964/5240 9077/1965/5240
f 9078/1872/5241 9080/1871/5242 9079/1964/5240
f 9082/1966/1074 9083/1967/1074 9081/1969/1074
f 9082/1966/1074 9084/1968/1074 9083/1967/1074
f 9007/1897/1074 9086/1970/1074 9085/1971/1074
f 9007/1897/1074 9006/1898/1074 9086/1970/1074
f 9088/1973/1074 9089/1972/1074 9087/1974/1074
f 9091/1976/5243 9092/1975/5243 9090/1977/5243
f 9091/1976/5244 9093/1978/5244 9092/1975/5244
f 9013/1904/1272 8434/1351/1272 8435/1352/1272
f 9095/1979/1272 9096/1980/1272 9094/1982/1272
f 9095/1979/1272 9097/1981/1272 9096/1980/1272
f 9098/1983/141 8534/1447/141 9033/1924/141
f 9040/1927/141 8551/1464/141 9099/1984/141
f 9040/1927/141 8553/1467/141 8551/1464/141
f 9101/1985/141 9102/1986/141 9100/1987/141
f 9101/1985/141 9045/1934/141 9102/1986/141
f 9103/1988/141 9045/1934/141 9033/1924/141
f 9098/1983/141 9033/1924/141 9067/1955/141
f 8571/1489/141 9044/1930/141 8568/1485/141
f 8888/1790/141 8873/1775/141 9104/1989/141
f 8888/1790/141 8872/1776/141 8873/1775/141
f 9105/1990/141 8577/1494/141 8872/1776/141
f 9105/1990/141 9106/1991/141 8577/1494/141
f 9108/1993/5245 9109/1992/5245 9107/1994/5245
f 9108/1993/5245 9110/1995/5245 9109/1992/5245
f 8575/1491/141 8532/1449/141 9035/1925/141
f 8575/1491/141 8533/1448/141 8532/1449/141
f 9111/1996/141 8557/1474/141 8559/1472/141
f 9111/1996/141 9100/1987/141 8557/1474/141
f 8573/1487/141 9112/1997/141 9044/1930/141
f 8568/1485/141 9044/1930/141 8569/1484/141
f 9066/1953/141 8896/1799/141 8895/1800/141
f 9101/1985/141 8568/1485/141 8570/1483/141
f 9101/1985/141 9111/1996/141 8568/1485/141
f 8536/1453/141 8538/1451/141 8554/1469/141
f 9070/1956/141 8586/1499/141 8585/1500/141
f 9114/1998/5246 9115/1999/5246 9113/2001/5246
f 9114/1998/5246 9116/2000/5246 9115/1999/5246
f 8537/1452/141 8536/1453/141 8898/1802/141
f 9103/1988/141 9033/1924/141 8535/1450/141
f 9117/2002/141 9104/1989/141 8873/1775/141
f 8886/1789/141 8887/1791/141 8885/1786/141
f 9119/2004/1344 9120/2003/1344 9118/2005/1344
f 9119/2004/1344 9121/2006/1344 9120/2003/1344
f 9073/1959/1074 8925/1828/1074 8924/1827/1074
f 9073/1959/1074 9072/1960/1074 8925/1828/1074
f 9123/2007/141 8542/1456/141 9122/2008/141
f 9125/2009/1272 8519/1435/1272 9124/2010/1272
f 8877/1779/141 9105/1990/141 8880/1781/141
f 9126/2011/141 8565/1479/141 9046/1933/141
f 8426/1344/1272 8415/1334/1272 8417/1332/1272
f 8900/1805/141 8893/1796/141 8901/1804/141
f 9128/2012/5247 9129/2013/5247 9127/2015/5247
f 9128/2012/5247 9130/2014/5247 9129/2013/5247
f 8927/1830/1074 8916/1822/1074 8918/1820/1074
f 8914/1817/1074 8929/1833/1074 8926/1831/1074
f 8914/1817/1074 9071/1958/1074 8929/1833/1074
f 8561/1475/141 9102/1986/141 9045/1934/141
f 8561/1475/141 8560/1476/141 9102/1986/141
f 8877/1779/141 8875/1777/141 9105/1990/141
f 8521/1436/1272 8422/1338/1272 8423/1339/1272
f 8425/1341/1272 9131/2016/1272 8424/1342/1272
f 9133/2018/141 9134/2017/141 9132/2019/141
f 9133/2018/141 9135/2020/141 9134/2017/141
f 9136/2021/141 9132/2019/141 9134/2017/141
f 9137/2022/141 9135/2020/141 9133/2018/141
f 8422/1338/1272 8531/1445/1272 8530/1446/1272
f 8421/1340/1272 8422/1338/1272 8530/1446/1272
f 8530/1446/1272 8419/1336/1272 9012/1903/1272
f 9076/1961/1074 9138/2023/1074 8921/1823/1074
f 9076/1961/1074 9075/1962/1074 9138/2023/1074
f 9140/2024/1074 8932/1835/1074 9139/2025/1074
f 9141/2026/1074 8919/1821/1074 8917/1819/1074
f 8907/1809/141 8908/1810/141 8898/1802/141
f 8899/1801/141 8908/1810/141 8544/1459/141
f 8899/1801/141 8898/1802/141 8908/1810/141
f 8902/1803/141 9060/1948/141 9065/1951/141
f 9142/2027/141 9062/1950/141 9061/1947/141
f 9142/2027/141 9061/1947/141 8902/1803/141
f 9143/2028/141 8901/1804/141 8893/1796/141
f 9143/2028/141 8893/1796/141 8892/1797/141
f 8536/1453/141 9123/2007/141 8898/1802/141
f 8536/1453/141 8541/1455/141 9123/2007/141
f 8542/1456/141 9123/2007/141 8541/1455/141
f 8550/1465/141 9144/2029/141 8551/1464/141
f 8550/1465/141 9145/2030/141 9144/2029/141
f 8549/1466/141 8551/1464/141 8552/1468/141
f 9146/2031/141 9051/1937/141 9049/1935/141
f 9050/1936/141 8904/1806/141 9048/1938/141
f 9048/1938/141 8904/1806/141 8889/1794/141
f 8903/1807/141 8890/1793/141 8889/1794/141
f 9147/2032/141 8566/1482/141 8564/1478/141
f 8564/1478/141 8566/1482/141 8562/1480/141
f 9149/2033/141 8567/1481/141 9148/2034/141
f 9148/2034/141 8567/1481/141 9112/1997/141
f 8877/1779/141 8880/1781/141 8879/1782/141
f 9098/1983/141 9122/2008/141 9150/2035/141
f 9098/1983/141 9123/2007/141 9122/2008/141
f 9068/1954/141 9123/2007/141 9067/1955/141
f 9123/2007/141 9098/1983/141 9067/1955/141
f 9151/2036/141 9126/2011/141 9103/1988/141
f 9126/2011/141 9046/1933/141 9103/1988/141
f 9045/1934/141 9103/1988/141 9046/1933/141
f 8540/1454/141 8539/1457/141 9099/1984/141
f 9152/2037/141 8540/1454/141 9099/1984/141
f 8544/1459/141 9041/1928/141 8545/1458/141
f 8544/1459/141 8570/1483/141 9041/1928/141
f 8544/1459/141 9101/1985/141 8570/1483/141
f 9100/1987/141 9111/1996/141 9101/1985/141
f 9012/1903/1272 8417/1332/1272 9016/1907/1272
f 8418/1337/1272 8417/1332/1272 9012/1903/1272
f 8436/1355/1272 8438/1353/1272 9153/2038/1272
f 9153/2038/1272 8438/1353/1272 8519/1435/1272
f 9155/2040/1272 9156/2039/1272 9154/2041/1272
f 9154/2041/1272 9125/2009/1272 9124/2010/1272
f 8520/1434/1272 9124/2010/1272 8519/1435/1272
f 9125/2009/1272 9154/2041/1272 9156/2039/1272
f 8915/1816/1074 9073/1959/1074 8913/1818/1074
f 9074/1963/1074 9157/2042/1074 9075/1962/1074
f 9157/2042/1074 9071/1958/1074 9075/1962/1074
f 9074/1963/1074 9158/2043/1074 9157/2042/1074
f 9158/2043/1074 9141/2026/1074 8917/1819/1074
f 9082/1966/1074 9088/1973/1074 9159/2044/1074
f 9087/1974/1074 9159/2044/1074 9088/1973/1074
f 9084/1968/1074 9082/1966/1074 9159/2044/1074
f 9160/2045/1074 9085/1971/1074 9086/1970/1074
f 8423/1339/1272 8430/1347/1272 8521/1436/1272
f 9131/2016/1272 8430/1347/1272 8424/1342/1272
f 8875/1777/141 9106/1991/141 9105/1990/141
f 8565/1479/141 8563/1477/141 9046/1933/141
f 9046/1933/141 8558/1473/141 8561/1475/141
f 8563/1477/141 8558/1473/141 9046/1933/141
f 8571/1489/141 8573/1487/141 9044/1930/141
f 9044/1930/141 8567/1481/141 8566/1482/141
f 9044/1930/141 9112/1997/141 8567/1481/141
f 9161/2046/141 9132/2019/141 8578/1493/141
f 9161/2046/141 9133/2018/141 9132/2019/141
f 9106/1991/141 8578/1493/141 8577/1494/141
f 9106/1991/141 9161/2046/141 8578/1493/141
f 9162/2047/141 9161/2046/141 9106/1991/141
f 8539/1457/141 8547/1462/141 9099/1984/141
f 8547/1462/141 9040/1927/141 9099/1984/141
f 9163/2048/1074 8926/1831/1074 8930/1832/1074
f 8927/1830/1074 8926/1831/1074 9163/2048/1074
f 9164/2049/1074 8932/1835/1074 8931/1836/1074
f 9165/2050/1074 9139/2025/1074 9164/2049/1074
f 9139/2025/1074 8932/1835/1074 9164/2049/1074
f 9167/2051/1074 9085/1971/1074 9166/2052/1074
f 9169/2054/278 9170/2053/278 9168/2055/278
f 9169/2054/278 9171/2056/278 9170/2053/278
f 9172/2057/278 9168/2055/278 9170/2053/278
f 9171/2056/278 9174/2058/278 9173/2059/278
f 9171/2056/278 9169/2054/278 9174/2058/278
f 9176/2060/278 9177/2061/278 9175/2063/278
f 9176/2060/278 9178/2062/278 9177/2061/278
f 9180/2065/5248 9181/2064/5248 9179/2066/5248
f 9180/2065/5248 9182/2067/5248 9181/2064/5248
f 9184/2068/5249 9185/2069/5250 9183/2071/5250
f 9184/2068/5251 9186/2070/5251 9185/2069/5251
f 9188/2072/5252 9189/2073/5252 9187/2075/5252
f 9188/2072/5253 9190/2074/5253 9189/2073/5253
f 9192/2077/5254 9193/2076/5254 9191/2078/5254
f 9192/2077/5254 9194/2079/5254 9193/2076/5254
f 9196/2080/5255 9197/2081/5255 9195/2083/5255
f 9196/2080/5256 9198/2082/5256 9197/2081/5256
f 9200/2084/5257 9201/2085/5257 9199/2087/5257
f 9200/2084/5257 9202/2086/5257 9201/2085/5257
f 9204/2089/5258 9205/2088/5258 9203/2090/5258
f 9204/2089/5259 9206/2091/5259 9205/2088/5259
f 9208/2093/5260 9209/2092/5260 9207/2094/5261
f 9208/2093/5260 9210/2095/5260 9209/2092/5260
f 9212/2097/5262 9213/2096/5263 9211/2098/5263
f 9212/2097/5264 9214/2099/5265 9213/2096/5263
f 9216/2100/5266 9217/2099/5267 9215/2097/5262
f 9216/2100/5266 9218/2101/5266 9217/2099/5267
f 9220/2103/5268 9221/2102/5268 9219/2104/5268
f 9220/2103/5268 9222/2105/5268 9221/2102/5268
f 9224/2107/5269 9225/2106/5270 9223/2108/5269
f 9224/2107/5271 9226/2109/5272 9225/2106/5273
f 9228/2109/5274 9229/2110/5275 9227/2106/5270
f 9228/2109/5274 9230/2111/5275 9229/2110/5275
f 9232/2113/5276 9233/2112/5276 9231/2114/5276
f 9232/2113/5276 9234/2115/5276 9233/2112/5276
f 9236/2117/5277 9237/2116/5277 9235/2118/5277
f 9236/2117/5278 9238/2119/5277 9237/2116/5277
f 9240/2120/5279 9241/2121/5279 9239/2123/5279
f 9240/2120/5279 9242/2122/5279 9241/2121/5279
f 9244/2125/5280 9245/2124/5280 9243/2126/5280
f 9244/2125/5280 9246/2127/5280 9245/2124/5280
f 9248/2129/5281 9249/2128/5281 9247/2130/5281
f 9248/2129/5282 9250/2131/5282 9249/2128/5282
f 9252/2133/5283 9253/2132/5283 9251/2134/5283
f 9252/2133/5283 9254/2135/5283 9253/2132/5283
f 9256/2136/5284 9257/2137/5284 9255/2139/5284
f 9256/2136/5285 9258/2138/5285 9257/2137/5285
f 9260/2141/5286 9261/2140/5286 9259/2142/5286
f 9260/2141/5287 9262/2143/5287 9261/2140/5287
f 9264/2144/5288 9265/2145/5289 9263/2147/5289
f 9264/2144/5288 9266/2146/5288 9265/2145/5288
f 9268/2148/5290 9269/2149/5290 9267/2151/5290
f 9268/2148/5290 9270/2150/5290 9269/2149/5290
f 9272/2153/5291 9273/2152/5292 9271/2154/5292
f 9272/2153/5293 9274/2155/5293 9273/2152/5294
f 9276/2157/5295 9277/2156/5295 9275/2158/5295
f 9276/2157/5296 9278/2159/5296 9277/2156/5296
f 9280/2160/5297 9281/2161/5297 9279/2163/5297
f 9280/2160/5298 9282/2162/5298 9281/2161/5298
f 9284/2165/5299 9285/2164/5299 9283/2166/5299
f 9284/2165/5299 9286/2167/5300 9285/2164/5300
f 9288/2168/5301 9289/2169/5301 9287/2171/5301
f 9288/2168/5301 9290/2170/5301 9289/2169/5301
f 9292/2172/5302 9293/2173/5302 9291/2175/5302
f 9292/2172/5303 9294/2174/5304 9293/2173/5304
f 9296/2177/5305 9297/2176/5305 9295/2178/5305
f 9296/2177/5305 9298/2179/5305 9297/2176/5305
f 9300/2180/5306 9301/2181/5306 9299/2183/5307
f 9300/2180/5307 9302/2182/5307 9301/2181/5307
f 9304/2185/5308 9305/2184/5308 9303/2186/5308
f 9304/2185/5309 9306/2187/5309 9305/2184/5309
f 9308/2189/5310 9309/2188/5311 9307/2190/5311
f 9308/2189/5311 9310/2191/5311 9309/2188/5311
f 9312/2192/5312 9313/2193/5313 9311/2195/5313
f 9312/2192/5314 9314/2194/5314 9313/2193/5314
f 9316/2197/5315 9317/2196/5315 9315/2198/5315
f 9316/2197/5315 9318/2199/5315 9317/2196/5315
f 9320/2201/5316 9321/2200/5317 9319/2202/5317
f 9320/2201/5317 9322/2203/5316 9321/2200/5316
f 9324/2204/5318 9325/2205/5318 9323/2207/5318
f 9324/2204/5319 9326/2206/5319 9325/2205/5319
f 9328/2208/5320 9329/2209/5320 9327/2211/5320
f 9328/2208/5321 9330/2210/5320 9329/2209/5320
f 9332/2212/5322 9333/2213/5322 9331/2215/5322
f 9332/2212/5323 9334/2214/5323 9333/2213/5323
f 9336/2216/5324 9337/2217/5324 9335/2219/5325
f 9336/2216/5325 9338/2218/5325 9337/2217/5325
f 9340/2221/5326 9341/2220/5326 9339/2222/5326
f 9340/2221/5326 9342/2223/5326 9341/2220/5326
f 9344/2224/5327 9345/2225/5327 9343/2227/5327
f 9344/2224/5327 9346/2226/5327 9345/2225/5327
f 9348/2228/5328 9349/2229/5328 9347/2231/5328
f 9348/2228/5328 9350/2230/5328 9349/2229/5328
f 9352/2233/5329 9353/2232/5329 9351/2234/5329
f 9352/2233/5330 9354/2235/5330 9353/2232/5330
f 9356/2236/5331 9357/2237/5331 9355/2239/5331
f 9356/2236/5332 9358/2238/5332 9357/2237/5332
f 9360/2240/5333 9361/2241/5333 9359/2243/5333
f 9360/2240/5334 9362/2242/5334 9361/2241/5334
f 9364/2244/5335 9365/2245/5335 9363/2247/5335
f 9364/2244/5336 9366/2246/5336 9365/2245/5336
f 9368/2249/5337 9369/2248/5337 9367/2250/5337
f 9368/2249/5337 9370/2251/5337 9369/2248/5337
f 9372/2253/5338 9373/2252/5338 9371/2254/5338
f 9372/2253/5339 9374/2255/5339 9373/2252/5339
f 9376/2256/5340 9377/2257/5340 9375/2259/5340
f 9376/2256/5341 9378/2258/5341 9377/2257/5341
f 9380/2260/5342 9381/2261/5343 9379/2263/5343
f 9380/2260/5342 9382/2262/5344 9381/2261/5344
f 9384/2265/5345 9385/2264/5345 9383/2266/5345
f 9384/2265/5346 9386/2267/5345 9385/2264/5346
f 9388/2268/5347 9389/2269/5347 9387/2271/5347
f 9388/2268/5347 9390/2270/5347 9389/2269/5347
f 9392/2273/5348 9393/2272/5348 9391/2274/5348
f 9392/2273/5349 9394/2275/5349 9393/2272/5349
f 9396/2276/5350 9397/2277/5350 9395/2279/5350
f 9396/2276/5351 9398/2278/5352 9397/2277/5351
f 9400/2280/5353 9401/2281/5353 9399/2283/5353
f 9400/2280/5354 9402/2282/5355 9401/2281/5354
f 9404/2284/5356 9405/2285/5356 9403/2287/5356
f 9404/2284/5356 9406/2286/5356 9405/2285/5356
f 9408/2289/5357 9409/2288/5357 9407/2290/5357
f 9408/2289/5357 9410/2291/5357 9409/2288/5357
f 9412/2292/5358 9413/2293/5358 9411/2295/5358
f 9412/2292/5358 9414/2294/5358 9413/2293/5358
f 9416/2296/5359 9417/2297/5359 9415/2299/5359
f 9416/2296/5359 9418/2298/5359 9417/2297/5359
f 9420/2301/5360 9421/2300/5360 9419/2302/5360
f 9420/2301/5360 9422/2303/5360 9421/2300/5360
f 9424/2304/5361 9425/2305/5361 9423/2307/5361
f 9424/2304/5361 9426/2306/5361 9425/2305/5361
f 9428/2309/278 9429/2308/278 9427/2310/278
f 9431/2311/5362 9432/2312/5362 9430/2314/5362
f 9431/2311/5362 9433/2313/5362 9432/2312/5362
f 9435/2316/278 9436/2315/278 9434/2317/278
f 9437/2319/278 9438/2318/278 9436/2315/278
f 9440/2321/278 9441/2320/278 9439/2322/278
f 9443/2324/278 9444/2323/278 9442/2325/278
f 9443/2324/278 9445/2326/278 9444/2323/278
f 9447/2327/278 9448/2328/278 9446/2330/278
f 9447/2327/278 9449/2329/278 9448/2328/278
f 9451/2332/278 9452/2331/278 9450/2333/278
f 9451/2332/278 9453/2334/278 9452/2331/278
f 9455/2336/278 9456/2335/278 9454/2337/278
f 9458/2339/278 9459/2338/278 9457/2340/278
f 9458/2339/278 9460/2341/278 9459/2338/278
f 9462/2343/278 9463/2342/278 9461/2344/278
f 9465/2345/5363 9466/2346/5363 9464/2348/5363
f 9465/2345/5363 9467/2347/5363 9466/2346/5363
f 9469/2350/5364 9470/2349/5364 9468/2351/5364
f 9469/2350/5364 9471/2352/5364 9470/2349/5364
f 9473/2353/5365 9474/2354/5365 9472/2356/5365
f 9473/2353/5365 9475/2355/5365 9474/2354/5365
f 9477/2357/5366 9478/2358/5366 9476/2360/5366
f 9477/2357/5367 9479/2359/5367 9478/2358/5367
f 9481/2362/5368 9482/2361/5368 9480/2363/5368
f 9481/2362/5369 9483/2364/5369 9482/2361/5369
f 9485/2366/5370 9486/2365/5371 9484/2367/5371
f 9485/2366/5371 9487/2368/5371 9486/2365/5371
f 9489/2370/5372 9490/2369/5372 9488/2371/5372
f 9489/2370/5372 9491/2372/5372 9490/2369/5372
f 9493/2373/5373 9494/2374/5373 9492/2376/5373
f 9493/2373/5373 9495/2375/5373 9494/2374/5373
f 9497/2377/5374 9498/2378/5375 9496/2380/5375
f 9497/2377/5376 9499/2379/5376 9498/2378/5375
f 9501/2381/5377 9502/2382/5377 9500/2384/5377
f 9501/2381/5377 9503/2383/5377 9502/2382/5377
f 9505/2385/5378 9506/2386/5378 9504/2388/5378
f 9505/2385/5379 9507/2387/5379 9506/2386/5379
f 9509/2390/278 9510/2389/278 9508/2391/278
f 9512/2393/278 9513/2392/278 9511/2394/278
f 9515/2396/278 9516/2395/278 9514/2397/278
f 9518/2399/278 9519/2398/278 9517/2400/278
f 9518/2399/278 9520/2401/278 9519/2398/278
f 9522/2402/5380 9523/2403/5380 9521/2405/5380
f 9522/2402/5381 9524/2404/5381 9523/2403/5381
f 9526/2406/278 9172/2057/278 9525/2407/278
f 9449/2329/278 9444/2323/278 9445/2326/278
f 9449/2329/278 9527/2408/278 9444/2323/278
f 9529/2409/278 9530/2410/278 9528/2412/278
f 9529/2409/278 9531/2411/278 9530/2410/278
f 9533/2413/5382 9534/2414/5382 9532/2416/5382
f 9533/2413/5382 9535/2415/5382 9534/2414/5382
f 9537/2418/278 9538/2417/278 9536/2419/278
f 9540/2421/5383 9541/2420/5383 9539/2422/5384
f 9540/2421/5384 9542/2423/5384 9541/2420/5384
f 9544/2425/5385 9545/2424/5385 9543/2426/5386
f 9544/2425/5386 9546/2427/5386 9545/2424/5386
f 9438/2318/278 9437/2319/278 9547/2428/278
f 9437/2319/278 9436/2315/278 9548/2429/278
f 9437/2319/278 9549/2430/278 9547/2428/278
f 9549/2430/278 9550/2431/278 9547/2428/278
f 9552/2432/278 9550/2431/278 9551/2433/278
f 9552/2432/278 9547/2428/278 9550/2431/278
f 9553/2434/278 9552/2432/278 9527/2408/278
f 9527/2408/278 9552/2432/278 9551/2433/278
f 9553/2434/278 9554/2435/278 9552/2432/278
f 9555/2437/278 9556/2436/278 9530/2410/278
f 9558/2438/278 9528/2412/278 9557/2439/278
f 9556/2436/278 9528/2412/278 9530/2410/278
f 9556/2436/278 9557/2439/278 9528/2412/278
f 9560/2441/5387 9561/2440/5387 9559/2442/5387
f 9560/2441/5388 9562/2443/5388 9561/2440/5388
f 9564/2444/278 9429/2308/278 9563/2445/278
f 9566/2446/278 9438/2318/278 9565/2448/278
f 9566/2446/278 9567/2447/278 9438/2318/278
f 9435/2316/278 9569/2449/278 9568/2450/278
f 9570/2452/278 9571/2451/278 9568/2450/278
f 9427/2310/278 9172/2057/278 9572/2453/278
f 9572/2453/278 9172/2057/278 9170/2053/278
f 9573/2454/278 9173/2059/278 9174/2058/278
f 9573/2454/278 9574/2455/278 9173/2059/278
f 9576/2457/278 9577/2456/278 9575/2458/278
f 9578/2459/278 9576/2457/278 9575/2458/278
f 9579/2460/278 9577/2456/278 9576/2457/278
f 9579/2460/278 9581/2461/278 9580/2462/278
f 9579/2460/278 9582/2463/278 9581/2461/278
f 9582/2463/278 9579/2460/278 9576/2457/278
f 9583/2464/278 9582/2463/278 9576/2457/278
f 9585/2465/278 9586/2466/278 9584/2468/278
f 9585/2465/278 9587/2467/278 9586/2466/278
f 9589/2470/278 9590/2469/278 9588/2471/278
f 9591/2472/278 9589/2470/278 9588/2471/278
f 9592/2474/278 9593/2473/278 9514/2397/278
f 9593/2473/278 9515/2396/278 9514/2397/278
f 9594/2475/278 9593/2473/278 9592/2474/278
f 9588/2471/278 9592/2474/278 9514/2397/278
f 9590/2469/278 9592/2474/278 9588/2471/278
f 9595/2476/278 9593/2473/278 9594/2475/278
f 9596/2477/278 9595/2476/278 9594/2475/278
f 9597/2478/278 9595/2476/278 9596/2477/278
f 9598/2479/278 9595/2476/278 9597/2478/278
f 9599/2480/278 9455/2336/278 9454/2337/278
f 9600/2481/278 9599/2480/278 9454/2337/278
f 9567/2447/278 9569/2449/278 9434/2317/278
f 9548/2429/278 9436/2315/278 9435/2316/278
f 9434/2317/278 9569/2449/278 9435/2316/278
f 9575/2458/278 9601/2482/278 9571/2451/278
f 9577/2456/278 9601/2482/278 9575/2458/278
f 9571/2451/278 9601/2482/278 9568/2450/278
f 9601/2482/278 9435/2316/278 9568/2450/278
f 9551/2433/278 9444/2323/278 9527/2408/278
f 9525/2407/278 9602/2483/278 9439/2322/278
f 9604/2484/278 9553/2434/278 9603/2485/278
f 9604/2484/278 9554/2435/278 9553/2434/278
f 9605/2486/278 9512/2393/278 9511/2394/278
f 9606/2487/278 9512/2393/278 9605/2486/278
f 9607/2488/278 9606/2487/278 9605/2486/278
f 9608/2489/278 9512/2393/278 9606/2487/278
f 9609/2490/278 9607/2488/278 9605/2486/278
f 9610/2491/278 9607/2488/278 9609/2490/278
f 9611/2492/278 9610/2491/278 9609/2490/278
f 9612/2493/278 9611/2492/278 9609/2490/278
f 9614/2494/278 9177/2061/278 9613/2495/278
f 9177/2061/278 9178/2062/278 9613/2495/278
f 9449/2329/278 9445/2326/278 9448/2328/278
f 9448/2328/278 9445/2326/278 9520/2401/278
f 9613/2495/278 9519/2398/278 9520/2401/278
f 9178/2062/278 9519/2398/278 9613/2495/278
f 9445/2326/278 9613/2495/278 9520/2401/278
f 9554/2435/278 9602/2483/278 9525/2407/278
f 9615/2496/278 9525/2407/278 9439/2322/278
f 9565/2448/278 9554/2435/278 9525/2407/278
f 9616/2497/278 9552/2432/278 9565/2448/278
f 9552/2432/278 9554/2435/278 9565/2448/278
f 9603/2485/278 9441/2320/278 9604/2484/278
f 9602/2483/278 9440/2321/278 9439/2322/278
f 9604/2484/278 9441/2320/278 9440/2321/278
f 9176/2060/278 9175/2063/278 9617/2498/278
f 9175/2063/278 9618/2499/278 9617/2498/278
f 9441/2320/278 9176/2060/278 9617/2498/278
f 9439/2322/278 9441/2320/278 9617/2498/278
f 9620/2501/278 9621/2500/278 9619/2502/278
f 9620/2501/278 9622/2503/278 9621/2500/278
f 9620/2501/278 9623/2504/278 9622/2503/278
f 9531/2411/278 9623/2504/278 9620/2501/278
f 9531/2411/278 9529/2409/278 9623/2504/278
f 9624/2505/278 9622/2503/278 9623/2504/278
f 9625/2506/278 9622/2503/278 9624/2505/278
f 9626/2507/278 9531/2411/278 9620/2501/278
f 9627/2508/278 9623/2504/278 9529/2409/278
f 9628/2509/278 9570/2452/278 9572/2453/278
f 9570/2452/278 9568/2450/278 9572/2453/278
f 9428/2309/278 9427/2310/278 9568/2450/278
f 9568/2450/278 9427/2310/278 9572/2453/278
f 9563/2445/278 9429/2308/278 9428/2309/278
f 9566/2446/278 9429/2308/278 9564/2444/278
f 9629/2511/278 9630/2510/278 9624/2505/278
f 9631/2512/278 9622/2503/278 9625/2506/278
f 9630/2510/278 9625/2506/278 9624/2505/278
f 9633/2513/278 9631/2512/278 9632/2514/278
f 9634/2515/278 9633/2513/278 9632/2514/278
f 9632/2514/278 9631/2512/278 9625/2506/278
f 9168/2055/278 9172/2057/278 9526/2406/278
f 9635/2517/278 9636/2516/278 9509/2390/278
f 9637/2518/278 9638/2519/278 9619/2502/278
f 9637/2518/278 9639/2520/278 9638/2519/278
f 9619/2502/278 9621/2500/278 9637/2518/278
f 9637/2518/278 9635/2517/278 9509/2390/278
f 9621/2500/278 9635/2517/278 9637/2518/278
f 9636/2516/278 9510/2389/278 9509/2390/278
f 9640/2521/278 9634/2515/278 9632/2514/278
f 9618/2499/278 9526/2406/278 9617/2498/278
f 9641/2522/278 9526/2406/278 9618/2499/278
f 9615/2496/278 9617/2498/278 9525/2407/278
f 9617/2498/278 9526/2406/278 9525/2407/278
f 9643/2523/278 9608/2489/278 9642/2524/278
f 9642/2524/278 9608/2489/278 9644/2525/278
f 9644/2525/278 9608/2489/278 9606/2487/278
f 9646/2527/278 9647/2526/278 9645/2528/278
f 9646/2527/278 9583/2464/278 9647/2526/278
f 9550/2431/278 9549/2430/278 9646/2527/278
f 9585/2465/278 9646/2527/278 9549/2430/278
f 9585/2465/278 9583/2464/278 9646/2527/278
f 9584/2468/278 9582/2463/278 9583/2464/278
f 9585/2465/278 9584/2468/278 9583/2464/278
f 9616/2497/278 9565/2448/278 9547/2428/278
f 9547/2428/278 9565/2448/278 9438/2318/278
f 9569/2449/278 9567/2447/278 9566/2446/278
f 9564/2444/278 9569/2449/278 9566/2446/278
f 9649/2529/5389 9650/1864/5390 9648/2530/5389
f 9649/2529/5389 9651/1861/5391 9650/1864/5392
f 9166/2052/1074 9085/1971/1074 9160/2045/1074
f 9157/2042/1074 9158/2043/1074 8917/1819/1074
f 9653/2531/1272 9654/2532/1272 9652/2533/1272
f 9653/2531/1272 9655/2534/1272 9654/2532/1272
f 9657/2535/1074 9658/2536/1074 9656/2537/1074
f 9657/2535/1074 9659/2538/1074 9658/2536/1074
f 9657/2535/1074 9660/2539/1074 9659/2538/1074
f 9657/2535/1074 9661/2540/1074 9660/2539/1074
f 9662/2541/1074 9659/2538/1074 9660/2539/1074
f 9662/2541/1074 9663/2542/1074 9659/2538/1074
f 9665/2543/1074 9666/2544/1074 9664/2545/1074
f 9668/2546/1074 9669/2547/1074 9667/2548/1074
f 9671/2549/5393 9672/2550/5393 9670/2551/5393
f 9671/2549/5394 9673/2552/5394 9672/2550/5394
f 9675/2553/5395 9676/2554/5396 9674/2555/5395
f 9675/2553/5395 9677/2556/5397 9676/2554/5396
f 9679/2557/5398 9680/2558/5399 9678/2559/5400
f 9679/2557/5398 9681/2560/5401 9680/2558/5399
f 9683/2560/5402 9684/2561/5403 9682/2558/5399
f 9683/2560/5402 9685/2562/5403 9684/2561/5403
f 9687/2563/5404 9688/2564/5405 9686/2565/5405
f 9687/2563/5405 9689/2566/5406 9688/2564/5406
f 9691/2567/5407 9692/2568/5408 9690/2569/5407
f 9691/2567/5407 9693/2570/5407 9692/2568/5407
f 9695/2571/5409 9696/2572/5409 9694/2573/5409
f 9695/2571/5409 9697/2574/5409 9696/2572/5409
f 9699/2575/5410 9700/2576/5410 9698/2577/5410
f 9699/2575/5411 9701/2578/5411 9700/2576/5411
f 9703/2579/5412 9704/2580/5412 9702/2581/5412
f 9703/2579/5412 9705/2582/5412 9704/2580/5412
f 9707/2583/5413 9708/2584/5413 9706/2585/5413
f 9707/2583/5413 9709/2586/5413 9708/2584/5413
f 9711/2587/5414 9712/2588/5414 9710/2589/5414
f 9711/2587/5415 9713/2590/5415 9712/2588/5415
f 9715/2591/5416 9716/2592/5417 9714/2593/5418
f 9715/2591/5419 9717/2594/5419 9716/2592/5417
f 9719/2595/1074 9720/2596/1074 9718/2597/1074
f 9719/2595/1074 9721/2598/1074 9720/2596/1074
f 9723/2599/1272 9724/2600/1272 9722/2601/1272
f 9723/2599/1272 9725/2602/1272 9724/2600/1272
f 9727/2603/1223 9728/2604/1223 9726/2605/1223
f 9727/2603/1223 9730/2606/1223 9729/2607/1223
f 9727/2603/1223 9731/2608/1223 9730/2606/1223
f 9733/2609/1223 9729/2607/1223 9732/2610/1223
f 9735/2611/5420 9736/2612/5421 9734/2613/5422
f 9738/2614/5423 9735/2611/5420 9737/2615/5424
f 9740/2616/1223 9741/2617/1223 9739/2618/1223
f 9743/2619/5425 9744/2620/5426 9742/2621/5427
f 9746/2622/5428 9747/2623/5429 9745/2624/5430
f 9746/2622/5431 9748/2625/5432 9747/2623/5430
f 9750/2626/5433 9751/2627/5433 9749/2628/5433
f 9750/2626/5433 9752/2629/5434 9751/2627/5434
f 9754/2630/5435 9755/2631/5436 9753/2632/5436
f 9754/2630/5435 9756/2633/5437 9755/2631/5438
f 9758/2634/5439 9759/2635/5439 9757/2636/5439
f 9758/2634/5439 9760/2637/5439 9759/2635/5439
f 9762/2638/5440 9763/2639/5440 9761/2640/5440
f 9762/2638/5440 9764/2641/5440 9763/2639/5440
f 9766/2642/5441 9767/2643/5441 9765/2644/5441
f 9766/2642/5441 9768/2645/5441 9767/2643/5441
f 9770/2646/5442 9771/2647/5442 9769/2648/5442
f 9770/2646/5442 9772/2649/5442 9771/2647/5442
f 9774/2650/5443 9775/2651/5443 9773/2652/5443
f 9774/2650/5443 9776/2653/5443 9775/2651/5443
f 9778/2654/5444 9779/2655/5444 9777/2656/5444
f 9778/2654/5444 9780/2657/5444 9779/2655/5444
f 9782/2658/5445 9783/2659/5445 9781/2660/5445
f 9782/2658/5446 9784/2661/5446 9783/2659/5446
f 9786/2662/5447 9787/2663/5447 9785/2664/5447
f 9786/2662/5448 9788/2665/5448 9787/2663/5448
f 9790/2666/5449 9791/2667/5449 9789/2668/5449
f 9790/2666/5449 9792/2669/5449 9791/2667/5449
f 9794/2670/5450 9795/2671/5450 9793/2672/5450
f 9794/2670/5451 9796/2673/5451 9795/2671/5451
f 9798/2674/1074 9799/2675/1074 9797/2676/1074
f 9800/2677/1074 9801/2678/1074 9719/2595/1074
f 9800/2677/1074 9661/2540/1074 9801/2678/1074
f 9664/2545/1074 9803/2679/1074 9802/2680/1074
f 9805/2681/1074 9806/2682/1074 9804/2683/1074
f 9808/2684/5452 9809/2592/5417 9807/2685/5452
f 9808/2684/5452 9810/2593/5453 9809/2592/5454
f 9812/2686/5455 9813/2687/5455 9811/2688/5455
f 9812/2686/5455 9814/2689/5455 9813/2687/5455
f 9816/2690/1074 9817/2691/1074 9815/2692/1074
f 9816/2690/1074 9818/2693/1074 9817/2691/1074
f 9721/2598/1074 9719/2595/1074 9801/2678/1074
f 9820/2694/5456 9821/2630/5457 9819/2695/5456
f 9820/2694/5456 9822/2633/5458 9821/2630/5457
f 9824/2696/5459 9825/2697/5459 9823/2698/5459
f 9824/2696/5459 9826/2699/5459 9825/2697/5459
f 9743/2619/5425 9742/2621/5460 9736/2612/5421
f 9732/2610/1223 9729/2607/1223 9730/2606/1223
f 9797/2676/1074 9827/2700/1074 9798/2674/1074
f 9668/2546/1074 9806/2682/1074 9828/2701/1074
f 9668/2546/1074 9804/2683/1074 9806/2682/1074
f 9829/2702/1223 9733/2609/1223 9732/2610/1223
f 9830/2703/1223 9831/2704/1223 9731/2608/1223
f 9833/2705/5461 9834/2706/5461 9832/2707/5461
f 9833/2705/5462 9835/2708/5462 9834/2706/5462
f 9837/2709/1344 9838/2710/1344 9836/2711/1344
f 9837/2709/1344 9839/2712/1344 9838/2710/1344
f 9840/2713/1074 9668/2546/1074 9828/2701/1074
f 9840/2713/1074 9669/2547/1074 9668/2546/1074
f 9842/2557/5463 9843/2554/5464 9841/2556/5465
f 9842/2557/5463 9844/2559/5466 9843/2554/5464
f 9846/2714/5467 9847/2622/5468 9845/2715/5467
f 9846/2714/5469 9848/2625/5428 9847/2622/5468
f 9727/2603/1223 9726/2605/1223 9731/2608/1223
f 9728/2604/1223 9849/2716/1223 9726/2605/1223
f 9850/2717/1223 9849/2716/1223 9728/2604/1223
f 9661/2540/1074 9800/2677/1074 9660/2539/1074
f 9852/2718/1074 9853/2719/1074 9851/2720/1074
f 9855/2721/278 9856/2722/278 9854/2723/278
f 9858/2724/278 9859/2725/278 9857/2726/278
f 9861/2727/278 9854/2723/278 9860/2728/278
f 9863/2729/278 9864/2730/278 9862/2731/278
f 9863/2729/278 9865/2732/278 9864/2730/278
f 9867/2733/278 9868/2734/278 9866/2735/278
f 9867/2733/278 9869/2736/278 9868/2734/278
f 9871/2737/5470 9872/2738/5471 9870/2739/5472
f 9871/2737/5470 9873/2740/5473 9872/2738/5471
f 9875/2737/5474 9876/2741/5475 9874/2742/5476
f 9875/2737/5477 9877/2739/5478 9876/2741/5479
f 9879/2741/5479 9880/2743/5480 9878/2742/5481
f 9879/2741/5479 9881/2744/5482 9880/2743/5480
f 9883/2744/5483 9884/2745/5484 9882/2743/5485
f 9883/2744/5483 9885/2746/5486 9884/2745/5486
f 9887/2747/5487 9888/2748/5487 9886/2749/5487
f 9887/2747/5487 9889/2750/5487 9888/2748/5487
f 9891/2751/5488 9892/2752/5489 9890/2753/5490
f 9891/2751/5488 9893/2754/5488 9892/2752/5491
f 9895/2755/5492 9896/2756/5493 9894/2757/5494
f 9895/2755/5492 9897/2758/5492 9896/2756/5493
f 9899/2756/5495 9900/2759/5496 9898/2757/5497
f 9899/2756/5498 9901/2760/5499 9900/2759/5496
f 9903/2761/5500 9904/2762/5501 9902/2763/5502
f 9903/2761/5503 9905/2764/5501 9904/2762/5501
f 9907/2763/5504 9908/2765/5505 9906/2761/5506
f 9907/2763/5504 9909/2766/5507 9908/2765/5505
f 9911/2767/5508 9912/2765/5509 9910/2766/5507
f 9911/2767/5510 9913/2768/5510 9912/2765/5511
f 9915/2769/5512 9916/2770/5512 9914/2771/5512
f 9915/2769/5513 9917/2772/5513 9916/2770/5514
f 9919/2773/5515 9920/2774/5515 9918/2775/5515
f 9919/2773/5515 9921/2776/5515 9920/2774/5515
f 9923/2777/5516 9924/2778/5517 9922/2779/5518
f 9923/2777/5516 9925/2780/5516 9924/2778/5517
f 9927/2738/5519 9928/2781/5520 9926/2782/5520
f 9927/2738/5519 9929/2740/5473 9928/2781/5521
f 9931/2783/5522 9932/2784/5522 9930/2785/5522
f 9931/2783/5522 9933/2786/5522 9932/2784/5522
f 9935/2787/5523 9936/2788/5523 9934/2789/5523
f 9935/2787/5523 9937/2790/5523 9936/2788/5523
f 9939/2791/5524 9940/2792/5524 9938/2793/5524
f 9939/2791/5524 9941/2794/5524 9940/2792/5524
f 9943/2795/5525 9944/2796/5525 9942/2797/5525
f 9943/2795/5526 9945/2798/5526 9944/2796/5526
f 9947/2799/278 9948/2800/278 9946/2801/278
f 9947/2799/278 9949/2802/278 9948/2800/278
f 9951/2803/278 9952/2804/278 9950/2805/278
f 9951/2803/278 9953/2806/278 9952/2804/278
f 9955/2807/278 9956/2808/278 9954/2809/278
f 9854/2723/278 9954/2809/278 9855/2721/278
f 9958/2752/5527 9959/2810/5528 9957/2753/5529
f 9958/2752/5489 9960/2811/5528 9959/2810/5528
f 9962/2812/278 9963/2813/278 9961/2814/278
f 9962/2812/278 9859/2725/278 9963/2813/278
f 9965/2815/278 9966/2816/278 9964/2817/278
f 9965/2815/278 9967/2818/278 9966/2816/278
f 9969/2819/5530 9970/2779/5531 9968/2778/5532
f 9969/2819/5530 9971/2820/5533 9970/2779/5534
f 9973/2821/278 9974/2822/278 9972/2823/278
f 9948/2800/278 9976/2824/278 9975/2825/278
f 9978/2826/5535 9979/2827/5535 9977/2828/5535
f 9978/2826/5535 9980/2829/5535 9979/2827/5535
f 9982/2830/278 9983/2831/278 9981/2832/278
f 9982/2830/278 9984/2833/278 9983/2831/278
f 9986/2834/5536 9987/2835/5536 9985/2836/5536
f 9986/2834/5536 9988/2837/5536 9987/2835/5536
f 9990/2838/278 9991/2839/278 9989/2840/278
f 9993/2841/5537 9994/2760/5538 9992/2842/5537
f 9993/2841/5537 9995/2759/5539 9994/2760/5540
f 9997/2843/5541 9998/2844/5542 9996/2845/5543
f 9997/2843/5544 9999/2846/5542 9998/2844/5542
f 10001/2843/5545 10002/2847/5546 10000/2848/5546
f 10001/2843/5545 10003/2845/5547 10002/2847/5548
f 10004/2849/278 9975/2825/278 9976/2824/278
f 10004/2849/278 10006/2850/278 10005/2851/278
f 10008/2852/5549 10009/2853/5549 10007/2854/5549
f 10008/2852/5549 10010/2855/5549 10009/2853/5549
f 10012/2856/278 10013/2857/278 10011/2858/278
f 10014/2859/278 9857/2726/278 9859/2725/278
f 9991/2839/278 10015/2860/278 9989/2840/278
f 9991/2839/278 10016/2861/278 10015/2860/278
f 10018/2862/278 10019/2863/278 10017/2864/278
f 10021/2865/278 10022/2866/278 10020/2867/278
f 10021/2865/278 10023/2868/278 10022/2866/278
f 10025/2869/278 10026/2870/278 10024/2871/278
f 10025/2869/278 10027/2872/278 10026/2870/278
f 10029/2873/5550 10030/2874/5551 10028/2875/5552
f 10029/2873/5550 10031/2876/5553 10030/2874/5551
f 10033/2877/5554 10034/2878/5555 10032/2879/5554
f 10033/2877/5556 10035/2880/5556 10034/2878/5556
f 10037/2881/5557 10038/2882/5558 10036/2883/5559
f 10037/2881/5560 10039/2884/5561 10038/2882/5561
f 10041/2885/5562 10042/2886/5563 10040/2887/5562
f 10041/2885/5562 10043/2888/5564 10042/2886/5563
f 10045/2889/5565 10046/2886/5566 10044/2888/5567
f 10045/2889/5565 10047/2890/5568 10046/2886/5566
f 10049/2891/5569 10050/2892/5570 10048/2893/5570
f 10049/2891/5569 10051/2894/5571 10050/2892/5570
f 10053/2895/5572 10054/2894/5573 10052/2891/5574
f 10053/2895/5572 10055/2896/5575 10054/2894/5573
f 10057/2895/5576 10058/2897/5577 10056/2896/5575
f 10057/2895/5578 10059/2898/5579 10058/2897/5579
f 10061/2899/5580 10062/2900/5580 10060/2901/5580
f 10061/2899/5580 10063/2902/5580 10062/2900/5580
f 10065/2903/5581 10066/2904/5581 10064/2905/5581
f 10065/2903/5581 10067/2906/5581 10066/2904/5581
f 10069/2907/5582 10070/2908/5583 10068/2909/5584
f 10069/2907/5582 10071/2910/5583 10070/2908/5583
f 10073/2911/5585 10074/2912/5585 10072/2913/5585
f 10073/2911/5586 10075/2914/5586 10074/2912/5586
f 10077/2915/5587 10078/2916/5587 10076/2917/5587
f 10077/2915/5587 10079/2918/5587 10078/2916/5587
f 10081/2919/5588 10082/2920/5588 10080/2921/5588
f 10081/2919/5588 10083/2922/5588 10082/2920/5588
f 10085/2923/5589 10086/2924/5589 10084/2925/5589
f 10085/2923/5589 10087/2926/5589 10086/2924/5589
f 10089/2927/278 10090/2928/278 10088/2929/278
f 10089/2927/278 10091/2930/278 10090/2928/278
f 10093/2931/278 10094/2932/278 10092/2933/278
f 10013/2857/278 10095/2934/278 10011/2858/278
f 10091/2930/278 10096/2935/278 10090/2928/278
f 10097/2936/278 10013/2857/278 10012/2856/278
f 10099/2876/5590 10100/2937/5591 10098/2938/5591
f 10099/2876/5590 10101/2873/5592 10100/2937/5593
f 10102/2939/278 10103/2940/278 10093/2931/278
f 10105/2941/5594 10106/2881/5595 10104/2883/5596
f 10105/2941/5594 10107/2942/5594 10106/2881/5595
f 10108/2943/278 10092/2933/278 10096/2935/278
f 10108/2943/278 10093/2931/278 10092/2933/278
f 10110/2944/5597 10111/2907/5598 10109/2909/5584
f 10110/2944/5597 10112/2945/5599 10111/2907/5598
f 10114/2946/278 10115/2947/278 10113/2948/278
f 10117/2949/278 9949/2802/278 10116/2950/278
f 10118/2951/278 10090/2928/278 10096/2935/278
f 10092/2933/278 10118/2951/278 10096/2935/278
f 10120/2944/5600 10121/2874/5551 10119/2945/5601
f 10120/2944/5602 10122/2875/5603 10121/2874/5604
f 10018/2862/278 10123/2952/278 10019/2863/278
f 10018/2862/278 10113/2948/278 10123/2952/278
f 10125/2890/5605 10126/2953/5606 10124/2954/5606
f 10125/2890/5607 10127/2889/5608 10126/2953/5606
f 10129/2955/5609 10130/2956/5609 10128/2957/5609
f 10129/2955/5609 10131/2958/5609 10130/2956/5609
f 10133/2959/278 10016/2861/278 10132/2960/278
f 10135/2961/5610 10136/2962/5610 10134/2963/5610
f 10135/2961/5610 10137/2964/5610 10136/2962/5610
f 10139/2965/5611 10140/2819/5612 10138/2966/5611
f 10139/2965/5611 10141/2820/5613 10140/2819/5614
f 10115/2947/278 10114/2946/278 10142/2967/278
f 10116/2950/278 10143/2968/278 10117/2949/278
f 10145/2969/278 10146/2970/278 10144/2971/278
f 10145/2969/278 10147/2972/278 10146/2970/278
f 10149/2973/5615 10150/2974/5616 10148/2975/5616
f 10149/2973/5615 10151/2976/5617 10150/2974/5616
f 10153/2973/5618 10154/2977/5619 10152/2976/5620
f 10153/2973/5618 10155/2978/5621 10154/2977/5619
f 9989/2840/278 9962/2812/278 10156/2979/278
f 9955/2807/278 9963/2813/278 9956/2808/278
f 10093/2931/278 10103/2940/278 10094/2932/278
f 10097/2936/278 10017/2864/278 10019/2863/278
f 10157/2980/278 9963/2813/278 9955/2807/278
f 10157/2980/278 9961/2814/278 9963/2813/278
f 10018/2862/278 10114/2946/278 10113/2948/278
f 10018/2862/278 9859/2725/278 10114/2946/278
f 9858/2724/278 10158/2981/278 9859/2725/278
f 9857/2726/278 10017/2864/278 10097/2936/278
f 9857/2726/278 10097/2936/278 10012/2856/278
f 9956/2808/278 9858/2724/278 9954/2809/278
f 9858/2724/278 9855/2721/278 9954/2809/278
f 9858/2724/278 9981/2832/278 9855/2721/278
f 9858/2724/278 9982/2830/278 9981/2832/278
f 9857/2726/278 10012/2856/278 9982/2830/278
f 9858/2724/278 9857/2726/278 9982/2830/278
f 10159/2982/278 10160/2983/278 10095/2934/278
f 10160/2983/278 10145/2969/278 10095/2934/278
f 10142/2967/278 10161/2984/278 10133/2959/278
f 10142/2967/278 10133/2959/278 10115/2947/278
f 9972/2823/278 9974/2822/278 10162/2985/278
f 10006/2850/278 9972/2823/278 10005/2851/278
f 9829/2702/1223 10164/2986/1223 10163/2987/1223
f 9829/2702/1223 10165/2988/1223 10164/2986/1223
f 9743/2619/5425 10167/2989/5622 10166/2990/5623
f 9743/2619/5425 9736/2612/5624 10167/2989/5622
f 10169/2991/5625 10170/2992/5625 10168/2993/5625
f 10169/2991/5625 10171/2994/5625 10170/2992/5625
f 9849/2716/1223 10173/2995/1223 10172/2996/1223
f 10175/2997/5626 10176/2998/5626 10174/2999/5626
f 10175/2997/5627 10177/3000/5627 10176/2998/5627
f 10178/3001/5628 10166/2990/5623 10167/2989/5622
f 10180/3002/5629 10181/3003/5630 10179/3004/5631
f 10182/3005/5632 10181/3003/5632 10180/3002/5633
f 9850/2717/1223 10183/3006/1223 10173/2995/1223
f 10184/3007/1223 9739/2618/1223 10183/3006/1223
f 9849/2716/1223 9850/2717/1223 10173/2995/1223
f 10180/3002/5634 9735/2611/5420 9738/2614/5423
f 10180/3002/5634 10179/3004/5631 9735/2611/5635
f 10186/3008/5636 10187/3009/5636 10185/3010/5636
f 10186/3008/5636 10188/3011/5636 10187/3009/5636
f 10163/2987/1223 9733/2609/1223 9829/2702/1223
f 9962/2812/278 10189/3012/278 10156/2979/278
f 10156/2979/278 9990/2838/278 9989/2840/278
f 9972/2823/278 10162/2985/278 10005/2851/278
f 10184/3007/1223 10164/2986/1223 9739/2618/1223
f 10164/2986/1223 10165/2988/1223 9740/2616/1223
f 10164/2986/1223 9740/2616/1223 9739/2618/1223
f 9850/2717/1223 10184/3007/1223 10183/3006/1223
f 9831/2704/1223 9730/2606/1223 9731/2608/1223
f 9735/2611/5420 10179/3004/5631 9736/2612/5624
f 9742/2621/5637 9734/2613/5422 9736/2612/5421
f 10088/2929/278 10143/2968/278 10089/2927/278
f 10116/2950/278 10089/2927/278 10143/2968/278
f 9976/2824/278 9949/2802/278 10117/2949/278
f 9976/2824/278 9948/2800/278 9949/2802/278
f 9863/2729/278 9947/2799/278 9946/2801/278
f 10022/2866/278 9947/2799/278 9863/2729/278
f 9946/2801/278 10190/3013/278 9865/2732/278
f 9946/2801/278 9865/2732/278 9863/2729/278
f 10023/2868/278 10191/3014/278 9947/2799/278
f 10022/2866/278 10023/2868/278 9947/2799/278
f 10095/2934/278 10013/2857/278 10159/2982/278
f 9951/2803/278 10192/3015/278 9953/2806/278
f 10192/3015/278 9951/2803/278 10193/3016/278
f 10192/3015/278 10193/3016/278 9974/2822/278
f 9973/2821/278 10192/3015/278 9974/2822/278
f 10194/3017/278 10147/2972/278 10160/2983/278
f 10194/3017/278 10195/3018/278 10147/2972/278
f 10145/2969/278 10160/2983/278 10147/2972/278
f 10197/3019/278 10198/3020/278 10196/3021/278
f 10197/3019/278 9965/2815/278 10198/3020/278
f 9964/2817/278 9860/2728/278 10198/3020/278
f 9965/2815/278 9964/2817/278 10198/3020/278
f 9964/2817/278 9861/2727/278 9860/2728/278
f 9854/2723/278 9856/2722/278 9860/2728/278
f 10133/2959/278 10161/2984/278 10015/2860/278
f 9852/2718/1074 10199/3022/1074 9853/2719/1074
f 9656/2537/1074 9658/2536/1074 9797/2676/1074
f 9799/2675/1074 9656/2537/1074 9797/2676/1074
f 9798/2674/1074 9802/2680/1074 9799/2675/1074
f 9802/2680/1074 9803/2679/1074 9799/2675/1074
f 9828/2701/1074 10200/3023/1074 9840/2713/1074
f 9828/2701/1074 9851/2720/1074 10200/3023/1074
f 10201/3024/1074 10202/3025/1074 10200/3023/1074
f 10200/3023/1074 9853/2719/1074 10201/3024/1074
f 10200/3023/1074 9851/2720/1074 9853/2719/1074
f 10018/2862/278 10014/2859/278 9859/2725/278
f 10133/2959/278 10015/2860/278 10016/2861/278
f 9666/2544/1074 9718/2597/1074 9720/2596/1074
f 9720/2596/1074 9664/2545/1074 9666/2544/1074
f 9720/2596/1074 9803/2679/1074 9664/2545/1074
f 9961/2814/278 10189/3012/278 9962/2812/278
f 9859/2725/278 10158/2981/278 9963/2813/278
f 10004/2849/278 10005/2851/278 9975/2825/278
f 10204/3026/141 10205/3027/141 10203/3028/141
f 10207/3029/141 10208/3030/141 10206/3031/141
f 10209/3032/141 10207/3029/141 10206/3031/141
f 10204/3026/141 10206/3031/141 10205/3027/141
f 10204/3026/141 10209/3032/141 10206/3031/141
f 10211/2532/1272 10212/2531/1272 10210/2533/1272
f 10211/2532/1272 10213/2534/1272 10212/2531/1272
f 10215/2535/1344 10216/2536/1344 10214/2538/1344
f 10215/2535/1344 10217/2537/1344 10216/2536/1344
f 10215/2535/1344 10219/2539/1344 10218/2540/1344
f 10215/2535/1344 10214/2538/1344 10219/2539/1344
f 10221/2541/1344 10214/2538/1344 10220/2542/1344
f 10221/2541/1344 10219/2539/1344 10214/2538/1344
f 10223/2544/1344 10224/2543/1344 10222/2545/1344
f 10226/2547/1344 10227/2546/1344 10225/2548/1344
f 10229/2549/5638 10230/2550/5638 10228/2552/5638
f 10229/2549/5638 10231/2551/5638 10230/2550/5638
f 10233/2553/5639 10234/2554/5640 10232/2556/5641
f 10233/2553/5639 10235/2555/5639 10234/2554/5640
f 10237/2557/5642 10238/2558/5643 10236/2560/5644
f 10237/2557/5642 10239/2559/5645 10238/2558/5643
f 10241/2561/5646 10242/2560/5647 10240/2558/5643
f 10241/2561/5648 10243/2562/5649 10242/2560/5647
f 10245/2564/5650 10246/2563/5650 10244/2565/5650
f 10245/2564/5651 10247/2566/5650 10246/2563/5650
f 10249/2568/5652 10250/2567/5652 10248/2569/5652
f 10249/2568/5652 10251/2570/5652 10250/2567/5652
f 10253/2572/5653 10254/2571/5653 10252/2573/5653
f 10253/2572/5653 10255/2574/5653 10254/2571/5653
f 10257/2576/5654 10258/2575/5654 10256/2577/5654
f 10257/2576/5655 10259/2578/5655 10258/2575/5655
f 10261/2580/5656 10262/2579/5656 10260/2581/5656
f 10261/2580/5656 10263/2582/5656 10262/2579/5656
f 10265/2584/5657 10266/2583/5657 10264/2585/5657
f 10265/2584/5658 10267/2586/5658 10266/2583/5658
f 10269/2587/5659 10270/2588/5659 10268/2590/5659
f 10269/2587/5659 10271/2589/5659 10270/2588/5659
f 10273/2591/5660 10274/2592/5661 10272/2594/5662
f 10273/2591/5663 10275/2593/5664 10274/2592/5665
f 10277/2596/1344 10278/2595/1344 10276/2597/1344
f 10277/2596/1344 10279/2598/1344 10278/2595/1344
f 10281/2600/1272 10282/2599/1272 10280/2601/1272
f 10281/2600/1272 10283/2602/1272 10282/2599/1272
f 10285/2604/1223 10286/2603/1223 10284/2605/1223
f 10288/2606/1223 10286/2603/1223 10287/2607/1223
f 10288/2606/1223 10289/2608/1223 10286/2603/1223
f 10287/2607/1223 10291/2609/1223 10290/2610/1223
f 10293/2612/5666 10294/2611/5667 10292/2613/5668
f 10294/2611/5667 10296/2614/5669 10295/2615/5670
f 10298/2617/1223 10299/2616/1223 10297/2618/1223
f 10301/2620/5426 10302/2619/5671 10300/2621/5672
f 10304/2622/5673 10305/2623/5674 10303/2625/5675
f 10304/2622/5676 10306/2624/5674 10305/2623/5674
f 10308/2626/5677 10309/2627/5678 10307/2629/5677
f 10308/2626/5677 10310/2628/5677 10309/2627/5678
f 10312/2631/5679 10313/2630/5680 10311/2632/5681
f 10312/2631/5681 10314/2633/5682 10313/2630/5680
f 10316/2635/5683 10317/2634/5683 10315/2636/5683
f 10316/2635/5683 10318/2637/5683 10317/2634/5683
f 10320/2639/5684 10321/2638/5684 10319/2640/5684
f 10320/2639/5685 10322/2641/5685 10321/2638/5685
f 10324/2643/5686 10325/2642/5686 10323/2644/5686
f 10324/2643/5687 10326/2645/5687 10325/2642/5687
f 10328/2647/5688 10329/2646/5688 10327/2648/5688
f 10328/2647/5688 10330/2649/5688 10329/2646/5688
f 10332/2651/5689 10333/2650/5689 10331/2652/5689
f 10332/2651/5689 10334/2653/5689 10333/2650/5689
f 10336/2654/5690 10337/2655/5690 10335/2657/5690
f 10336/2654/5690 10338/2656/5690 10337/2655/5690
f 10340/2659/5691 10341/2658/5692 10339/2660/5693
f 10340/2659/5693 10342/2661/5691 10341/2658/5691
f 10344/2663/5694 10345/2662/5695 10343/2664/5694
f 10344/2663/5695 10346/2665/5695 10345/2662/5695
f 10348/2667/5696 10349/2666/5696 10347/2668/5696
f 10348/2667/5696 10350/2669/5696 10349/2666/5696
f 10352/2671/5697 10353/2670/5697 10351/2672/5697
f 10352/2671/5698 10354/2673/5698 10353/2670/5698
f 10356/2675/1344 10357/2674/1344 10355/2676/1344
f 10358/2677/1344 10359/2678/1344 10218/2540/1344
f 10358/2677/1344 10278/2595/1344 10359/2678/1344
f 10361/2679/1344 10222/2545/1344 10360/2680/1344
f 10363/2682/1344 10364/2681/1344 10362/2683/1344
f 10366/2592/5699 10367/2684/5700 10365/2685/5700
f 10366/2592/5661 10368/2593/5701 10367/2684/5702
f 10370/2686/5703 10371/2687/5703 10369/2689/5703
f 10370/2686/5704 10372/2688/5704 10371/2687/5704
f 10374/2691/1344 10375/2690/1344 10373/2692/1344
f 10374/2691/1344 10376/2693/1344 10375/2690/1344
f 10278/2595/1344 10279/2598/1344 10359/2678/1344
f 10378/2630/5705 10379/2694/5706 10377/2695/5706
f 10378/2630/5705 10380/2633/5707 10379/2694/5706
f 10382/2696/5708 10383/2697/5708 10381/2699/5708
f 10382/2696/5708 10384/2698/5708 10383/2697/5708
f 10300/2621/5709 10302/2619/5671 10293/2612/5666
f 10287/2607/1223 10290/2610/1223 10288/2606/1223
f 10385/2700/1344 10355/2676/1344 10357/2674/1344
f 10227/2546/1344 10363/2682/1344 10362/2683/1344
f 10227/2546/1344 10386/2701/1344 10363/2682/1344
f 10291/2609/1223 10387/2702/1223 10290/2610/1223
f 10388/2704/1223 10389/2703/1223 10289/2608/1223
f 10391/2706/5710 10392/2705/5710 10390/2707/5710
f 10391/2706/5711 10393/2708/5711 10392/2705/5711
f 10395/2710/1074 10396/2709/1074 10394/2711/1074
f 10395/2710/1074 10397/2712/1074 10396/2709/1074
f 10398/2713/1344 10227/2546/1344 10226/2547/1344
f 10398/2713/1344 10386/2701/1344 10227/2546/1344
f 10400/2554/5712 10401/2557/5713 10399/2556/5714
f 10400/2554/5712 10402/2559/5715 10401/2557/5713
f 10404/2622/5716 10405/2714/5717 10403/2715/5717
f 10404/2622/5716 10406/2625/5718 10405/2714/5719
f 10284/2605/1223 10286/2603/1223 10289/2608/1223
f 10407/2716/1223 10285/2604/1223 10284/2605/1223
f 10407/2716/1223 10408/2717/1223 10285/2604/1223
f 10358/2677/1344 10218/2540/1344 10219/2539/1344
f 10410/2719/1344 10411/2718/1344 10409/2720/1344
f 10413/2722/278 10414/2721/278 10412/2723/278
f 10416/2725/278 10417/2724/278 10415/2726/278
f 10412/2723/278 10419/2727/278 10418/2728/278
f 10421/2730/278 10422/2729/278 10420/2731/278
f 10421/2730/278 10423/2732/278 10422/2729/278
f 10425/2733/278 10426/2734/278 10424/2736/278
f 10425/2733/278 10427/2735/278 10426/2734/278
f 10429/2738/5720 10430/2737/5721 10428/2739/5722
f 10429/2738/5720 10431/2740/5723 10430/2737/5721
f 10433/2737/5724 10434/2741/5725 10432/2739/5726
f 10433/2737/5724 10435/2742/5727 10434/2741/5728
f 10437/2741/5725 10438/2743/5729 10436/2744/5730
f 10437/2741/5725 10439/2742/5731 10438/2743/5729
f 10441/2744/5732 10442/2745/5733 10440/2746/5733
f 10441/2744/5732 10443/2743/5734 10442/2745/5735
f 10445/2748/5736 10446/2747/5736 10444/2749/5736
f 10445/2748/5736 10447/2750/5736 10446/2747/5736
f 10449/2751/5737 10450/2752/5738 10448/2754/5737
f 10449/2751/5739 10451/2753/5740 10450/2752/5738
f 10453/2756/5741 10454/2755/5742 10452/2757/5743
f 10453/2756/5741 10455/2758/5742 10454/2755/5742
f 10457/2756/5744 10458/2759/5745 10456/2760/5746
f 10457/2756/5744 10459/2757/5747 10458/2759/5745
f 10461/2762/5748 10462/2761/5749 10460/2763/5750
f 10461/2762/5748 10463/2764/5748 10462/2761/5751
f 10465/2763/5752 10466/2765/5753 10464/2766/5754
f 10465/2763/5752 10467/2761/5755 10466/2765/5753
f 10469/2767/5756 10470/2765/5757 10468/2768/5756
f 10469/2767/5758 10471/2766/5754 10470/2765/5759
f 10473/2769/5760 10474/2770/5760 10472/2772/5760
f 10473/2769/5761 10475/2771/5761 10474/2770/5761
f 10477/2773/5762 10478/2774/5762 10476/2776/5762
f 10477/2773/5762 10479/2775/5762 10478/2774/5762
f 10481/2778/5763 10482/2777/5764 10480/2779/5765
f 10481/2778/5763 10483/2780/5766 10482/2777/5766
f 10485/2738/5767 10486/2781/5768 10484/2740/5723
f 10485/2738/5769 10487/2782/5770 10486/2781/5770
f 10489/2783/5771 10490/2784/5771 10488/2786/5771
f 10489/2783/5771 10491/2785/5771 10490/2784/5771
f 10493/2788/5772 10494/2787/5772 10492/2789/5772
f 10493/2788/5772 10495/2790/5772 10494/2787/5772
f 10497/2791/5773 10498/2792/5773 10496/2794/5773
f 10497/2791/5773 10499/2793/5773 10498/2792/5773
f 10501/2795/5774 10502/2796/5774 10500/2798/5774
f 10501/2795/5775 10503/2797/5775 10502/2796/5775
f 10505/2800/278 10506/2799/278 10504/2801/278
f 10505/2800/278 10507/2802/278 10506/2799/278
f 10509/2804/278 10510/2803/278 10508/2805/278
f 10509/2804/278 10511/2806/278 10510/2803/278
f 10513/2808/278 10514/2807/278 10512/2809/278
f 10512/2809/278 10412/2723/278 10414/2721/278
f 10516/2752/5776 10517/2810/5777 10515/2811/5777
f 10516/2752/5778 10518/2753/5779 10517/2810/5777
f 10519/2812/278 10520/2813/278 10416/2725/278
f 10519/2812/278 10521/2814/278 10520/2813/278
f 10523/2816/278 10524/2815/278 10522/2817/278
f 10523/2816/278 10525/2818/278 10524/2815/278
f 10527/2779/5780 10528/2819/5781 10526/2778/5782
f 10527/2779/5783 10529/2820/5784 10528/2819/5785
f 10531/2822/278 10532/2821/278 10530/2823/278
f 10534/2824/278 10505/2800/278 10533/2825/278
f 10536/2826/5786 10537/2827/5786 10535/2829/5786
f 10536/2826/5786 10538/2828/5786 10537/2827/5786
f 10540/2831/278 10541/2830/278 10539/2832/278
f 10540/2831/278 10542/2833/278 10541/2830/278
f 10544/2835/5787 10545/2834/5787 10543/2836/5787
f 10544/2835/5787 10546/2837/5787 10545/2834/5787
f 10548/2839/278 10549/2838/278 10547/2840/278
f 10551/2841/5788 10552/2760/5789 10550/2759/5790
f 10551/2841/5788 10553/2842/5788 10552/2760/5791
f 10555/2843/5792 10556/2844/5793 10554/2846/5793
f 10555/2843/5792 10557/2845/5794 10556/2844/5793
f 10559/2847/5795 10560/2843/5796 10558/2848/5795
f 10559/2847/5795 10561/2845/5797 10560/2843/5796
f 10533/2825/278 10562/2849/278 10534/2824/278
f 10564/2850/278 10562/2849/278 10563/2851/278
f 10566/2853/5798 10567/2852/5798 10565/2854/5798
f 10566/2853/5798 10568/2855/5798 10567/2852/5798
f 10570/2857/278 10571/2856/278 10569/2858/278
f 10415/2726/278 10572/2859/278 10416/2725/278
f 10548/2839/278 10574/2860/278 10573/2861/278
f 10548/2839/278 10547/2840/278 10574/2860/278
f 10576/2863/278 10577/2862/278 10575/2864/278
f 10579/2866/278 10580/2865/278 10578/2867/278
f 10579/2866/278 10581/2868/278 10580/2865/278
f 10583/2869/278 10584/2870/278 10582/2872/278
f 10583/2869/278 10585/2871/278 10584/2870/278
f 10587/2873/5799 10588/2874/5800 10586/2876/5801
f 10587/2873/5799 10589/2875/5802 10588/2874/5800
f 10591/2877/5803 10592/2878/5803 10590/2880/5803
f 10591/2877/5803 10593/2879/5804 10592/2878/5803
f 10595/2881/5805 10596/2882/5806 10594/2884/5806
f 10595/2881/5807 10597/2883/5808 10596/2882/5809
f 10599/2886/5810 10600/2885/5811 10598/2887/5811
f 10599/2886/5810 10601/2888/5812 10600/2885/5811
f 10603/2886/5813 10604/2889/5814 10602/2888/5815
f 10603/2886/5813 10605/2890/5816 10604/2889/5814
f 10607/2892/5817 10608/2891/5818 10606/2893/5817
f 10607/2892/5817 10609/2894/5819 10608/2891/5820
f 10611/2894/5821 10612/2895/5822 10610/2891/5823
f 10611/2894/5821 10613/2896/5824 10612/2895/5822
f 10615/2897/5825 10616/2895/5826 10614/2896/5827
f 10615/2897/5828 10617/2898/5828 10616/2895/5826
f 10619/2899/5829 10620/2900/5830 10618/2902/5829
f 10619/2899/5829 10621/2901/5829 10620/2900/5829
f 10623/2903/5831 10624/2904/5831 10622/2906/5831
f 10623/2903/5831 10625/2905/5831 10624/2904/5831
f 10627/2907/5832 10628/2908/5833 10626/2910/5833
f 10627/2907/5832 10629/2909/5834 10628/2908/5833
f 10631/2911/5835 10632/2912/5835 10630/2914/5835
f 10631/2911/5835 10633/2913/5835 10632/2912/5835
f 10635/2916/5836 10636/2915/5836 10634/2917/5836
f 10635/2916/5836 10637/2918/5836 10636/2915/5836
f 10639/2919/5837 10640/2920/5837 10638/2922/5837
f 10639/2919/5837 10641/2921/5837 10640/2920/5837
f 10643/2923/5838 10644/2924/5838 10642/2926/5838
f 10643/2923/5838 10645/2925/5838 10644/2924/5838
f 10647/2928/278 10648/2927/278 10646/2929/278
f 10647/2928/278 10649/2930/278 10648/2927/278
f 10651/2932/278 10652/2931/278 10650/2933/278
f 10653/2934/278 10570/2857/278 10569/2858/278
f 10654/2935/278 10649/2930/278 10647/2928/278
f 10570/2857/278 10655/2936/278 10571/2856/278
f 10657/2876/5839 10658/2937/5840 10656/2873/5841
f 10657/2876/5839 10659/2938/5842 10658/2937/5840
f 10660/2940/278 10661/2939/278 10652/2931/278
f 10663/2881/5843 10664/2941/5844 10662/2883/5845
f 10663/2881/5843 10665/2942/5844 10664/2941/5844
f 10666/2943/278 10650/2933/278 10652/2931/278
f 10666/2943/278 10654/2935/278 10650/2933/278
f 10668/2944/5846 10669/2907/5847 10667/2945/5848
f 10668/2944/5846 10670/2909/5834 10669/2907/5847
f 10672/2947/278 10673/2946/278 10671/2948/278
f 10507/2802/278 10675/2949/278 10674/2950/278
f 10647/2928/278 10676/2951/278 10654/2935/278
f 10676/2951/278 10650/2933/278 10654/2935/278
f 10678/2874/5800 10679/2944/5849 10677/2945/5850
f 10678/2874/5851 10680/2875/5852 10679/2944/5853
f 10681/2952/278 10577/2862/278 10576/2863/278
f 10681/2952/278 10671/2948/278 10577/2862/278
f 10683/2890/5854 10684/2953/5855 10682/2889/5856
f 10683/2890/5854 10685/2954/5855 10684/2953/5855
f 10687/2955/5857 10688/2956/5857 10686/2958/5857
f 10687/2955/5857 10689/2957/5857 10688/2956/5857
f 10573/2861/278 10691/2959/278 10690/2960/278
f 10693/2961/5858 10694/2962/5858 10692/2964/5858
f 10693/2961/5858 10695/2963/5858 10694/2962/5858
f 10697/2965/5859 10698/2819/5860 10696/2820/5861
f 10697/2965/5862 10699/2966/5862 10698/2819/5785
f 10673/2946/278 10672/2947/278 10700/2967/278
f 10701/2968/278 10674/2950/278 10675/2949/278
f 10703/2970/278 10704/2969/278 10702/2971/278
f 10703/2970/278 10705/2972/278 10704/2969/278
f 10707/2973/5863 10708/2974/5864 10706/2976/5865
f 10707/2973/5863 10709/2975/5864 10708/2974/5864
f 10711/2977/5866 10712/2973/5867 10710/2976/5868
f 10711/2977/5866 10713/2978/5866 10712/2973/5867
f 10519/2812/278 10547/2840/278 10714/2979/278
f 10520/2813/278 10514/2807/278 10513/2808/278
f 10660/2940/278 10652/2931/278 10651/2932/278
f 10575/2864/278 10655/2936/278 10576/2863/278
f 10520/2813/278 10715/2980/278 10514/2807/278
f 10520/2813/278 10521/2814/278 10715/2980/278
f 10577/2862/278 10673/2946/278 10416/2725/278
f 10577/2862/278 10671/2948/278 10673/2946/278
f 10716/2981/278 10417/2724/278 10416/2725/278
f 10575/2864/278 10415/2726/278 10655/2936/278
f 10655/2936/278 10415/2726/278 10571/2856/278
f 10417/2724/278 10513/2808/278 10512/2809/278
f 10414/2721/278 10417/2724/278 10512/2809/278
f 10539/2832/278 10417/2724/278 10414/2721/278
f 10541/2830/278 10417/2724/278 10539/2832/278
f 10571/2856/278 10415/2726/278 10541/2830/278
f 10415/2726/278 10417/2724/278 10541/2830/278
f 10717/2983/278 10718/2982/278 10653/2934/278
f 10704/2969/278 10717/2983/278 10653/2934/278
f 10719/2984/278 10700/2967/278 10691/2959/278
f 10691/2959/278 10700/2967/278 10672/2947/278
f 10531/2822/278 10530/2823/278 10720/2985/278
f 10530/2823/278 10564/2850/278 10563/2851/278
f 10722/2986/1223 10387/2702/1223 10721/2987/1223
f 10722/2986/1223 10723/2988/1223 10387/2702/1223
f 10725/2989/5869 10302/2619/5671 10724/2990/5870
f 10725/2989/5869 10293/2612/5666 10302/2619/5671
f 10727/2991/5871 10728/2992/5871 10726/2994/5871
f 10727/2991/5871 10729/2993/5871 10728/2992/5871
f 10731/2995/1223 10407/2716/1223 10730/2996/1223
f 10733/2997/5872 10734/2998/5872 10732/3000/5872
f 10733/2997/5872 10735/2999/5872 10734/2998/5872
f 10724/2990/5870 10736/3001/5873 10725/2989/5869
f 10738/3003/5874 10739/3002/5875 10737/3004/5876
f 10738/3003/5877 10740/3005/5877 10739/3002/5878
f 10741/3006/1223 10408/2717/1223 10731/2995/1223
f 10297/2618/1223 10742/3007/1223 10741/3006/1223
f 10408/2717/1223 10407/2716/1223 10731/2995/1223
f 10739/3002/5878 10294/2611/5879 10737/3004/5876
f 10739/3002/5878 10296/2614/5669 10294/2611/5667
f 10744/3008/5880 10745/3009/5880 10743/3011/5880
f 10744/3008/5880 10746/3010/5880 10745/3009/5880
f 10291/2609/1223 10721/2987/1223 10387/2702/1223
f 10747/3012/278 10519/2812/278 10714/2979/278
f 10549/2838/278 10714/2979/278 10547/2840/278
f 10720/2985/278 10530/2823/278 10563/2851/278
f 10722/2986/1223 10742/3007/1223 10297/2618/1223
f 10723/2988/1223 10722/2986/1223 10299/2616/1223
f 10299/2616/1223 10722/2986/1223 10297/2618/1223
f 10742/3007/1223 10408/2717/1223 10741/3006/1223
f 10288/2606/1223 10388/2704/1223 10289/2608/1223
f 10737/3004/5876 10294/2611/5667 10293/2612/5666
f 10292/2613/5668 10300/2621/5709 10293/2612/5881
f 10701/2968/278 10646/2929/278 10648/2927/278
f 10648/2927/278 10674/2950/278 10701/2968/278
f 10507/2802/278 10534/2824/278 10675/2949/278
f 10507/2802/278 10505/2800/278 10534/2824/278
f 10506/2799/278 10422/2729/278 10504/2801/278
f 10579/2866/278 10422/2729/278 10506/2799/278
f 10748/3013/278 10504/2801/278 10423/2732/278
f 10423/2732/278 10504/2801/278 10422/2729/278
f 10749/3014/278 10581/2868/278 10506/2799/278
f 10581/2868/278 10579/2866/278 10506/2799/278
f 10570/2857/278 10653/2934/278 10718/2982/278
f 10750/3015/278 10510/2803/278 10511/2806/278
f 10510/2803/278 10750/3015/278 10751/3016/278
f 10751/3016/278 10750/3015/278 10531/2822/278
f 10750/3015/278 10532/2821/278 10531/2822/278
f 10705/2972/278 10752/3017/278 10717/2983/278
f 10705/2972/278 10753/3018/278 10752/3017/278
f 10717/2983/278 10704/2969/278 10705/2972/278
f 10755/3020/278 10756/3019/278 10754/3021/278
f 10755/3020/278 10524/2815/278 10756/3019/278
f 10418/2728/278 10522/2817/278 10755/3020/278
f 10522/2817/278 10524/2815/278 10755/3020/278
f 10419/2727/278 10522/2817/278 10418/2728/278
f 10413/2722/278 10412/2723/278 10418/2728/278
f 10719/2984/278 10691/2959/278 10574/2860/278
f 10757/3022/1344 10411/2718/1344 10410/2719/1344
f 10216/2536/1344 10217/2537/1344 10355/2676/1344
f 10217/2537/1344 10356/2675/1344 10355/2676/1344
f 10360/2680/1344 10357/2674/1344 10356/2675/1344
f 10361/2679/1344 10360/2680/1344 10356/2675/1344
f 10758/3023/1344 10386/2701/1344 10398/2713/1344
f 10758/3023/1344 10409/2720/1344 10386/2701/1344
f 10759/3025/1344 10760/3024/1344 10758/3023/1344
f 10410/2719/1344 10758/3023/1344 10760/3024/1344
f 10410/2719/1344 10409/2720/1344 10758/3023/1344
f 10572/2859/278 10577/2862/278 10416/2725/278
f 10574/2860/278 10691/2959/278 10573/2861/278
f 10276/2597/1344 10223/2544/1344 10277/2596/1344
f 10277/2596/1344 10222/2545/1344 10361/2679/1344
f 10277/2596/1344 10223/2544/1344 10222/2545/1344
f 10747/3012/278 10521/2814/278 10519/2812/278
f 10716/2981/278 10416/2725/278 10520/2813/278
f 10563/2851/278 10562/2849/278 10533/2825/278
f 10762/3027/141 10763/3026/141 10761/3028/141
f 10765/3030/141 10766/3029/141 10764/3031/141
f 10766/3029/141 10767/3032/141 10764/3031/141
f 10764/3031/141 10763/3026/141 10762/3027/141
f 10767/3032/141 10763/3026/141 10764/3031/141
f 10769/2531/1223 10770/2532/1223 10768/2533/1223
f 10769/2531/1223 10771/2534/1223 10770/2532/1223
f 10773/2535/1344 10774/2536/1344 10772/2537/1344
f 10773/2535/1344 10775/2538/1344 10774/2536/1344
f 10773/2535/1344 10776/2539/1344 10775/2538/1344
f 10773/2535/1344 10777/2540/1344 10776/2539/1344
f 10778/2541/1344 10775/2538/1344 10776/2539/1344
f 10778/2541/1344 10779/2542/1344 10775/2538/1344
f 10781/2543/1344 10782/2544/1344 10780/2545/1344
f 10784/2546/1344 10785/2547/1344 10783/2548/1344
f 10787/2549/5882 10788/2550/5882 10786/2551/5882
f 10787/2549/5882 10789/2552/5883 10788/2550/5882
f 10791/2553/5884 10792/2554/5885 10790/2555/5884
f 10791/2553/5884 10793/2556/5886 10792/2554/5885
f 10795/2557/5887 10796/2558/5888 10794/2559/5889
f 10795/2557/5887 10797/2560/5890 10796/2558/5888
f 10799/2560/5891 10800/2561/5648 10798/2558/5888
f 10799/2560/5891 10801/2562/5648 10800/2561/5648
f 10803/2563/5892 10804/2564/5892 10802/2565/5892
f 10803/2563/5892 10805/2566/5892 10804/2564/5892
f 10807/2567/5893 10808/2568/5893 10806/2569/5893
f 10807/2567/5893 10809/2570/5893 10808/2568/5893
f 10811/2571/5894 10812/2572/5894 10810/2573/5894
f 10811/2571/5894 10813/2574/5894 10812/2572/5894
f 10815/2575/5895 10816/2576/5895 10814/2577/5895
f 10815/2575/5895 10817/2578/5896 10816/2576/5895
f 10819/2579/5897 10820/2580/5897 10818/2581/5897
f 10819/2579/5897 10821/2582/5897 10820/2580/5897
f 10823/2583/5898 10824/2584/5898 10822/2585/5898
f 10823/2583/5898 10825/2586/5898 10824/2584/5898
f 10827/2587/5899 10828/2588/5899 10826/2589/5899
f 10827/2587/5899 10829/2590/5899 10828/2588/5899
f 10831/2591/5900 10832/2592/5901 10830/2593/5902
f 10831/2591/5903 10833/2594/5904 10832/2592/5905
f 10835/2595/1344 10836/2596/1344 10834/2597/1344
f 10835/2595/1344 10837/2598/1344 10836/2596/1344
f 10839/2599/1223 10840/2600/1223 10838/2601/1223
f 10839/2599/1223 10841/2602/1223 10840/2600/1223
f 10843/2603/1272 10844/2604/1272 10842/2605/1272
f 10843/2603/1272 10846/2606/1272 10845/2607/1272
f 10843/2603/1272 10847/2608/1272 10846/2606/1272
f 10849/2609/1272 10845/2607/1272 10848/2610/1272
f 10851/2611/5906 10852/2612/5907 10850/2613/5908
f 10854/2614/5909 10851/2611/5906 10853/2615/5910
f 10856/2616/1272 10857/2617/1272 10855/2618/1272
f 10859/2619/5911 10860/2620/5912 10858/2621/5913
f 10862/2622/5914 10863/2623/5915 10861/2624/5915
f 10862/2622/5916 10864/2625/5917 10863/2623/5918
f 10866/2626/5919 10867/2627/5920 10865/2628/5919
f 10866/2626/5919 10868/2629/5919 10867/2627/5920
f 10870/2630/5921 10871/2631/5922 10869/2632/5922
f 10870/2630/5921 10872/2633/5923 10871/2631/5924
f 10874/2634/5925 10875/2635/5925 10873/2636/5925
f 10874/2634/5925 10876/2637/5925 10875/2635/5925
f 10878/2638/5926 10879/2639/5926 10877/2640/5926
f 10878/2638/5927 10880/2641/5927 10879/2639/5927
f 10882/2642/5928 10883/2643/5929 10881/2644/5928
f 10882/2642/5928 10884/2645/5928 10883/2643/5928
f 10886/2646/5930 10887/2647/5930 10885/2648/5930
f 10886/2646/5930 10888/2649/5930 10887/2647/5930
f 10890/2650/5931 10891/2651/5931 10889/2652/5931
f 10890/2650/5931 10892/2653/5931 10891/2651/5931
f 10894/2654/5932 10895/2655/5932 10893/2656/5932
f 10894/2654/5932 10896/2657/5932 10895/2655/5932
f 10898/2658/5933 10899/2659/5933 10897/2660/5934
f 10898/2658/5934 10900/2661/5934 10899/2659/5934
f 10902/2662/5935 10903/2663/5935 10901/2664/5935
f 10902/2662/5936 10904/2665/5936 10903/2663/5936
f 10906/2666/5937 10907/2667/5937 10905/2668/5937
f 10906/2666/5937 10908/2669/5937 10907/2667/5937
f 10910/2670/5938 10911/2671/5938 10909/2672/5938
f 10910/2670/5939 10912/2673/5939 10911/2671/5939
f 10914/2674/1344 10915/2675/1344 10913/2676/1344
f 10916/2677/1344 10917/2678/1344 10835/2595/1344
f 10916/2677/1344 10777/2540/1344 10917/2678/1344
f 10780/2545/1344 10919/2679/1344 10918/2680/1344
f 10921/2681/1344 10922/2682/1344 10920/2683/1344
f 10924/2684/5940 10925/2592/5905 10923/2685/5941
f 10924/2684/5940 10926/2593/5942 10925/2592/5901
f 10928/2686/5943 10929/2687/5943 10927/2688/5944
f 10928/2686/5944 10930/2689/5944 10929/2687/5944
f 10932/2690/1344 10933/2691/1344 10931/2692/1344
f 10932/2690/1344 10934/2693/1344 10933/2691/1344
f 10837/2598/1344 10835/2595/1344 10917/2678/1344
f 10936/2694/5945 10937/2630/5946 10935/2695/5945
f 10936/2694/5945 10938/2633/5947 10937/2630/5946
f 10940/2696/5948 10941/2697/5948 10939/2698/5948
f 10940/2696/5948 10942/2699/5948 10941/2697/5948
f 10859/2619/5911 10858/2621/5949 10852/2612/5950
f 10848/2610/1272 10845/2607/1272 10846/2606/1272
f 10913/2676/1344 10943/2700/1344 10914/2674/1344
f 10784/2546/1344 10922/2682/1344 10944/2701/1344
f 10784/2546/1344 10920/2683/1344 10922/2682/1344
f 10945/2702/1272 10849/2609/1272 10848/2610/1272
f 10946/2703/1272 10947/2704/1272 10847/2608/1272
f 10949/2705/5951 10950/2706/5951 10948/2707/5951
f 10949/2705/5952 10951/2708/5952 10950/2706/5952
f 10953/2709/1074 10954/2710/1074 10952/2711/1074
f 10953/2709/1074 10955/2712/1074 10954/2710/1074
f 10956/2713/1344 10784/2546/1344 10944/2701/1344
f 10956/2713/1344 10785/2547/1344 10784/2546/1344
f 10958/2557/5953 10959/2554/5954 10957/2556/5955
f 10958/2557/5956 10960/2559/5957 10959/2554/5954
f 10962/2714/5958 10963/2622/5959 10961/2715/5958
f 10962/2714/5960 10964/2625/5914 10963/2622/5959
f 10843/2603/1272 10842/2605/1272 10847/2608/1272
f 10844/2604/1272 10965/2716/1272 10842/2605/1272
f 10966/2717/1272 10965/2716/1272 10844/2604/1272
f 10777/2540/1344 10916/2677/1344 10776/2539/1344
f 10968/2718/1344 10969/2719/1344 10967/2720/1344
f 10971/2721/278 10972/2722/278 10970/2723/278
f 10974/2724/278 10975/2725/278 10973/2726/278
f 10977/2727/278 10970/2723/278 10976/2728/278
f 10979/2729/278 10980/2730/278 10978/2731/278
f 10979/2729/278 10981/2732/278 10980/2730/278
f 10983/2733/278 10984/2734/278 10982/2735/278
f 10983/2733/278 10985/2736/278 10984/2734/278
f 10987/2737/5961 10988/2738/5962 10986/2739/5963
f 10987/2737/5961 10989/2740/5964 10988/2738/5962
f 10991/2737/5965 10992/2741/5966 10990/2742/5967
f 10991/2737/5965 10993/2739/5968 10992/2741/5969
f 10995/2741/5970 10996/2743/5971 10994/2742/5972
f 10995/2741/5969 10997/2744/5973 10996/2743/5971
f 10999/2744/5974 11000/2745/5975 10998/2743/5976
f 10999/2744/5974 11001/2746/5977 11000/2745/5977
f 11003/2747/5978 11004/2748/5978 11002/2749/5979
f 11003/2747/5978 11005/2750/5978 11004/2748/5978
f 11007/2751/5980 11008/2752/5981 11006/2753/5982
f 11007/2751/5983 11009/2754/5983 11008/2752/5984
f 11011/2755/5985 11012/2756/5986 11010/2757/5987
f 11011/2755/5985 11013/2758/5985 11012/2756/5986
f 11015/2756/5988 11016/2759/5989 11014/2757/5990
f 11015/2756/5991 11017/2760/5992 11016/2759/5989
f 11019/2761/5993 11020/2762/5994 11018/2763/5995
f 11019/2761/5993 11021/2764/5994 11020/2762/5994
f 11023/2763/5996 11024/2765/5997 11022/2761/5998
f 11023/2763/5996 11025/2766/5999 11024/2765/5997
f 11027/2767/6000 11028/2765/6001 11026/2766/6002
f 11027/2767/6000 11029/2768/6000 11028/2765/6003
f 11031/2769/6004 11032/2770/6004 11030/2771/6004
f 11031/2769/6005 11033/2772/6005 11032/2770/6005
f 11035/2773/6006 11036/2774/6006 11034/2775/6006
f 11035/2773/6006 11037/2776/6006 11036/2774/6006
f 11039/2777/6007 11040/2778/6008 11038/2779/6009
f 11039/2777/6007 11041/2780/6007 11040/2778/6008
f 11043/2738/6010 11044/2781/6011 11042/2782/6011
f 11043/2738/6012 11045/2740/5964 11044/2781/6013
f 11047/2783/6014 11048/2784/6014 11046/2785/6014
f 11047/2783/6014 11049/2786/6014 11048/2784/6014
f 11051/2787/6015 11052/2788/6015 11050/2789/6015
f 11051/2787/6015 11053/2790/6015 11052/2788/6015
f 11055/2791/6016 11056/2792/6016 11054/2793/6016
f 11055/2791/6016 11057/2794/6016 11056/2792/6016
f 11059/2795/6017 11060/2796/6017 11058/2797/6017
f 11059/2795/6018 11061/2798/6018 11060/2796/6018
f 11063/2799/278 11064/2800/278 11062/2801/278
f 11063/2799/278 11065/2802/278 11064/2800/278
f 11067/2803/278 11068/2804/278 11066/2805/278
f 11067/2803/278 11069/2806/278 11068/2804/278
f 11071/2807/278 11072/2808/278 11070/2809/278
f 10970/2723/278 11070/2809/278 10971/2721/278
f 11074/2752/6019 11075/2810/6020 11073/2753/6021
f 11074/2752/6019 11076/2811/6020 11075/2810/6020
f 11078/2812/278 11079/2813/278 11077/2814/278
f 11078/2812/278 10975/2725/278 11079/2813/278
f 11081/2815/278 11082/2816/278 11080/2817/278
f 11081/2815/278 11083/2818/278 11082/2816/278
f 11085/2819/6022 11086/2779/6023 11084/2778/6024
f 11085/2819/6025 11087/2820/6026 11086/2779/6027
f 11089/2821/278 11090/2822/278 11088/2823/278
f 11064/2800/278 11092/2824/278 11091/2825/278
f 11094/2826/6028 11095/2827/6028 11093/2828/6028
f 11094/2826/6028 11096/2829/6028 11095/2827/6028
f 11098/2830/278 11099/2831/278 11097/2832/278
f 11098/2830/278 11100/2833/278 11099/2831/278
f 11102/2834/6029 11103/2835/6029 11101/2836/6029
f 11102/2834/6029 11104/2837/6029 11103/2835/6029
f 11106/2838/278 11107/2839/278 11105/2840/278
f 11109/2841/6030 11110/2760/6031 11108/2842/6030
f 11109/2841/6030 11111/2759/6032 11110/2760/6033
f 11113/2843/6034 11114/2844/6035 11112/2845/6036
f 11113/2843/6034 11115/2846/6035 11114/2844/6035
f 11117/2843/6037 11118/2847/6038 11116/2848/6038
f 11117/2843/6037 11119/2845/6039 11118/2847/6040
f 11120/2849/278 11091/2825/278 11092/2824/278
f 11120/2849/278 11122/2850/278 11121/2851/278
f 11124/2852/6041 11125/2853/6041 11123/2854/6041
f 11124/2852/6041 11126/2855/6041 11125/2853/6041
f 11128/2856/278 11129/2857/278 11127/2858/278
f 11130/2859/278 10973/2726/278 10975/2725/278
f 11107/2839/278 11131/2860/278 11105/2840/278
f 11107/2839/278 11132/2861/278 11131/2860/278
f 11134/2862/278 11135/2863/278 11133/2864/278
f 11137/2865/278 11138/2866/278 11136/2867/278
f 11137/2865/278 11139/2868/278 11138/2866/278
f 11141/2869/278 11142/2870/278 11140/2871/278
f 11141/2869/278 11143/2872/278 11142/2870/278
f 11145/2873/6042 11146/2874/6043 11144/2875/6044
f 11145/2873/6042 11147/2876/6045 11146/2874/6043
f 11149/2877/6046 11150/2878/6046 11148/2879/6047
f 11149/2877/6046 11151/2880/6046 11150/2878/6046
f 11153/2881/6048 11154/2882/6049 11152/2883/6050
f 11153/2881/6051 11155/2884/6049 11154/2882/6049
f 11157/2885/6052 11158/2886/6053 11156/2887/6052
f 11157/2885/6052 11159/2888/6054 11158/2886/6053
f 11161/2889/6055 11162/2886/6056 11160/2888/6057
f 11161/2889/6055 11163/2890/6058 11162/2886/6059
f 11165/2891/6060 11166/2892/6061 11164/2893/6061
f 11165/2891/6060 11167/2894/6062 11166/2892/6061
f 11169/2895/6063 11170/2894/6064 11168/2891/6065
f 11169/2895/6063 11171/2896/6066 11170/2894/6064
f 11173/2895/6067 11174/2897/6068 11172/2896/6066
f 11173/2895/6069 11175/2898/6070 11174/2897/6070
f 11177/2899/6071 11178/2900/6071 11176/2901/6072
f 11177/2899/6071 11179/2902/6071 11178/2900/6071
f 11181/2903/6073 11182/2904/6073 11180/2905/6073
f 11181/2903/6073 11183/2906/6073 11182/2904/6073
f 11185/2907/6074 11186/2908/6075 11184/2909/6076
f 11185/2907/6077 11187/2910/6075 11186/2908/6075
f 11189/2911/6078 11190/2912/6078 11188/2913/6078
f 11189/2911/6078 11191/2914/6078 11190/2912/6078
f 11193/2915/6079 11194/2916/6079 11192/2917/6079
f 11193/2915/6079 11195/2918/6079 11194/2916/6079
f 11197/2919/6080 11198/2920/6080 11196/2921/6080
f 11197/2919/6080 11199/2922/6080 11198/2920/6080
f 11201/2923/6081 11202/2924/6081 11200/2925/6081
f 11201/2923/6081 11203/2926/6081 11202/2924/6081
f 11205/2927/278 11206/2928/278 11204/2929/278
f 11205/2927/278 11207/2930/278 11206/2928/278
f 11209/2931/278 11210/2932/278 11208/2933/278
f 11129/2857/278 11211/2934/278 11127/2858/278
f 11207/2930/278 11212/2935/278 11206/2928/278
f 11213/2936/278 11129/2857/278 11128/2856/278
f 11215/2876/6082 11216/2937/6083 11214/2938/6084
f 11215/2876/6082 11217/2873/6085 11216/2937/6083
f 11218/2939/278 11219/2940/278 11209/2931/278
f 11221/2941/6086 11222/2881/6087 11220/2883/6088
f 11221/2941/6086 11223/2942/6086 11222/2881/6048
f 11224/2943/278 11208/2933/278 11212/2935/278
f 11224/2943/278 11209/2931/278 11208/2933/278
f 11226/2944/6089 11227/2907/6090 11225/2909/6076
f 11226/2944/6089 11228/2945/6091 11227/2907/6090
f 11230/2946/278 11231/2947/278 11229/2948/278
f 11233/2949/278 11065/2802/278 11232/2950/278
f 11234/2951/278 11206/2928/278 11212/2935/278
f 11208/2933/278 11234/2951/278 11212/2935/278
f 11236/2944/6092 11237/2874/6043 11235/2945/6093
f 11236/2944/6092 11238/2875/6094 11237/2874/6095
f 11134/2862/278 11239/2952/278 11135/2863/278
f 11134/2862/278 11229/2948/278 11239/2952/278
f 11241/2890/6096 11242/2953/6097 11240/2954/6097
f 11241/2890/6098 11243/2889/6099 11242/2953/6097
f 11245/2955/6100 11246/2956/6100 11244/2957/6100
f 11245/2955/6100 11247/2958/6100 11246/2956/6100
f 11249/2959/278 11132/2861/278 11248/2960/278
f 11251/2961/6101 11252/2962/6101 11250/2963/6101
f 11251/2961/6101 11253/2964/6101 11252/2962/6101
f 11255/2965/6102 11256/2819/6025 11254/2966/6102
f 11255/2965/6103 11257/2820/6104 11256/2819/6025
f 11231/2947/278 11230/2946/278 11258/2967/278
f 11232/2950/278 11259/2968/278 11233/2949/278
f 11261/2969/278 11262/2970/278 11260/2971/278
f 11261/2969/278 11263/2972/278 11262/2970/278
f 11265/2973/6105 11266/2974/6106 11264/2975/6106
f 11265/2973/6105 11267/2976/6107 11266/2974/6106
f 11269/2973/6108 11270/2977/6109 11268/2976/6110
f 11269/2973/6108 11271/2978/6109 11270/2977/6109
f 11105/2840/278 11078/2812/278 11272/2979/278
f 11071/2807/278 11079/2813/278 11072/2808/278
f 11209/2931/278 11219/2940/278 11210/2932/278
f 11213/2936/278 11133/2864/278 11135/2863/278
f 11273/2980/278 11079/2813/278 11071/2807/278
f 11273/2980/278 11077/2814/278 11079/2813/278
f 11134/2862/278 11230/2946/278 11229/2948/278
f 11134/2862/278 10975/2725/278 11230/2946/278
f 10974/2724/278 11274/2981/278 10975/2725/278
f 10973/2726/278 11133/2864/278 11213/2936/278
f 10973/2726/278 11213/2936/278 11128/2856/278
f 11072/2808/278 10974/2724/278 11070/2809/278
f 10974/2724/278 10971/2721/278 11070/2809/278
f 10974/2724/278 11097/2832/278 10971/2721/278
f 10974/2724/278 11098/2830/278 11097/2832/278
f 10973/2726/278 11128/2856/278 11098/2830/278
f 10974/2724/278 10973/2726/278 11098/2830/278
f 11275/2982/278 11276/2983/278 11211/2934/278
f 11276/2983/278 11261/2969/278 11211/2934/278
f 11258/2967/278 11277/2984/278 11249/2959/278
f 11258/2967/278 11249/2959/278 11231/2947/278
f 11088/2823/278 11090/2822/278 11278/2985/278
f 11122/2850/278 11088/2823/278 11121/2851/278
f 10945/2702/1272 11280/2986/1272 11279/2987/1272
f 10945/2702/1272 11281/2988/1272 11280/2986/1272
f 10859/2619/5911 11283/2989/6111 11282/2990/6112
f 10859/2619/5911 10852/2612/5907 11283/2989/6111
f 11285/2991/6113 11286/2992/6113 11284/2993/6113
f 11285/2991/6113 11287/2994/6113 11286/2992/6113
f 10965/2716/1272 11289/2995/1272 11288/2996/1272
f 11291/2997/6114 11292/2998/6114 11290/2999/6114
f 11291/2997/6114 11293/3000/6114 11292/2998/6114
f 11294/3001/6115 11282/2990/6112 11283/2989/6111
f 11296/3002/6116 11297/3003/6117 11295/3004/6118
f 11298/3005/6119 11297/3003/6119 11296/3002/6120
f 10966/2717/1272 11299/3006/1272 11289/2995/1272
f 11300/3007/1272 10855/2618/1272 11299/3006/1272
f 10965/2716/1272 10966/2717/1272 11289/2995/1272
f 11296/3002/6120 10851/2611/5906 10854/2614/5909
f 11296/3002/6120 11295/3004/6118 10851/2611/6121
f 11302/3008/6122 11303/3009/6122 11301/3010/6122
f 11302/3008/6122 11304/3011/6122 11303/3009/6122
f 11279/2987/1272 10849/2609/1272 10945/2702/1272
f 11078/2812/278 11305/3012/278 11272/2979/278
f 11272/2979/278 11106/2838/278 11105/2840/278
f 11088/2823/278 11278/2985/278 11121/2851/278
f 11300/3007/1272 11280/2986/1272 10855/2618/1272
f 11280/2986/1272 11281/2988/1272 10856/2616/1272
f 11280/2986/1272 10856/2616/1272 10855/2618/1272
f 10966/2717/1272 11300/3007/1272 11299/3006/1272
f 10947/2704/1272 10846/2606/1272 10847/2608/1272
f 10851/2611/5906 11295/3004/6118 10852/2612/5907
f 10858/2621/6123 10850/2613/5908 10852/2612/5950
f 11204/2929/278 11259/2968/278 11205/2927/278
f 11232/2950/278 11205/2927/278 11259/2968/278
f 11092/2824/278 11065/2802/278 11233/2949/278
f 11092/2824/278 11064/2800/278 11065/2802/278
f 10979/2729/278 11063/2799/278 11062/2801/278
f 11138/2866/278 11063/2799/278 10979/2729/278
f 11062/2801/278 11306/3013/278 10981/2732/278
f 11062/2801/278 10981/2732/278 10979/2729/278
f 11139/2868/278 11307/3014/278 11063/2799/278
f 11138/2866/278 11139/2868/278 11063/2799/278
f 11211/2934/278 11129/2857/278 11275/2982/278
f 11067/2803/278 11308/3015/278 11069/2806/278
f 11308/3015/278 11067/2803/278 11309/3016/278
f 11308/3015/278 11309/3016/278 11090/2822/278
f 11089/2821/278 11308/3015/278 11090/2822/278
f 11310/3017/278 11263/2972/278 11276/2983/278
f 11310/3017/278 11311/3018/278 11263/2972/278
f 11261/2969/278 11276/2983/278 11263/2972/278
f 11313/3019/278 11314/3020/278 11312/3021/278
f 11313/3019/278 11081/2815/278 11314/3020/278
f 11080/2817/278 10976/2728/278 11314/3020/278
f 11081/2815/278 11080/2817/278 11314/3020/278
f 11080/2817/278 10977/2727/278 10976/2728/278
f 10970/2723/278 10972/2722/278 10976/2728/278
f 11249/2959/278 11277/2984/278 11131/2860/278
f 10968/2718/1344 11315/3022/1344 10969/2719/1344
f 10772/2537/1344 10774/2536/1344 10913/2676/1344
f 10915/2675/1344 10772/2537/1344 10913/2676/1344
f 10914/2674/1344 10918/2680/1344 10915/2675/1344
f 10918/2680/1344 10919/2679/1344 10915/2675/1344
f 10944/2701/1344 11316/3023/1344 10956/2713/1344
f 10944/2701/1344 10967/2720/1344 11316/3023/1344
f 11317/3024/1344 11318/3025/1344 11316/3023/1344
f 11316/3023/1344 10969/2719/1344 11317/3024/1344
f 11316/3023/1344 10967/2720/1344 10969/2719/1344
f 11134/2862/278 11130/2859/278 10975/2725/278
f 11249/2959/278 11131/2860/278 11132/2861/278
f 10782/2544/1344 10834/2597/1344 10836/2596/1344
f 10836/2596/1344 10780/2545/1344 10782/2544/1344
f 10836/2596/1344 10919/2679/1344 10780/2545/1344
f 11077/2814/278 11305/3012/278 11078/2812/278
f 10975/2725/278 11274/2981/278 11079/2813/278
f 11120/2849/278 11121/2851/278 11091/2825/278
f 11320/3026/141 11321/3027/141 11319/3028/141
f 11323/3029/141 11324/3030/141 11322/3031/141
f 11325/3032/141 11323/3029/141 11322/3031/141
f 11320/3026/141 11322/3031/141 11321/3027/141
f 11320/3026/141 11325/3032/141 11322/3031/141
f 11327/2532/1223 11328/2531/1223 11326/2533/1223
f 11327/2532/1223 11329/2534/1223 11328/2531/1223
f 11331/2535/1074 11332/2536/1074 11330/2538/1074
f 11331/2535/1074 11333/2537/1074 11332/2536/1074
f 11331/2535/1074 11335/2539/1074 11334/2540/1074
f 11331/2535/1074 11330/2538/1074 11335/2539/1074
f 11337/2541/1074 11330/2538/1074 11336/2542/1074
f 11337/2541/1074 11335/2539/1074 11330/2538/1074
f 11339/2544/1074 11340/2543/1074 11338/2545/1074
f 11342/2547/1074 11343/2546/1074 11341/2548/1074
f 11345/2549/6124 11346/2550/6124 11344/2552/6124
f 11345/2549/6125 11347/2551/6125 11346/2550/6125
f 11349/2553/6126 11350/2554/6127 11348/2556/6128
f 11349/2553/6126 11351/2555/6126 11350/2554/6127
f 11353/2557/6129 11354/2558/6130 11352/2560/6131
f 11353/2557/6129 11355/2559/6132 11354/2558/6130
f 11357/2561/5403 11358/2560/6133 11356/2558/6130
f 11357/2561/5403 11359/2562/5403 11358/2560/6133
f 11361/2564/6134 11362/2563/6135 11360/2565/6135
f 11361/2564/6135 11363/2566/6135 11362/2563/6134
f 11365/2568/6136 11366/2567/6137 11364/2569/6136
f 11365/2568/6137 11367/2570/6137 11366/2567/6137
f 11369/2572/6138 11370/2571/6138 11368/2573/6138
f 11369/2572/6138 11371/2574/6138 11370/2571/6138
f 11373/2576/6139 11374/2575/6139 11372/2577/6139
f 11373/2576/6140 11375/2578/6140 11374/2575/6140
f 11377/2580/6141 11378/2579/6141 11376/2581/6141
f 11377/2580/6141 11379/2582/6141 11378/2579/6141
f 11381/2584/6142 11382/2583/6142 11380/2585/6142
f 11381/2584/6142 11383/2586/6142 11382/2583/6143
f 11385/2587/6144 11386/2588/6144 11384/2590/6144
f 11385/2587/6145 11387/2589/6145 11386/2588/6145
f 11389/2591/6146 11390/2592/6147 11388/2594/6146
f 11389/2591/6148 11391/2593/6149 11390/2592/6150
f 11393/2596/1074 11394/2595/1074 11392/2597/1074
f 11393/2596/1074 11395/2598/1074 11394/2595/1074
f 11397/2600/1223 11398/2599/1223 11396/2601/1223
f 11397/2600/1223 11399/2602/1223 11398/2599/1223
f 11401/2604/1272 11402/2603/1272 11400/2605/1272
f 11404/2606/1272 11402/2603/1272 11403/2607/1272
f 11404/2606/1272 11405/2608/1272 11402/2603/1272
f 11403/2607/1272 11407/2609/1272 11406/2610/1272
f 11409/2612/6151 11410/2611/6152 11408/2613/6153
f 11410/2611/6152 11412/2614/6154 11411/2615/6155
f 11414/2617/1272 11415/2616/1272 11413/2618/1272
f 11417/2620/5912 11418/2619/6156 11416/2621/6157
f 11420/2622/6158 11421/2623/6159 11419/2625/6160
f 11420/2622/6161 11422/2624/6159 11421/2623/6162
f 11424/2626/6163 11425/2627/6164 11423/2629/6164
f 11424/2626/6163 11426/2628/6163 11425/2627/6163
f 11428/2631/6165 11429/2630/6166 11427/2632/6165
f 11428/2631/6167 11430/2633/6168 11429/2630/6166
f 11432/2635/6169 11433/2634/6169 11431/2636/6169
f 11432/2635/6169 11434/2637/6169 11433/2634/6169
f 11436/2639/6170 11437/2638/6170 11435/2640/6170
f 11436/2639/6171 11438/2641/6171 11437/2638/6171
f 11440/2643/6172 11441/2642/6172 11439/2644/6172
f 11440/2643/6173 11442/2645/6173 11441/2642/6173
f 11444/2647/6174 11445/2646/6174 11443/2648/6174
f 11444/2647/6174 11446/2649/6174 11445/2646/6174
f 11448/2651/6175 11449/2650/6175 11447/2652/6175
f 11448/2651/6175 11450/2653/6175 11449/2650/6175
f 11452/2654/6176 11453/2655/6176 11451/2657/6176
f 11452/2654/6176 11454/2656/6176 11453/2655/6176
f 11456/2659/6177 11457/2658/6177 11455/2660/6177
f 11456/2659/6178 11458/2661/6178 11457/2658/6178
f 11460/2663/6179 11461/2662/6179 11459/2664/6180
f 11460/2663/6179 11462/2665/6181 11461/2662/6179
f 11464/2667/6182 11465/2666/6182 11463/2668/6182
f 11464/2667/6182 11466/2669/6182 11465/2666/6182
f 11468/2671/6183 11469/2670/6183 11467/2672/6183
f 11468/2671/6184 11470/2673/6184 11469/2670/6184
f 11472/2675/1074 11473/2674/1074 11471/2676/1074
f 11474/2677/1074 11475/2678/1074 11334/2540/1074
f 11474/2677/1074 11394/2595/1074 11475/2678/1074
f 11477/2679/1074 11338/2545/1074 11476/2680/1074
f 11479/2682/1074 11480/2681/1074 11478/2683/1074
f 11482/2592/6185 11483/2684/6186 11481/2685/6187
f 11482/2592/6147 11484/2593/6188 11483/2684/6186
f 11486/2686/6189 11487/2687/6189 11485/2689/6189
f 11486/2686/6189 11488/2688/6189 11487/2687/6189
f 11490/2691/1074 11491/2690/1074 11489/2692/1074
f 11490/2691/1074 11492/2693/1074 11491/2690/1074
f 11394/2595/1074 11395/2598/1074 11475/2678/1074
f 11494/2630/6190 11495/2694/6191 11493/2695/6191
f 11494/2630/6190 11496/2633/6192 11495/2694/6191
f 11498/2696/6193 11499/2697/6193 11497/2699/6193
f 11498/2696/6193 11500/2698/6193 11499/2697/6193
f 11416/2621/6194 11418/2619/6156 11409/2612/6151
f 11403/2607/1272 11406/2610/1272 11404/2606/1272
f 11501/2700/1074 11471/2676/1074 11473/2674/1074
f 11343/2546/1074 11479/2682/1074 11478/2683/1074
f 11343/2546/1074 11502/2701/1074 11479/2682/1074
f 11407/2609/1272 11503/2702/1272 11406/2610/1272
f 11504/2704/1272 11505/2703/1272 11405/2608/1272
f 11507/2706/6195 11508/2705/6195 11506/2707/6195
f 11507/2706/6196 11509/2708/6196 11508/2705/6196
f 11511/2710/1344 11512/2709/1344 11510/2711/1344
f 11511/2710/1344 11513/2712/1344 11512/2709/1344
f 11514/2713/1074 11343/2546/1074 11342/2547/1074
f 11514/2713/1074 11502/2701/1074 11343/2546/1074
f 11516/2554/6197 11517/2557/6198 11515/2556/6199
f 11516/2554/6197 11518/2559/6200 11517/2557/6201
f 11520/2622/6202 11521/2714/6203 11519/2715/6203
f 11520/2622/6202 11522/2625/6204 11521/2714/6205
f 11400/2605/1272 11402/2603/1272 11405/2608/1272
f 11523/2716/1272 11401/2604/1272 11400/2605/1272
f 11523/2716/1272 11524/2717/1272 11401/2604/1272
f 11474/2677/1074 11334/2540/1074 11335/2539/1074
f 11526/2719/1074 11527/2718/1074 11525/2720/1074
f 11529/2722/278 11530/2721/278 11528/2723/278
f 11532/2725/278 11533/2724/278 11531/2726/278
f 11528/2723/278 11535/2727/278 11534/2728/278
f 11537/2730/278 11538/2729/278 11536/2731/278
f 11537/2730/278 11539/2732/278 11538/2729/278
f 11541/2733/278 11542/2734/278 11540/2736/278
f 11541/2733/278 11543/2735/278 11542/2734/278
f 11545/2738/6206 11546/2737/6207 11544/2739/6208
f 11545/2738/6206 11547/2740/6209 11546/2737/6207
f 11549/2737/6210 11550/2741/6211 11548/2739/6212
f 11549/2737/6210 11551/2742/6213 11550/2741/6214
f 11553/2741/6211 11554/2743/6215 11552/2744/6216
f 11553/2741/6211 11555/2742/6217 11554/2743/6215
f 11557/2744/6218 11558/2745/6219 11556/2746/6219
f 11557/2744/6218 11559/2743/6220 11558/2745/6221
f 11561/2748/6222 11562/2747/6222 11560/2749/6222
f 11561/2748/6222 11563/2750/6222 11562/2747/6222
f 11565/2751/6223 11566/2752/6224 11564/2754/6223
f 11565/2751/6223 11567/2753/6225 11566/2752/6226
f 11569/2756/6227 11570/2755/6228 11568/2757/6229
f 11569/2756/6227 11571/2758/6228 11570/2755/6228
f 11573/2756/6230 11574/2759/6231 11572/2760/6232
f 11573/2756/6230 11575/2757/6233 11574/2759/6231
f 11577/2762/6234 11578/2761/6235 11576/2763/6236
f 11577/2762/6234 11579/2764/6234 11578/2761/6235
f 11581/2763/6237 11582/2765/6238 11580/2766/6239
f 11581/2763/6237 11583/2761/6240 11582/2765/6238
f 11585/2767/6241 11586/2765/6242 11584/2768/6241
f 11585/2767/6243 11587/2766/6244 11586/2765/6245
f 11589/2769/6246 11590/2770/6247 11588/2772/6246
f 11589/2769/6248 11591/2771/6248 11590/2770/6248
f 11593/2773/6249 11594/2774/6249 11592/2776/6249
f 11593/2773/6249 11595/2775/6249 11594/2774/6249
f 11597/2778/6250 11598/2777/6251 11596/2779/6252
f 11597/2778/6250 11599/2780/6251 11598/2777/6251
f 11601/2738/6253 11602/2781/6254 11600/2740/6209
f 11601/2738/6255 11603/2782/6256 11602/2781/6256
f 11605/2783/6257 11606/2784/6257 11604/2786/6257
f 11605/2783/6257 11607/2785/6257 11606/2784/6257
f 11609/2788/6258 11610/2787/6258 11608/2789/6258
f 11609/2788/6258 11611/2790/6258 11610/2787/6258
f 11613/2791/6259 11614/2792/6259 11612/2794/6259
f 11613/2791/6259 11615/2793/6259 11614/2792/6259
f 11617/2795/6260 11618/2796/6260 11616/2798/6260
f 11617/2795/6261 11619/2797/6261 11618/2796/6261
f 11621/2800/278 11622/2799/278 11620/2801/278
f 11621/2800/278 11623/2802/278 11622/2799/278
f 11625/2804/278 11626/2803/278 11624/2805/278
f 11625/2804/278 11627/2806/278 11626/2803/278
f 11629/2808/278 11630/2807/278 11628/2809/278
f 11628/2809/278 11528/2723/278 11530/2721/278
f 11632/2752/6226 11633/2810/6262 11631/2811/6262
f 11632/2752/6263 11634/2753/6264 11633/2810/6262
f 11635/2812/278 11636/2813/278 11532/2725/278
f 11635/2812/278 11637/2814/278 11636/2813/278
f 11639/2816/278 11640/2815/278 11638/2817/278
f 11639/2816/278 11641/2818/278 11640/2815/278
f 11643/2779/6265 11644/2819/6266 11642/2778/6267
f 11643/2779/6265 11645/2820/6268 11644/2819/6269
f 11647/2822/278 11648/2821/278 11646/2823/278
f 11650/2824/278 11621/2800/278 11649/2825/278
f 11652/2826/6270 11653/2827/6270 11651/2829/6270
f 11652/2826/6270 11654/2828/6270 11653/2827/6270
f 11656/2831/278 11657/2830/278 11655/2832/278
f 11656/2831/278 11658/2833/278 11657/2830/278
f 11660/2835/6271 11661/2834/6271 11659/2836/6271
f 11660/2835/6271 11662/2837/6271 11661/2834/6271
f 11664/2839/278 11665/2838/278 11663/2840/278
f 11667/2841/6272 11668/2760/6273 11666/2759/6274
f 11667/2841/6272 11669/2842/6272 11668/2760/6275
f 11671/2843/6276 11672/2844/6277 11670/2846/6277
f 11671/2843/6276 11673/2845/6278 11672/2844/6277
f 11675/2847/6279 11676/2843/6280 11674/2848/6279
f 11675/2847/6281 11677/2845/6282 11676/2843/6280
f 11649/2825/278 11678/2849/278 11650/2824/278
f 11680/2850/278 11678/2849/278 11679/2851/278
f 11682/2853/6283 11683/2852/6283 11681/2854/6283
f 11682/2853/6283 11684/2855/6283 11683/2852/6283
f 11686/2857/278 11687/2856/278 11685/2858/278
f 11531/2726/278 11688/2859/278 11532/2725/278
f 11664/2839/278 11690/2860/278 11689/2861/278
f 11664/2839/278 11663/2840/278 11690/2860/278
f 11692/2863/278 11693/2862/278 11691/2864/278
f 11695/2866/278 11696/2865/278 11694/2867/278
f 11695/2866/278 11697/2868/278 11696/2865/278
f 11699/2869/278 11700/2870/278 11698/2872/278
f 11699/2869/278 11701/2871/278 11700/2870/278
f 11703/2873/6284 11704/2874/6285 11702/2876/6286
f 11703/2873/6284 11705/2875/6287 11704/2874/6285
f 11707/2877/6288 11708/2878/6288 11706/2880/6288
f 11707/2877/6289 11709/2879/6289 11708/2878/6290
f 11711/2881/6291 11712/2882/6292 11710/2884/6292
f 11711/2881/6293 11713/2883/6294 11712/2882/6295
f 11715/2886/6296 11716/2885/6297 11714/2887/6297
f 11715/2886/6296 11717/2888/6298 11716/2885/6297
f 11719/2886/6299 11720/2889/6300 11718/2888/6301
f 11719/2886/6302 11721/2890/6303 11720/2889/6300
f 11723/2892/6304 11724/2891/6305 11722/2893/6304
f 11723/2892/6304 11725/2894/6306 11724/2891/6307
f 11727/2894/6308 11728/2895/6309 11726/2891/6310
f 11727/2894/6308 11729/2896/6311 11728/2895/6309
f 11731/2897/6312 11732/2895/6313 11730/2896/6314
f 11731/2897/6315 11733/2898/6315 11732/2895/6316
f 11735/2899/6317 11736/2900/6317 11734/2902/6317
f 11735/2899/6318 11737/2901/6318 11736/2900/6317
f 11739/2903/6319 11740/2904/6319 11738/2906/6319
f 11739/2903/6319 11741/2905/6319 11740/2904/6319
f 11743/2907/6320 11744/2908/6321 11742/2910/6321
f 11743/2907/6320 11745/2909/6322 11744/2908/6323
f 11747/2911/6324 11748/2912/6324 11746/2914/6324
f 11747/2911/6324 11749/2913/6324 11748/2912/6324
f 11751/2916/6325 11752/2915/6325 11750/2917/6325
f 11751/2916/6325 11753/2918/6325 11752/2915/6325
f 11755/2919/6326 11756/2920/6326 11754/2922/6326
f 11755/2919/6326 11757/2921/6326 11756/2920/6326
f 11759/2923/6327 11760/2924/6327 11758/2926/6327
f 11759/2923/6327 11761/2925/6327 11760/2924/6327
f 11763/2928/278 11764/2927/278 11762/2929/278
f 11763/2928/278 11765/2930/278 11764/2927/278
f 11767/2932/278 11768/2931/278 11766/2933/278
f 11769/2934/278 11686/2857/278 11685/2858/278
f 11770/2935/278 11765/2930/278 11763/2928/278
f 11686/2857/278 11771/2936/278 11687/2856/278
f 11773/2876/6286 11774/2937/6328 11772/2873/6329
f 11773/2876/6330 11775/2938/6331 11774/2937/6331
f 11776/2940/278 11777/2939/278 11768/2931/278
f 11779/2881/6332 11780/2941/6333 11778/2883/6334
f 11779/2881/6332 11781/2942/6333 11780/2941/6333
f 11782/2943/278 11766/2933/278 11768/2931/278
f 11782/2943/278 11770/2935/278 11766/2933/278
f 11784/2944/6335 11785/2907/6336 11783/2945/6337
f 11784/2944/6335 11786/2909/6322 11785/2907/6336
f 11788/2947/278 11789/2946/278 11787/2948/278
f 11623/2802/278 11791/2949/278 11790/2950/278
f 11763/2928/278 11792/2951/278 11770/2935/278
f 11792/2951/278 11766/2933/278 11770/2935/278
f 11794/2874/6285 11795/2944/6338 11793/2945/6339
f 11794/2874/6340 11796/2875/6341 11795/2944/6342
f 11797/2952/278 11693/2862/278 11692/2863/278
f 11797/2952/278 11787/2948/278 11693/2862/278
f 11799/2890/6343 11800/2953/6344 11798/2889/6345
f 11799/2890/6343 11801/2954/6344 11800/2953/6344
f 11803/2955/6346 11804/2956/6346 11802/2958/6346
f 11803/2955/6346 11805/2957/6346 11804/2956/6346
f 11689/2861/278 11807/2959/278 11806/2960/278
f 11809/2961/6347 11810/2962/6347 11808/2964/6347
f 11809/2961/6347 11811/2963/6347 11810/2962/6347
f 11813/2965/6348 11814/2819/6266 11812/2820/6349
f 11813/2965/6348 11815/2966/6348 11814/2819/6350
f 11789/2946/278 11788/2947/278 11816/2967/278
f 11817/2968/278 11790/2950/278 11791/2949/278
f 11819/2970/278 11820/2969/278 11818/2971/278
f 11819/2970/278 11821/2972/278 11820/2969/278
f 11823/2973/6351 11824/2974/6352 11822/2976/6353
f 11823/2973/6351 11825/2975/6352 11824/2974/6352
f 11827/2977/6354 11828/2973/6355 11826/2976/6356
f 11827/2977/6354 11829/2978/6354 11828/2973/6355
f 11635/2812/278 11663/2840/278 11830/2979/278
f 11636/2813/278 11630/2807/278 11629/2808/278
f 11776/2940/278 11768/2931/278 11767/2932/278
f 11691/2864/278 11771/2936/278 11692/2863/278
f 11636/2813/278 11831/2980/278 11630/2807/278
f 11636/2813/278 11637/2814/278 11831/2980/278
f 11693/2862/278 11789/2946/278 11532/2725/278
f 11693/2862/278 11787/2948/278 11789/2946/278
f 11832/2981/278 11533/2724/278 11532/2725/278
f 11691/2864/278 11531/2726/278 11771/2936/278
f 11771/2936/278 11531/2726/278 11687/2856/278
f 11533/2724/278 11629/2808/278 11628/2809/278
f 11530/2721/278 11533/2724/278 11628/2809/278
f 11655/2832/278 11533/2724/278 11530/2721/278
f 11657/2830/278 11533/2724/278 11655/2832/278
f 11687/2856/278 11531/2726/278 11657/2830/278
f 11531/2726/278 11533/2724/278 11657/2830/278
f 11833/2983/278 11834/2982/278 11769/2934/278
f 11820/2969/278 11833/2983/278 11769/2934/278
f 11835/2984/278 11816/2967/278 11807/2959/278
f 11807/2959/278 11816/2967/278 11788/2947/278
f 11647/2822/278 11646/2823/278 11836/2985/278
f 11646/2823/278 11680/2850/278 11679/2851/278
f 11838/2986/1272 11503/2702/1272 11837/2987/1272
f 11838/2986/1272 11839/2988/1272 11503/2702/1272
f 11841/2989/6357 11418/2619/6156 11840/2990/6358
f 11841/2989/6357 11409/2612/6359 11418/2619/6156
f 11843/2991/6360 11844/2992/6360 11842/2994/6360
f 11843/2991/6360 11845/2993/6360 11844/2992/6360
f 11847/2995/1272 11523/2716/1272 11846/2996/1272
f 11849/2997/6361 11850/2998/6361 11848/3000/6361
f 11849/2997/6362 11851/2999/6362 11850/2998/6362
f 11840/2990/6358 11852/3001/6363 11841/2989/6357
f 11854/3003/6364 11855/3002/6365 11853/3004/6366
f 11854/3003/6367 11856/3005/6367 11855/3002/6368
f 11857/3006/1272 11524/2717/1272 11847/2995/1272
f 11413/2618/1272 11858/3007/1272 11857/3006/1272
f 11524/2717/1272 11523/2716/1272 11847/2995/1272
f 11855/3002/6369 11410/2611/6370 11853/3004/6366
f 11855/3002/6369 11412/2614/6154 11410/2611/6152
f 11860/3008/6371 11861/3009/6371 11859/3011/6371
f 11860/3008/6371 11862/3010/6371 11861/3009/6371
f 11407/2609/1272 11837/2987/1272 11503/2702/1272
f 11863/3012/278 11635/2812/278 11830/2979/278
f 11665/2838/278 11830/2979/278 11663/2840/278
f 11836/2985/278 11646/2823/278 11679/2851/278
f 11838/2986/1272 11858/3007/1272 11413/2618/1272
f 11839/2988/1272 11838/2986/1272 11415/2616/1272
f 11415/2616/1272 11838/2986/1272 11413/2618/1272
f 11858/3007/1272 11524/2717/1272 11857/3006/1272
f 11404/2606/1272 11504/2704/1272 11405/2608/1272
f 11853/3004/6366 11410/2611/6152 11409/2612/6359
f 11408/2613/6372 11416/2621/6373 11409/2612/6151
f 11817/2968/278 11762/2929/278 11764/2927/278
f 11764/2927/278 11790/2950/278 11817/2968/278
f 11623/2802/278 11650/2824/278 11791/2949/278
f 11623/2802/278 11621/2800/278 11650/2824/278
f 11622/2799/278 11538/2729/278 11620/2801/278
f 11695/2866/278 11538/2729/278 11622/2799/278
f 11864/3013/278 11620/2801/278 11539/2732/278
f 11539/2732/278 11620/2801/278 11538/2729/278
f 11865/3014/278 11697/2868/278 11622/2799/278
f 11697/2868/278 11695/2866/278 11622/2799/278
f 11686/2857/278 11769/2934/278 11834/2982/278
f 11866/3015/278 11626/2803/278 11627/2806/278
f 11626/2803/278 11866/3015/278 11867/3016/278
f 11867/3016/278 11866/3015/278 11647/2822/278
f 11866/3015/278 11648/2821/278 11647/2822/278
f 11821/2972/278 11868/3017/278 11833/2983/278
f 11821/2972/278 11869/3018/278 11868/3017/278
f 11833/2983/278 11820/2969/278 11821/2972/278
f 11871/3020/278 11872/3019/278 11870/3021/278
f 11871/3020/278 11640/2815/278 11872/3019/278
f 11534/2728/278 11638/2817/278 11871/3020/278
f 11638/2817/278 11640/2815/278 11871/3020/278
f 11535/2727/278 11638/2817/278 11534/2728/278
f 11529/2722/278 11528/2723/278 11534/2728/278
f 11835/2984/278 11807/2959/278 11690/2860/278
f 11873/3022/1074 11527/2718/1074 11526/2719/1074
f 11332/2536/1074 11333/2537/1074 11471/2676/1074
f 11333/2537/1074 11472/2675/1074 11471/2676/1074
f 11476/2680/1074 11473/2674/1074 11472/2675/1074
f 11477/2679/1074 11476/2680/1074 11472/2675/1074
f 11874/3023/1074 11502/2701/1074 11514/2713/1074
f 11874/3023/1074 11525/2720/1074 11502/2701/1074
f 11875/3025/1074 11876/3024/1074 11874/3023/1074
f 11526/2719/1074 11874/3023/1074 11876/3024/1074
f 11526/2719/1074 11525/2720/1074 11874/3023/1074
f 11688/2859/278 11693/2862/278 11532/2725/278
f 11690/2860/278 11807/2959/278 11689/2861/278
f 11392/2597/1074 11339/2544/1074 11393/2596/1074
f 11393/2596/1074 11338/2545/1074 11477/2679/1074
f 11393/2596/1074 11339/2544/1074 11338/2545/1074
f 11863/3012/278 11637/2814/278 11635/2812/278
f 11832/2981/278 11532/2725/278 11636/2813/278
f 11679/2851/278 11678/2849/278 11649/2825/278
f 11878/3027/141 11879/3026/141 11877/3028/141
f 11881/3030/141 11882/3029/141 11880/3031/141
f 11882/3029/141 11883/3032/141 11880/3031/141
f 11880/3031/141 11879/3026/141 11878/3027/141
f 11883/3032/141 11879/3026/141 11880/3031/141
